corpus,target_index,M0,M0_seed2026,M0_seed7,M0_seed13,M1D,M1D_seed2026,M1D_seed7,M1D_seed13,M1R,M1R_seed2026,M1R_seed7,M1R_seed13,M1,M1_seed2026,M1_seed7,M1_seed13,M2,M2_seed2026,M2_seed7,M2_seed13
open,0,0.8339601167642431,0.8338170801742107,0.8349397867584906,0.833123483360028,0.865403514427285,0.8623450606257343,0.8664794062867189,0.8673860763694017,0.8882969701244683,0.8873772556451516,0.8856994886037136,0.8918141661245393,0.8900420974638826,0.8931652127307829,0.8889069490807233,0.8880541305801416,0.8905341576862357,0.8904393810535357,0.888734303963611,0.8924287880415602
open,1,0.6462116362180176,0.6433583754994284,0.6459653261359596,0.6493112070186648,0.7098461556986922,0.7060221368236753,0.7117342643468776,0.7117820659255237,0.7284325265810923,0.7221360472508616,0.7338095634376371,0.7293519690547781,0.7494844454743103,0.7519828030381009,0.7441749047005902,0.7522956286842395,0.7511684335234906,0.7544400097225509,0.7455347585498847,0.7535305322980362
open,2,0.446435008242942,0.445776875092797,0.44665838426430654,0.44686976537172257,0.49168396074442966,0.505215695077187,0.4776709230358632,0.4921652641202387,0.5100131662269648,0.5210322633482911,0.5113323943422735,0.49767484099032994,0.5909867266974919,0.5970930467360647,0.5817971333422274,0.5940700000141836,0.6044171266767283,0.6011886857805397,0.6009196996655047,0.6111429945841405
open,3,0.36170268607305056,0.36210277694201565,0.35808856993454274,0.36491671134259324,0.4275091724721803,0.429783257506637,0.42195531982468204,0.4307889400852219,0.44321752573908474,0.42544507960847877,0.457727373163147,0.44648012444562846,0.4868460569298902,0.4835026813163904,0.4811070124383054,0.49592847703497484,0.48232606479328144,0.4768971669458371,0.49546060426554467,0.47462042316846265
open,4,0.2630705686740711,0.26331750272368,0.26088560948117767,0.26500859381735564,0.3640792482302857,0.3554563641028407,0.361576158125577,0.3752052224624393,0.37385984771613123,0.380671879286659,0.38800564837085166,0.3529020154908831,0.4097356629436583,0.41941037651135066,0.4230556547599068,0.38674095755971744,0.40482930481772605,0.43585473798838786,0.37997899277618197,0.39865418368860844
open,5,0.5397964601511843,0.5389966064833803,0.5315474120875375,0.5488453618826352,0.5599021772067662,0.5645144151685425,0.5689550438027652,0.5462370726489907,0.5328702461376968,0.5375023224173792,0.5326667339246295,0.5284416820710818,0.5621854174203077,0.5610719411748523,0.5414155776978878,0.5840687333881829,0.568857462013549,0.573061458574713,0.5950461660021131,0.5384647614638206
open,6,0.25210419830608194,0.24617854059225502,0.25431916498082474,0.2558148893451661,0.24379637006562616,0.24879736644841427,0.2417561347520438,0.2408356089964204,0.2672363472356712,0.271911278328459,0.2625732020233422,0.26722456135521233,0.2903377549307583,0.3001804950868195,0.2606168731488198,0.3102158965566356,0.28189590862038744,0.27415335250172995,0.28756337222207856,0.2839710011373538
open,7,0.1870410864118082,0.1849269748738171,0.19207590443073352,0.18412037993087402,0.220717774768344,0.22277096946969357,0.22417305188128442,0.21520930295405402,0.23271770883325846,0.23445094121764598,0.24961359946963949,0.21408858581248985,0.2079956353428841,0.2079471126915604,0.2169621320418803,0.19907766129521154,0.21903461007295774,0.19058426277252968,0.24397596628947674,0.22254360115686683
open,8,0.43506998771019667,0.4293300323274432,0.4414139024026862,0.43446602840046056,0.5131033307030669,0.5074775599839473,0.5076242063268195,0.524208225798434,0.53111240475043,0.5239559297710984,0.5417939237752528,0.5275873607049388,0.5555579601585752,0.5789652121961657,0.5506234488642519,0.5370852194153078,0.5866138562873645,0.5863336676035447,0.595553036198005,0.5779548650605438
open,9,0.2556093025559127,0.2518177604436688,0.2582351896269869,0.2567749575970824,0.3452226073607345,0.3499325559997144,0.3322087526750159,0.3535265134074732,0.34793002234038584,0.3467198803390547,0.3507811188870409,0.34628906779506186,0.37525138475883363,0.3660694257535247,0.3808908559148886,0.37879387260808745,0.37747984467934975,0.3793625024976895,0.3883270086954473,0.3647500228449125
open,10,0.5548815925467877,0.5558137237555376,0.5603240663551069,0.5485069875297185,0.6133206366918278,0.626976126283444,0.5894570960362568,0.6235286877557826,0.6369387276501174,0.6303588612692649,0.6300286743207899,0.6504286473602976,0.6398117959563643,0.6731569395046766,0.6083596470207746,0.6379188013436417,0.7061025515853924,0.6981297182705307,0.690839496931618,0.7293384395540281
open,11,0.16478658301459484,0.164353978351616,0.16017197467189453,0.16983379602027404,0.1799766217320267,0.17766025484818404,0.17307203701684143,0.18919757333105464,0.1709970767852426,0.17418887468927835,0.16623357813785558,0.17256877752859393,0.16616359355253327,0.15169877059019854,0.16366760559670426,0.183124404470697,0.1631737342426938,0.16824987567571828,0.1613097971934985,0.15996152985886464
open,12,0.2151918926954742,0.22187398110295264,0.2189997489784357,0.20470194800503422,0.28399113860607145,0.25025241923010827,0.31706775099588874,0.28465324559221744,0.23103743803187463,0.21294824376793253,0.22249070556509887,0.2576733647625925,0.27298550232839197,0.2965513609487299,0.2693435780915677,0.2530615679448783,0.29655876306402257,0.3105324874249211,0.3266342853718958,0.25250951639525093
open,13,0.2205846473753651,0.2204543287590893,0.2200801718544674,0.2212194415125386,0.2189964249974977,0.24642571682471973,0.19836812005644705,0.21219543811132627,0.27763763455337137,0.3019711904918673,0.2778681932406624,0.2530735199275844,0.20357411935066008,0.2201995303813227,0.16864105901431772,0.2218817686563399,0.1775513872578572,0.1734101154640177,0.19932094132052647,0.1599231049890274
open,14,0.45143894105959365,0.45068139063258367,0.44951380987859263,0.4541216226676046,0.5306572310134178,0.5347907050571983,0.5079629142327841,0.5492180737502711,0.5422186510796446,0.5407400928608792,0.5367236195793877,0.549192240798667,0.5516191262083249,0.5467039818681213,0.5584369892233594,0.5497164075334939,0.5373180216424616,0.5448538714195645,0.5447594986633285,0.5223406948444915
open,15,0.13974511837123452,0.13669775661202727,0.13928044666788633,0.14325715183378998,0.172457182541588,0.1606408994435889,0.16434867955422136,0.19238196862695384,0.18929034374599477,0.20093002555582443,0.18103623531826893,0.18590477036389094,0.20563073596522272,0.1859400422595209,0.21422195479841186,0.21673021083773533,0.18565806551516054,0.1871701859849676,0.1849214779935026,0.1848825325670115
open,16,0.6613259950247322,0.6526903291970869,0.6698425152761189,0.6614451406009907,0.8090433553323836,0.7992332522176785,0.8029154690181605,0.8249813447613119,0.8255738150365989,0.8392097777393778,0.8091191291705252,0.8283925381998933,0.8164651996711343,0.8031893746935844,0.8313432847455615,0.8148629395742568,0.8284398453655616,0.8362125778482431,0.8325961819732258,0.8165107762752158
open,17,0.6454276803485139,0.6383298618924605,0.656767474193986,0.6411857049590954,0.644585226434186,0.6345981826799733,0.5611490454613789,0.738008451161206,0.5735402675631788,0.5729829800734652,0.5494532667529636,0.5981845558631077,0.6786621126600808,0.7192923543311759,0.6902135742366793,0.6264804094123873,0.7309039598991426,0.7405474676810673,0.7274481181424021,0.7247162938739582
open,18,0.10811093364398104,0.1030120726967267,0.11654830550843229,0.1047724227267841,0.1880048800053263,0.21323956080051393,0.17213278519998837,0.17864229401547657,0.21605559652070713,0.23504258198130604,0.20227635891230777,0.21084784866850756,0.2269755840675873,0.21855725515959615,0.2390243745376836,0.2233451225054821,0.23190018029003148,0.25687432219504247,0.2173119815074648,0.22151423716758725
open,19,0.16625999549156043,0.16724624609277186,0.16056755000745557,0.17096619037445387,0.16094698201026497,0.17678619567243795,0.14715003379140784,0.1589047165669491,0.1839855477024215,0.18429607067597734,0.20220787734197715,0.16545269508931004,0.267761608059037,0.31898496383130703,0.23924006735888304,0.24505979298692085,0.29673318577624275,0.33233328254266287,0.28287274103359294,0.27499353375247254
open,20,0.19028167354903758,0.17918483054469195,0.19787515099663053,0.19378503910579029,0.18110268313418676,0.20123374967803462,0.16794013951631512,0.17413416020821054,0.15698933321919925,0.16882711804871647,0.13028783126374247,0.17185305034513873,0.20299605654853337,0.2157808005234972,0.21113905467230007,0.18206831444980276,0.23066532446069396,0.18987020314403483,0.25728928900654185,0.24483648123150517
open,21,0.27138746959631604,0.2677584423475308,0.2687440647166903,0.27765990172472693,0.3151793463319022,0.3196402507007504,0.3048524807777443,0.3210453075172119,0.31833050084873676,0.31584767285896564,0.33658899820037363,0.3025548314868712,0.3099286083565594,0.30881432865244546,0.28888661569489527,0.33208488072233744,0.2993337531765348,0.28375683389510736,0.29697129546308726,0.3172731301714099
open,22,0.07699468827903172,0.07213234908558945,0.08654488212378769,0.07230683362771802,0.10039182019251658,0.09615961477877652,0.10070405951870329,0.10431178628006996,0.12891243951034378,0.13018067405538933,0.1294429793216971,0.1271136651539449,0.11966197627076812,0.11744496195286695,0.11563099495832654,0.12590997190111086,0.14883291755119143,0.15280794869423756,0.12983275798133637,0.16385804597800038
open,23,0.34926882911224455,0.33183799801113306,0.36537904659949866,0.35058944272610193,0.36438600548660666,0.37444498320393677,0.37782571656064473,0.3408873166952386,0.42370116367297356,0.4577213509010645,0.3708694977012624,0.4425126424165938,0.5570186999248451,0.551752825370449,0.5315525554234151,0.5877507189806712,0.556029381881086,0.5308392516851601,0.5274098006504867,0.6098390933076111
open,24,0.03890864308228984,0.0392097585433393,0.037051049202463104,0.040465121501067125,0.06077097498169775,0.07580224017027504,0.04796387684285533,0.05854680793196287,0.06976427981147225,0.06464626920783154,0.08333530175874668,0.061311268467838506,0.07018028668203176,0.061312117359834606,0.07694137974394596,0.07228736294231473,0.0783583904989874,0.06970690318114404,0.07302129052079623,0.09234697779502195
open,25,0.09373350203406362,0.09245243361836254,0.1021131967990116,0.08663487568481677,0.14325432628481286,0.14157624846209566,0.1434066708444646,0.1447800595478783,0.1678642829103871,0.183178526562032,0.17819298278363213,0.14222133938549716,0.16462891280282574,0.14648334001106972,0.1524268253137257,0.1949765730836818,0.19548338657694356,0.1624997477112648,0.23606450137878482,0.18788591064078114
open,26,0.8602637364294224,0.8563491623826551,0.8613979691793746,0.8630440777262376,0.9680181649332972,0.9599922084263861,0.963444778404432,0.9806175079690734,0.9635471304470912,0.966553001456344,0.9649363501752812,0.9591520397096484,0.9691897102552466,0.9730524694662037,0.9695990051039916,0.9649176561955444,0.9739245766131378,0.9786357763831632,0.9736016998638761,0.9695362535923738
open,27,0.18597561343878813,0.192481035506568,0.17818404264173546,0.18726176216806098,0.162669518427344,0.1745871306091171,0.16465431655942506,0.1487671081134899,0.17099710955687908,0.17381900739903008,0.16560307912310912,0.17356924214849798,0.1250497733216545,0.12753060105022135,0.13264434714868753,0.11497437176605467,0.12554733342593385,0.12663850665326024,0.12322039722136054,0.12678309640318075
open,28,0.05622751233459298,0.05658620629816912,0.057121640574587074,0.05497469013102275,0.06529282527282353,0.0629592383638467,0.06294212029027371,0.06997711716435014,0.07280798063394667,0.07056321709404179,0.0722988294396796,0.07556189536811864,0.07569444020282497,0.08186021798174471,0.07517759197496854,0.07004551065176165,0.08420807128023224,0.07876026357823769,0.08480159466577548,0.08906235559668356
open,29,0.05718699396963728,0.05799302841409121,0.055877665650016325,0.05769028784480432,0.07181841595295689,0.06977870925488915,0.06855130078071646,0.07712523782326507,0.0961212958675487,0.0950617794145455,0.10786892493934136,0.08543318324875922,0.11971492575805039,0.1140444083441891,0.11783140533304018,0.1272689635969219,0.11860179812592808,0.11903401544588292,0.11834158020846755,0.11842979872343379
open,30,0.05629849488067476,0.05490767471319618,0.057500986574152105,0.05648682335467601,0.06871300853318542,0.07109278229557962,0.0609337263505629,0.07411251695341373,0.07583215362790628,0.07532632587621359,0.07871597202867511,0.07345416297883015,0.07825570013954955,0.08473915515350894,0.07345667071690676,0.07657127454823295,0.06813819935470707,0.06956346256127384,0.06314148656632368,0.0717096489365237
open,31,0.2281253592035637,0.23449384861975558,0.22002548853526813,0.22985674045566742,0.4465103118130698,0.45704512329986124,0.41141581199206845,0.4710700001472798,0.4411017681712024,0.42942658888056556,0.4395395343641234,0.4543391812689182,0.46643696830774867,0.4443044584487801,0.4615576815678757,0.4934487649065901,0.5355977488081176,0.5196762460138818,0.5678843791532177,0.5192326212572533
open,32,0.10868301232682094,0.1111119074593356,0.11291464140789244,0.10202248811323483,0.2077204707426249,0.22591905401239545,0.20764747059855101,0.18959488761692825,0.2127761117153503,0.22882866974042762,0.20508312958093972,0.2044165358246835,0.19942057611940722,0.18114890186121516,0.20060860188099006,0.21650422461601643,0.20041310448829056,0.2154954806774495,0.21263141665212662,0.1731124161352956
open,33,0.05891364714139241,0.06098093563234311,0.05483755533510882,0.0609224504567253,0.07091066305018832,0.0657341388412483,0.07986878158724237,0.06712906872207432,0.05777879371418682,0.05781206210354793,0.058150528884767336,0.05737379015424521,0.07193686154910232,0.06428064142784087,0.06476468234933194,0.08676526087013414,0.0811174790445028,0.07115391730165924,0.09879477052153561,0.07340374931031357
open,34,0.1620875916465935,0.15708848315088328,0.16744680195058959,0.1617274898383076,0.1734727323807609,0.1807023529935661,0.1638992116827227,0.17581663246599397,0.2384001483968695,0.2254175024115517,0.24332135632742377,0.24646158645163294,0.2496235861070292,0.23958550418256083,0.26124409432064244,0.2480411598178843,0.2555964263808324,0.2570432238977477,0.22870450660603064,0.28104154863871894
open,35,0.2215486497205608,0.2177881932420616,0.22099374295247012,0.2258640129671506,0.1823290402088643,0.18213003996459795,0.17140827644896742,0.1934488042130276,0.18323675048743118,0.1656721275662179,0.1656761461664171,0.21836197772965854,0.21572784484836857,0.24907906527449325,0.20469057459320056,0.1934138946774119,0.23938965155354464,0.2566035268092869,0.21239234020442815,0.24917308764691884
open,36,0.09809168546454623,0.09391006879107912,0.08970953464637076,0.11065545295618887,0.14745630467720613,0.15352893803313802,0.14947381755522832,0.13936615844325212,0.19191436841988632,0.20714329361654457,0.16742033416494245,0.20117947747817197,0.18372879146029705,0.18280457264319655,0.19865225616383492,0.16972954557385964,0.19541134917192607,0.1892541850668042,0.21630552672517625,0.18067433572379776
open,37,0.14164080760507616,0.14160319733905008,0.14197037514192087,0.14134885033425754,0.2146069675965133,0.23291120656503633,0.20080242779867646,0.21010726842582708,0.22031719389766,0.22952965637692174,0.21107134868145694,0.22035057663460128,0.27937245724411186,0.290466374136652,0.2640568966658632,0.28359410092982046,0.2998209180035915,0.3069004836373761,0.2710359841629677,0.3215262862104307
open,38,0.4116707298648979,0.40466371877652907,0.4075925076008928,0.42275596321727194,0.5987245653781917,0.5979505034230228,0.605269512809223,0.5929536799023294,0.5695537164930432,0.5510872748111925,0.5922860427484362,0.5652878319195009,0.51572775406556,0.486797414095403,0.5158078758855705,0.5445779722157067,0.5410852661521889,0.5380477374144653,0.5372792595435862,0.5479288014985151
open,39,0.29959626213137586,0.31308980903053596,0.28288923209239186,0.30280974527119975,0.19767040327603005,0.22900330042873085,0.17077573300416735,0.19323217639519202,0.2138170630811981,0.21623460528315588,0.2503191694200903,0.1748974145403481,0.25853931171633954,0.2854203202517509,0.2559744622345623,0.23422315266270546,0.2647770108956587,0.25400121187539193,0.27254856801745286,0.26778125279413123
open,40,0.25439540975799835,0.2529211267668171,0.254784845307668,0.2554802571995099,0.36825725065164017,0.38339100604735227,0.37759395673139495,0.3437867891761732,0.3513601181079123,0.3347812671053099,0.36560858677511654,0.3536905004433103,0.30074366725195284,0.28468396246627997,0.3148684271129462,0.3026786121766324,0.2920486615951209,0.2882786499563393,0.26500256057268934,0.3228647742563341
open,41,0.15148871828645213,0.1446564699518004,0.150251609723513,0.15955807518404297,0.1553530004801347,0.16209210208407507,0.13801730967675646,0.16594958967957257,0.1716527765985825,0.15533446513451893,0.149300776358047,0.21032308830318155,0.1674817907090512,0.19226317491743689,0.15222677222798958,0.15795542498172704,0.15109766295201763,0.15954678203476302,0.1489435510486956,0.14480265577259419
open,42,0.3108433081552872,0.311397547435177,0.30770352796921646,0.313428849061468,0.45784510906924475,0.46468165126920785,0.46404980466333434,0.4448038712751921,0.4374525427283886,0.399124801004434,0.46096701556051733,0.45226581162021445,0.43761982362444235,0.44971636333492476,0.4147162818969679,0.4484268256414343,0.4756435780119226,0.4702485525499781,0.479834562894456,0.4768476185913337
open,43,0.059948371784824844,0.06490133980084938,0.05945427811691862,0.055489497436706524,0.06176258347034588,0.05814494769801359,0.06327124019984284,0.06387156251318121,0.07249325885612372,0.06121658396416211,0.07052524596367955,0.08573794664052946,0.08981794318530774,0.10494222531559964,0.07004369164966716,0.09446791259065641,0.11779663002510139,0.09808075214967066,0.11161048142188315,0.14369865650375035
open,44,0.27135260073884065,0.27464415683911936,0.2636913108810216,0.2757223344963809,0.3251928348002026,0.3342305501480112,0.31251702819232835,0.32883092606026826,0.3523634956669576,0.36209852803344633,0.35960421990402963,0.33538773906339686,0.3235055224641721,0.2954456718395017,0.338744142823625,0.33632675272938944,0.37221457128116225,0.39647953106135925,0.37611810736199724,0.3440460754201302
open,45,0.7964647647137036,0.7926357784788279,0.8060036576650582,0.7907548579972244,0.9439304514659387,0.9236650426129738,0.9506484089289056,0.9574779028559365,0.9443191344011522,0.9515115913079987,0.9427219693542429,0.9387238425412151,0.958944096489332,0.959689488993922,0.9637960396519349,0.9533467608221392,0.9592961227803913,0.9613176946951726,0.9660271236061496,0.9505435500398518
open,46,0.09806537683617855,0.08974307879232842,0.11292821794580012,0.09152483377040715,0.10509465692960585,0.07012279340504021,0.14637344947180916,0.09878772791196817,0.10905297234267564,0.10320598124403534,0.11083666503393398,0.1131162707500576,0.16424832349614613,0.14737243997015875,0.17114213141857024,0.17423039909970944,0.1779187586276013,0.1670015335101432,0.15735384783163436,0.2094008945410263
open,47,0.09875498394005543,0.10373402071471524,0.10004373924085996,0.09248719186459106,0.08517586874549776,0.06491319105896938,0.09810768732982048,0.09250672784770345,0.09600040972063499,0.08064649019022292,0.07984945368523975,0.12750528528644228,0.183508666282394,0.16211902554010388,0.19888732582999863,0.18951964747707944,0.21015938293866174,0.1480842057425977,0.2252189418582694,0.2571750012151181
open,48,0.20405836768769628,0.1894470891443743,0.22352161560273565,0.19920639831597897,0.24980048175787095,0.26809673679608587,0.24156342306986764,0.23974128540765943,0.2317274047914423,0.24815850209080956,0.21165140505542754,0.23537230722808983,0.26567567954405896,0.25242318464111824,0.28350058385092414,0.2611032701401346,0.2957612319084282,0.3235500054369192,0.28494309343152213,0.27879059685684315
open,49,0.7037004423365874,0.698227403495885,0.7056958081811542,0.707178115332723,0.8606203747263451,0.8569955796887634,0.8845951861509733,0.8402703583392989,0.8708262821892419,0.8743321962567542,0.881155166944278,0.8569914833666934,0.8708097100329889,0.871216782635937,0.8724232683191714,0.8687890791438582,0.8565460985148574,0.8631394033121688,0.8826228755028573,0.8238760167295458
open,50,0.18312473106999713,0.17456223037274377,0.18876551346770712,0.18604644936954054,0.20644285982700247,0.18305680713970654,0.22008354601492397,0.21618822632637688,0.27650395843797554,0.27221767066896596,0.26142021382868613,0.29587399081627447,0.30030306145996,0.3390998933755902,0.2799070494407214,0.2819022415635684,0.272300808298362,0.27923989920456643,0.2532018356941793,0.28446068999634017
open,51,0.3905149093980363,0.3836982032694116,0.3916803635811848,0.39616616134351246,0.32351760829664383,0.3429582863053372,0.30137064707099126,0.326223891513603,0.28910783964592224,0.35493793759608533,0.20511912792698767,0.3072664534146937,0.2873658447706385,0.2712996972093895,0.30242182080524466,0.2883760162972812,0.29200883763991287,0.2649878004199347,0.29660178832726114,0.31443692417254293
open,52,0.34233588929273734,0.32993232930758354,0.3654636738899255,0.331611664680703,0.4067667164579136,0.3860349436301858,0.4189520973624059,0.4153131083811493,0.40873832600199206,0.43112652437965715,0.3766840352508321,0.41840441837548686,0.38803562010659703,0.4068301019927986,0.40924558242535525,0.34803117590163724,0.4291904658419417,0.4034684628196237,0.4331183091789975,0.45098462552720403
open,53,0.10086388501749428,0.10358893159297224,0.10577229930905842,0.09323042415045221,0.08838993331465388,0.09031263038559208,0.09303561757136286,0.08182155198700666,0.09516347028552664,0.11390269877440283,0.0840712627753501,0.087516449306827,0.11242068083255703,0.11550848982563859,0.10108060242939644,0.12067295024263609,0.10778084041319398,0.10442901587635796,0.10918348940075127,0.10973001596247271
open,55,0.8998135472788102,0.8920954067962614,0.9053892650894335,0.9019559699507359,0.9835789106560457,0.9823631328863115,0.9868185688238608,0.9815550302579649,0.9874916306227847,0.9892225709623855,0.9869510202253944,0.9863013006805744,0.9858974441529694,0.9844945165705288,0.9871556158553745,0.9860422000330048,0.9814283688378076,0.9908710585011697,0.9836742513922166,0.9697397966200362
open,56,0.04722015450308518,0.0410130399712983,0.05370507794885897,0.04694234558909827,0.14264753880012115,0.1343724111139807,0.1649600846066193,0.12861012067976343,0.11770826042569472,0.11830711984557513,0.13122943435953532,0.10358822707197375,0.11382301547705946,0.09001291556032825,0.11537939670650416,0.13607673416434599,0.13405507458705423,0.1271074024856449,0.13672279247133845,0.13833502880417933
open,57,0.725009777482842,0.718470194600707,0.7235802778239492,0.7329788600238694,0.684515462513017,0.680992989988326,0.6928928820033641,0.6796605155473608,0.7007887548851324,0.6861528623474967,0.6857020066974822,0.7305113956104182,0.6289094418323776,0.6024164061452212,0.6567197628096854,0.6275921565422262,0.5906734624870454,0.5511167409302462,0.7358191568415705,0.48508448968931955
open,58,0.08690568863287951,0.0779000579773983,0.10203786973431767,0.08077913818692253,0.060589177071969945,0.060981925781390146,0.05434878157431749,0.06643682386020221,0.06261437045541912,0.06013981253362272,0.06383710113130822,0.06386619770132643,0.07516838901768423,0.05712379034722221,0.08680080063736685,0.08158057606846364,0.06792477500039285,0.06860022829533646,0.07235483586991809,0.062819260835924
open,59,0.7408169722855283,0.7356849025267311,0.7507958018089391,0.7359702125209149,0.7377800668392737,0.7641432777572038,0.7213680126635226,0.7278289100970946,0.6883066662559707,0.7365634257806838,0.6808806136601598,0.6474759593270684,0.6424136017843891,0.6420848524460118,0.6458224802192636,0.6393334726878919,0.6808450297372405,0.6977119444137937,0.6608075334668895,0.684015611331038
open,60,0.6574203183739985,0.6379684034289557,0.6508515063686315,0.6834410453244083,0.8024447270015215,0.79243863347792,0.8141789443206243,0.80071660320602,0.8238114607159363,0.8362234139002936,0.8157395840105126,0.8194713842370029,0.8192558280096837,0.8237564573199707,0.7912816699013926,0.8427293568076877,0.8244445252425945,0.8315801248544125,0.8223823130129948,0.8193711378603763
open,61,0.06791720763069399,0.06080713075301023,0.059356121458937684,0.08358837068013407,0.10379894558328545,0.10330417042104952,0.10213766820387972,0.1059549981249271,0.14786665899177118,0.14261196114469346,0.09922009245347357,0.20176792337714644,0.14987007924253734,0.1424100715571762,0.12060925000443369,0.18659091616600207,0.1406701205608502,0.13977744375367726,0.12486747044750328,0.1573654474813701
open,62,0.10714579004363449,0.09200707913983712,0.110180136804977,0.11925015418608931,0.1417001713431546,0.15401330226313403,0.1592714760240243,0.11181573574230548,0.19059425511994213,0.22527839092578766,0.14451724745049438,0.20198712698354437,0.18714723497930344,0.1501266208095365,0.15566143458422804,0.2556536495441458,0.27734898178637746,0.3494291576244956,0.2527590661064284,0.2298587216282084
open,63,0.2982492887799318,0.29456236004463254,0.3012840459120262,0.2989014603831366,0.36509224335352625,0.34090557983129693,0.3617230589884574,0.3926480912408245,0.4062797604556497,0.4067751013131089,0.41634392273434884,0.39572025731949134,0.4368087778135785,0.43925920888060543,0.42082748634235967,0.4503396382177705,0.4089496195822038,0.4194018502257515,0.42375686175179395,0.3836901467690661
open,64,0.09077655215342627,0.08834208682550654,0.09354163620360162,0.09044593343117062,0.11999290464129257,0.12350611075215953,0.12928531656726686,0.10718728660445134,0.1442753034670895,0.1502009147173225,0.16334742122564092,0.11927757445830513,0.17579669909711762,0.19809262219620383,0.11770059245173706,0.211596882643412,0.1826107699123838,0.2170149682667047,0.19084685735038828,0.13997048412005852
open,65,0.23996587369803946,0.22597445595171534,0.23400177015383125,0.25992139498857186,0.11689136177473913,0.12726658726339934,0.10297122364218896,0.12043627441862911,0.14905540487424576,0.16059631051554862,0.12378681745399929,0.16278308665318944,0.16023319786164195,0.15775254940369154,0.19515391024070664,0.12779313394052774,0.16727900189394654,0.17787343157848756,0.14564321665090943,0.17832035745244268
open,66,0.05143099355053692,0.04895275087610311,0.04696046750027327,0.05837976227523438,0.11051456218595272,0.12062981909021683,0.08676359525291852,0.12415027221472277,0.06751606903846297,0.07828018363786692,0.058129841671464476,0.06613818180605752,0.1469750427382924,0.14368469035704756,0.13839050080324483,0.1588499370545848,0.12940555408643578,0.15402130438184328,0.1467900432629226,0.08740531461454143
open,67,0.22281296556562355,0.2258854138602144,0.21436937942630513,0.22818410341035106,0.2846493809034287,0.28837152437160807,0.28701859691835235,0.27855802142032554,0.27936640486045555,0.2867583156434485,0.2915365134631064,0.2598043854748119,0.33636153134297536,0.3312167004910906,0.37320241868191223,0.3046654748559232,0.3273946075657912,0.3154004228738816,0.3505138771197549,0.3162695227037371
open,68,0.0249892758628634,0.025545816671376224,0.02673728529575846,0.022684725621455522,0.03952902006987272,0.0396990770154822,0.03432944160032567,0.04455854159381029,0.030387752250794348,0.0332712751468501,0.03227654740376989,0.025615434201763057,0.03725377653058761,0.04592208249272267,0.03190630020211926,0.0339329468969209,0.028167954018659607,0.025216296287992043,0.03142422809050579,0.02786333767748099
open,69,0.5066601252775124,0.5093916197074201,0.5217885330170119,0.48880022310810506,0.6358309416884947,0.6214246818894061,0.6319537057391401,0.6541144374369379,0.6338387120180399,0.6456271829511826,0.6433579393675033,0.6125310137354335,0.6066263405950857,0.6139658243788466,0.5879241155742884,0.6179890818321222,0.6406013246123873,0.6574401615860896,0.6255106981250378,0.6388531141260343
open,70,0.10871400352319803,0.10108525798522326,0.1112557848433687,0.11380096774100212,0.08242038137767496,0.1001996114518379,0.08987190299655652,0.05718962968463046,0.11544257622642005,0.12622263390851943,0.1262536019139221,0.09385149285681867,0.09842677135243383,0.07048762319099532,0.1241582011015073,0.10063448976479888,0.10165665463093539,0.07535337579059327,0.09349206256778111,0.13612452553443177
open,71,0.05431588426174868,0.056654848504792577,0.05825823204785889,0.04803457223259456,0.06321661268943611,0.0594074714120548,0.0625187253167972,0.06772364133945635,0.06011695437769457,0.07542560930771748,0.0562539143045585,0.04867133952080774,0.043176032471641444,0.06121208577750323,0.02956401289005158,0.03875199874736951,0.04948320563843159,0.05879349315666583,0.0438488072816419,0.04580731647698704
open,73,0.08139545768084255,0.07282558019612335,0.06915386077031276,0.10220693207609154,0.059457557558139584,0.05005856631943453,0.055434372072970584,0.07287973428201364,0.048495753156542275,0.07101653646568053,0.045320270650439046,0.02915045235350724,0.05040704154756401,0.06313199108140854,0.049160679477316734,0.03892845408396675,0.06506232034118513,0.058051009498995006,0.07022304295867973,0.06691290856588067
open,74,0.06906034406936352,0.0702782103900923,0.06843296362337688,0.06846985819462142,0.07912097473022563,0.08343989865761577,0.08136776528719133,0.0725552602458698,0.061217712693487324,0.061475547366825666,0.06049344334212344,0.06168414737151284,0.06044774997646829,0.0725105012545016,0.0471432724278447,0.061689476247058554,0.061481325954298525,0.05689096490147352,0.059657777963298,0.06789523499812407
open,75,0.1144662851608918,0.1106918486928508,0.11739448812683345,0.11531251866299114,0.12795496991318236,0.1474555647843427,0.11468728189439815,0.12172206306080624,0.08336245819708239,0.08138396604643211,0.10050002780664473,0.06820338073817037,0.12347899575541188,0.12064427054988555,0.1428663663828575,0.10692635033349263,0.13405908048217885,0.10370093156288739,0.2114931099325912,0.08698319995105795
open,76,0.06008695332319899,0.06162576488843241,0.06098192644313685,0.05765316863802768,0.06719287860314031,0.06041402797986142,0.06740124621091152,0.073763361618648,0.08663860586705234,0.08673102990331191,0.08620002280367328,0.08698476489417184,0.10483937376011633,0.12424225871659789,0.10884817507836642,0.08142768748538469,0.1349574602531486,0.13526882386843334,0.13113534705049268,0.13846820984051977
open,77,0.0622005162264301,0.06155351513899903,0.059569767700182984,0.06547826584010828,0.07411550501377917,0.08514139457068223,0.054827634552893516,0.08237748591776176,0.09343859855709861,0.08229724315051248,0.07915076967713669,0.11886778284364667,0.06124635748901461,0.07419693537594613,0.047221630016581674,0.06232050707451603,0.07047589535325272,0.05946621975346295,0.09302359901996542,0.058937867286329756
open,78,0.030916054812912205,0.047747831916219806,0.017854584444171217,0.027145748078345588,0.042811195037224435,0.020544993768366736,0.03533236909585911,0.07255622224744745,0.06220275497758367,0.07385723387507752,0.033072817265099703,0.07967821379257378,0.052418252016001345,0.03497246378618847,0.04505538393264348,0.07722690832917208,0.07964448975644418,0.08257215193235067,0.07859333989784498,0.07776797743913692
open,79,0.005343697970316626,0.005139822396821603,0.005449650187903997,0.0054416213262242765,0.010986319515222352,0.010113343309072428,0.012993870097540813,0.009851745139053817,0.013194917011229546,0.017846671004258907,0.012057968027132078,0.00968011200229765,0.01407593576351246,0.017639750902786282,0.01200444316012043,0.012583613227630663,0.01368631438752446,0.016096534776826977,0.012684603694373292,0.01227780469137311
open,80,0.02024729259812838,0.020166268806392794,0.021778876709306654,0.018796732278685693,0.05584010845597196,0.051102133244796476,0.042619592485050053,0.07379859963806938,0.07208023014168974,0.11479282298766585,0.04868378617832313,0.05276408125908023,0.07600938477339379,0.044834288473746806,0.0538315855665289,0.12936228027990565,0.1757533794880033,0.09923385195381529,0.1666240387635055,0.261402247746689
open,81,0.008146129635396135,0.00789789324477376,0.0085902922812028,0.007950203380211846,0.013312127055215674,0.014356179190406972,0.01243456271680264,0.01314563925843741,0.009838092168788322,0.00989530346295459,0.010797517180543356,0.00882145586286702,0.019662698792280813,0.029410687533604027,0.017927048018615797,0.011650360824622613,0.02442238436933905,0.026949243033492366,0.02497517155771259,0.021342738516812204
open,82,0.012417771927550636,0.012010067434074113,0.013109306099127286,0.012133942249450514,0.016584097831143053,0.015637658325616734,0.019955155611085757,0.014159479556726667,0.020343287990687988,0.025597798722556495,0.01937138986678213,0.01606067538272534,0.02004938727352205,0.02207789560908215,0.02117357129050932,0.016896694920974682,0.021456412299008593,0.015239470265206152,0.02393881506979495,0.025190951562024673
open,83,0.3326153375616989,0.3113720219130815,0.38120128095788003,0.3052727098141352,0.38567863983371814,0.39503209011186174,0.4022383351557255,0.3597654942335671,0.45037452517564525,0.5396865355944034,0.4515866320122569,0.35985040792027534,0.4321465999038617,0.46111543503709934,0.4134035081551947,0.421920856519291,0.521945002664542,0.5101121025592299,0.537744008225054,0.5179788972093423
open,84,0.01832741414680229,0.017637769349258845,0.018156303123064377,0.019188169968083642,0.01766706667648105,0.019390936119508487,0.015571453970527916,0.018038809939406746,0.022219221619445572,0.025727826924207584,0.0180381680620864,0.022891669872042737,0.03306608606708573,0.040860221221441145,0.025154832326322197,0.03318320465349386,0.03558675249856253,0.03009511034337944,0.02211465090862819,0.054550496243679976
open,85,0.023377244289986304,0.02030478108577613,0.018910930745157685,0.030916021039025104,0.08985692485189477,0.09054724868991079,0.11155631130843212,0.06746721455734139,0.0897475129150021,0.04879051943143199,0.12975389182515817,0.09069812748841614,0.13903274405421137,0.14129743882193438,0.11759552637415002,0.15820526696654974,0.16879282470752707,0.295188279366371,0.07989965444704608,0.13129054030916415
open,86,0.19653072065878377,0.1902308964544374,0.18887620793390597,0.21048505758800792,0.29636108136758776,0.2924983795305102,0.2977709662881362,0.29881389828411686,0.354854115068213,0.3500058029376932,0.3606741623373954,0.35388237992955063,0.4144402771281677,0.4166228364626188,0.37175900605424905,0.45493898886763534,0.4513310187166202,0.4914615408864865,0.4239715672952465,0.4385599479681274
open,87,0.11227862802885095,0.11402925827231357,0.12001695195520333,0.10278967385903592,0.19561616333735565,0.1948364930409953,0.1851485323875988,0.20686346458347293,0.16568995123985816,0.17291227234170234,0.16675441660261328,0.15740316477525887,0.16917169992174855,0.17646047303024828,0.16613488943092758,0.16491973730406986,0.15031444591999502,0.17264913745599622,0.1452737590231636,0.1330204412808252
open,88,0.0724911805219181,0.07180224433365892,0.0740927200265897,0.07157857720550563,0.07909292263366512,0.08714432973760086,0.0766525758983604,0.07348186226503406,0.135373928301034,0.18232855602557396,0.11084462082085178,0.11294860805667627,0.09971633230006421,0.083204606139858,0.10985193762792618,0.10609245313240846,0.09524433916989965,0.12767763584196484,0.060660174359956916,0.09739520730777716
open,91,0.02366809617263783,0.022862336082616456,0.025489290540945345,0.02265266189435168,0.08279795841399852,0.10209178159269373,0.0608987017475822,0.08540339190171962,0.07806532377504742,0.05838825066334211,0.09597042095310225,0.07983729970869789,0.07680413580629354,0.10124295246080317,0.056567333277787846,0.07260212168028962,0.0834753136877744,0.08361163121878648,0.11203091384432165,0.0547833960002151
open,92,0.14142128232014586,0.1349700611903365,0.14596199222986034,0.14333179354024073,0.12236247555676105,0.12943762544568635,0.1347424507415736,0.10290735048302325,0.15022243105565866,0.12504471831938535,0.19187589935148186,0.1337466754961088,0.15804068708844962,0.17752257087834972,0.11081700907781908,0.18578248130918004,0.13277605969317366,0.09610388012180286,0.1237326336256566,0.17849166533206157
open,93,0.16893597592503384,0.16507800310482287,0.17296782124039092,0.1687621034298877,0.30978857038282015,0.29980352721966513,0.2910796603483344,0.33848252358046094,0.27470628574248185,0.35249338120513185,0.25759849382548733,0.21402698219682637,0.28418163741266295,0.26349067021683686,0.224391687748379,0.364662554272773,0.4193587689922336,0.43580762347176255,0.3279289543566538,0.49433972914828456
open,94,0.24723635158486457,0.23998731472687326,0.24825352956897884,0.2534682104587416,0.38233410071764684,0.4015535568378746,0.3647849402146611,0.38066380510040465,0.2809009850492735,0.3067450939470505,0.24961659728991115,0.2863412639108589,0.3147649264382895,0.360838336069312,0.28119784035754675,0.3022586028880098,0.338064825525962,0.3123362649914044,0.29090876861161,0.4109494429748717
open,95,0.013496812037801583,0.012064791114374921,0.01667991158950509,0.011745733409524735,0.03416092333585702,0.03552488845378266,0.027842791934577615,0.03911508961921079,0.03323702708033397,0.02408878782543651,0.035651981953166156,0.03997031146239925,0.04792087356848842,0.06553461830457565,0.05288773346280122,0.02534026893808838,0.051276900780375896,0.04604728971892559,0.05804727533378162,0.049736137288420475
open,96,0.44096754405313504,0.45880699239759554,0.43894037502796585,0.42515526473384363,0.5583352596133876,0.5432975563989719,0.6156476583745858,0.5160605640666052,0.5701133092121333,0.5763214100233267,0.5453189966956719,0.5886995209174014,0.641172140249055,0.6316289878045808,0.6465867936694184,0.6453006392731657,0.6731448227238426,0.6491899731098658,0.6945203194714242,0.6757241755902378
open,97,0.1100279630043947,0.10149635331130867,0.11201249636307789,0.11657503933879754,0.13235731634729767,0.1628190550142161,0.14021837428764192,0.09403451974003504,0.12852563850432708,0.16300409298330024,0.11315362943758894,0.10941919309209204,0.14565579949320248,0.10927947055939405,0.17761622789113177,0.15007170002908166,0.19388013751495134,0.16093585016249323,0.20577248089203873,0.21493208149032206
open,98,0.04944657862041387,0.04988962016452613,0.051288948525083124,0.047161167171632344,0.1187627631095093,0.08132389718150708,0.15966906290750327,0.11529532923951759,0.17817283165657907,0.10447220065913419,0.3039935371329351,0.12605275717766795,0.24752833490771034,0.23051874675067627,0.3303092592267947,0.18175699874566012,0.30575596251117737,0.29073139849491475,0.4287994605055992,0.19773702853301817
open,99,0.0224543138940491,0.019373060191137013,0.026859881561262303,0.02112999992974797,0.10023655347584572,0.19344091993779478,0.03791660541780907,0.06935213507193333,0.0881942275504689,0.029334025923783476,0.04195338605607607,0.19329527067154717,0.10015635308006356,0.07690288224126533,0.06271941954368358,0.16084675745524177,0.16515268199217578,0.09679069711964448,0.13478809085997787,0.26387925799690504
open,100,0.4106307395252528,0.4020776950789087,0.4118275874071861,0.41798693608966353,0.4919698863004065,0.4752295896498488,0.5375958157723268,0.4630842534790439,0.48854447282184105,0.4601025520428923,0.482469458610445,0.5230614078121857,0.4702968578099666,0.44992161334965414,0.4635133375798175,0.4974556225004282,0.49712615871101956,0.5115286478237985,0.4830607465303137,0.4967890817789464
open,101,0.10365318556428292,0.10617877429713396,0.09649999597478398,0.10828078642093082,0.16839612960570496,0.14288778312230752,0.18490297727200622,0.17739762842280116,0.20322416848611768,0.1874411959099534,0.22736521526495426,0.1948660942834454,0.18372703612795904,0.16953740876268036,0.1946819203906396,0.18696177923055712,0.24327719506872136,0.22553537953282762,0.2444055942285647,0.2598906114447718
open,102,0.03734756033397874,0.03699532840367083,0.036315429430648805,0.03873192316761661,0.04828661733726081,0.04405556735678687,0.04802891083065805,0.052775373824337536,0.04635226880146626,0.03639644230366548,0.058658168902831105,0.044002195197902216,0.05967760730048031,0.05537037430746178,0.06331520776044845,0.060347239833530714,0.07238907096165638,0.06456342455240087,0.08204635063795128,0.070557437694617
open,103,0.041277259789083885,0.04172717735437215,0.04187461616659767,0.04022998584628184,0.04050763527313762,0.04778440205731907,0.03266849225192773,0.04107001151016605,0.05863341047121478,0.036733746607455195,0.09431813363207182,0.044848351174117305,0.05314213944964936,0.041369597895057494,0.07763250785515032,0.04042431259874027,0.04434626237596995,0.03875348880208698,0.04230044424912674,0.05198485407669613
open,104,0.26367454114944766,0.2518179907580025,0.28908502820932047,0.2501206044810201,0.22554244209168928,0.249920747165927,0.22436646860643528,0.20234011050270556,0.20667246555469795,0.20053035243490933,0.2035817659257512,0.2159052783034333,0.24464459003780334,0.3224512421458138,0.2070845519932967,0.2043979759742995,0.23431345020666328,0.24246094620310954,0.2386303828661927,0.22184902155068753
open,105,0.029347234153902692,0.029392654434930023,0.030798844041669823,0.027850203985108228,0.04299540484768724,0.051472723700131534,0.038124241118398634,0.03938924972453157,0.033717982246448265,0.030658921785361625,0.03234926846441634,0.038145756489566834,0.04624497472839497,0.04660791809574763,0.05389138617518439,0.0382356199142529,0.046009168840903225,0.05173965802267117,0.05191998627037682,0.03436786222966167
open,106,0.1365107935650023,0.1073373400282518,0.14164291242905847,0.1605521282376966,0.0928917833559411,0.10758911748634986,0.08131358104996535,0.08977265153150811,0.10720583469474688,0.08909627749857002,0.08996677524883753,0.14255445133683312,0.1430287919224963,0.15204710269264346,0.11949738107575171,0.15754189199909366,0.1705126515578503,0.14846056873582825,0.19871144215046466,0.16436594378725802
open,107,0.319161385850152,0.3316544759151675,0.30759086693860765,0.3182388146966809,0.41021445557326097,0.4368813215304928,0.43141790833895544,0.3623441368503347,0.3791725002664204,0.40296888871259123,0.3442276466920119,0.39032096539465827,0.4504791941233223,0.4587222305494441,0.3980570280513063,0.4946583237692164,0.48990558234279824,0.5018267793757509,0.48264375885647876,0.48524620879616503
open,108,0.04187934152525249,0.04284707078969284,0.04150879354921234,0.041282160236852265,0.13140238217127162,0.10413440660207844,0.10826241359613956,0.1818103263155969,0.08831828510025251,0.11091365500608752,0.10058528190368293,0.05345591839098705,0.1554185002640759,0.21155158113022068,0.07864597305670754,0.17605794660529941,0.21003398269195042,0.24169894873114556,0.16236330986773193,0.22603968947697384
open,109,0.18878911285845587,0.18487602757974822,0.16637163706690908,0.2151196739287103,0.20261953118465045,0.21780317370440008,0.20309093048189136,0.1869644893676598,0.2591597313028896,0.25720826994373175,0.2638982705258467,0.2563726534390903,0.2163700611854912,0.25747414048324907,0.24069890722454965,0.15093713584867494,0.30143276048191897,0.3099134459689568,0.25324775744703043,0.3411370780297697
open,111,0.08400937820495917,0.07786921067071596,0.08145083013824443,0.09270809380591712,0.13403767530752678,0.128235879827227,0.1365427572624792,0.13733438883287416,0.21626589245298855,0.24674076452868743,0.1715126487467479,0.23054426408353032,0.23840378384747454,0.17345353851370587,0.28882297801644624,0.2529348350122716,0.3038255356823732,0.35723643835909014,0.21647134775905474,0.33776882092897464
open,112,0.019185492451260912,0.018461211008670892,0.01965414295848864,0.01944112338662321,0.0854102317918121,0.12320760771224415,0.0704374119372217,0.06258567572597047,0.08114519744659872,0.11910943807117627,0.048176315874176374,0.07614983839444353,0.03435804064896747,0.025289044238145632,0.03542779632755601,0.04235728138120077,0.04351790309205669,0.025079740114607597,0.03456461222323842,0.07090935693832405
open,113,0.19691097570962512,0.19453837195896512,0.2023760106027532,0.19381854456715705,0.19664047701475929,0.19652419683815303,0.1965146899747178,0.19688254423140708,0.23012490012704148,0.21681479698132144,0.2049906437434263,0.2685692596563767,0.20773504368541293,0.24071691296881473,0.19761611251915015,0.1848721055682739,0.2480333533103258,0.27039599777701,0.25704418219099007,0.21665987996297734
open,114,0.02355968596038237,0.02334395678658735,0.019312277445529814,0.028022823649029964,0.02516443782540569,0.026112144105024937,0.021706795974157818,0.02767437339703432,0.021381734857904067,0.02239956568972457,0.020761873570867225,0.020983765313120403,0.04007853054885741,0.036859096065966546,0.04856019897264793,0.034816296607957764,0.0660402196898678,0.06819611155042725,0.06942439071714623,0.06050015680202993
open,115,0.04615171693056275,0.04012344817420319,0.052657018529386146,0.04567468408809891,0.1425782473913175,0.133703701154955,0.2293479169779913,0.0646831240410062,0.14298487953118286,0.05190505658837526,0.05671282723564174,0.3203367547695316,0.1023171303383455,0.1011850427959084,0.11461574499910564,0.09115060322002246,0.060808116110725056,0.056890551566632634,0.06624224157851949,0.059291555187023025
open,117,0.008577223901524718,0.007274582558130962,0.010301251562893356,0.008155837583549838,0.03890894138368609,0.044058702822983645,0.02799738181626076,0.04467073951181387,0.030973855091037655,0.023065530683195123,0.0373579692432743,0.03249806534664355,0.029292658528758685,0.03212691000570951,0.027579624877813978,0.02817144070275257,0.042380548607555905,0.03144544671646243,0.017440956044401375,0.0782552430618039
open,118,0.1387999249373855,0.14846692225532998,0.132483933830777,0.13544891872604953,0.19562061326593846,0.19165506065660481,0.19330680330595104,0.20189997583525954,0.3082858149046607,0.26934115580450163,0.3157051173911317,0.3398111715183487,0.2940623022860429,0.305506781964292,0.32551003965339553,0.2511700852404413,0.22755183142088972,0.24382157139487906,0.21690111220530894,0.2219328106624812
open,119,0.19669831298270346,0.21038433999931916,0.19762901540318728,0.18208158354560394,0.29454725463899667,0.2909923094762164,0.3122236613332347,0.28042579310753885,0.279948039315214,0.28400526568332,0.249810040107617,0.30602881215470484,0.2895428518741199,0.2862484483104127,0.27246907572247336,0.3099110315894736,0.33524004339034535,0.3469074314732474,0.3900252765203055,0.2687874221774833
open,120,0.08388035447523312,0.05318903955167329,0.0940289547242151,0.10442306914981095,0.06335822191894394,0.053836747148439175,0.06170878833057971,0.07452913027781294,0.09993194461417897,0.11454420778611896,0.07915323977726264,0.1060983862791553,0.08094739109686203,0.07728963508525327,0.06349108290848499,0.10206145529684782,0.09986125761569796,0.1279311098116797,0.08127794717211055,0.0903747158633036
open,121,0.10494331894704402,0.11957148652351951,0.09976646501596828,0.0954920053016443,0.07913141600278376,0.07639073594103196,0.0922943649592146,0.06870914710810469,0.09224844972725571,0.05944008788904406,0.11788053906632807,0.09942472222639498,0.11724480113163793,0.09170327103354088,0.11581788638567847,0.14421324597569443,0.0949368983600501,0.07354939316111853,0.09062633340621118,0.12063496851282064
open,122,0.10528118923322949,0.10153709399288378,0.11359812384260991,0.10070834986419477,0.21593371725174637,0.2538048852957443,0.17152845132612712,0.22246781513336766,0.2947310666153186,0.2152928951158624,0.36193671097584157,0.3069635937542518,0.40238734604111553,0.4288798497100206,0.3692523181915038,0.40902987022182213,0.4965729316133702,0.5139247701047398,0.4464627203731167,0.529331304362254
open,123,0.11223332882151314,0.12159091774820227,0.09847004196275329,0.11663902675358384,0.21491088954976878,0.23748756697716045,0.1867545473271194,0.22049055434502654,0.23611195748618882,0.1952533546589253,0.23361843688845935,0.27946408091118186,0.19317611494158224,0.19180902676853967,0.20287574701391595,0.18484357104229113,0.20588019403344768,0.20120147378056885,0.19422115096952033,0.22221795735025382
open,124,0.18174178094147167,0.17280229344520331,0.2079376764841225,0.16448537289508927,0.12675270188471952,0.10609719267592016,0.11361934061597871,0.1605415723622596,0.12968191921059147,0.15990336540427405,0.12976063867628596,0.09938175355121436,0.11905746901708496,0.12173750838779049,0.13508267743303715,0.10035222123042718,0.14438745054850285,0.1621703862796496,0.12623220345361172,0.14475976191224718
open,125,0.007964532555078062,0.0080991899259011,0.007606650520589807,0.008187757218743277,0.016075265540614347,0.014738132699879492,0.011063267205957012,0.022424396716006538,0.013006435857494789,0.014540305078897656,0.014880617459376423,0.009598385034210287,0.02377671331021497,0.02130760157417266,0.018651164095560835,0.031371374260911404,0.031479509525732315,0.018679743227651226,0.02587493875949507,0.04988384659005066
open,126,0.01463105492216374,0.012101098812978935,0.01580161280353477,0.015990453149977518,0.035084609422686604,0.029406874770971675,0.04815952857728646,0.02768742491980169,0.0464593015623628,0.04400868925561285,0.04449630345534722,0.0508729119761283,0.03806110992905732,0.028874346366650618,0.034418045156938824,0.05089093826358252,0.025830392022612864,0.023477857333555223,0.025638034488750825,0.028375284245532546
open,127,0.025082211863951587,0.022041713236566906,0.028946321394561717,0.024258600960726136,0.024116103070800417,0.021561949930626496,0.022983830351165715,0.02780252893060904,0.03763227353302126,0.03044666818149703,0.038760187955061545,0.043689964462505206,0.030490318373065137,0.0321548855762198,0.033798684033800146,0.025517385509175473,0.07629298478871994,0.10567098449650292,0.050982772518211546,0.07222519735144539
open,128,0.009458273876680953,0.009906573204663505,0.01058850265350649,0.007879745771872866,0.04467242274317717,0.04280632846187509,0.04892608079169833,0.04228485897595808,0.034029808237631964,0.02296531243601833,0.03728917021713111,0.04183494205974646,0.03167085494439154,0.03487141583405306,0.047159714318047816,0.012981434681073756,0.014680998208710732,0.02028069746695692,0.013264657639481122,0.01049763951969415
open,129,0.07304123739373374,0.07197468556471134,0.07345035992346925,0.0736986666930206,0.12235806306111152,0.1249667759908037,0.11502173242851145,0.1270856807640194,0.15819972301378474,0.21632145178781542,0.14719780482147363,0.11107991243206519,0.17992129519353042,0.19551191300752377,0.16359662773126582,0.1806553448418017,0.18289569261907224,0.15620355528378885,0.19709536713707207,0.1953881554363558
open,130,0.27089919394661494,0.25950976089415656,0.2765486295506526,0.2766391913950355,0.3652328353280216,0.36189035612001036,0.38297699056927986,0.35083115929477443,0.3459458081488176,0.35497747735713825,0.3419639759869697,0.3408959711023447,0.3743327558705589,0.3607849819851416,0.3904873663166115,0.3717259193099236,0.452299976978996,0.4553825655109588,0.43993522256216494,0.46158214286386423
open,131,0.1478599206509982,0.15389605013252897,0.14245323078206756,0.14723048103839803,0.23505607686061938,0.2819053118400603,0.23119822656339514,0.19206469217840272,0.20995838588834337,0.21066701098644203,0.21512006070195722,0.20408808597663086,0.17962596667419672,0.19452336674399984,0.15093167753560116,0.19342285574298917,0.2572202540199138,0.31293968412323697,0.180588754944332,0.2781323229921724
open,132,0.22207678592277444,0.2272822764672932,0.21292413449864436,0.22602394680238563,0.214080231841321,0.22555555264962487,0.18489526071177903,0.2317898821625591,0.23336836223271326,0.2027825224909644,0.2430941880096543,0.254228376197521,0.34604794346681117,0.37136874776074097,0.2840394045992223,0.38273567804047026,0.2684583750842043,0.28565260669344394,0.2339311905215362,0.28579132803763274
open,133,0.14237011350190532,0.14021503766250806,0.143671005323395,0.1432242975198129,0.13107015722888174,0.13480587894833498,0.12959026740494706,0.1288143253333632,0.13235751199904586,0.1322336070674578,0.13264334743915587,0.13219558149052396,0.1043684549284588,0.13009858478675138,0.07508921857870789,0.10791756141991711,0.09143730943671753,0.15180568815588072,0.03759074268113481,0.08491549747313706
open,134,0.015455304279117189,0.015646234533320594,0.01517957900249911,0.01554009930153186,0.020890821330986183,0.01607218822384891,0.02805645293413165,0.01854382283497799,0.033388991619997026,0.013966303823495873,0.033065830498306505,0.05313484053818869,0.03824308944791902,0.05495113837113173,0.032340778347371216,0.02743735162525411,0.0480137804471725,0.04679080384797325,0.041666919911233,0.05558361758231124
open,135,0.2933749153479781,0.3309681625797783,0.2661363156791214,0.2830202677850347,0.12227418155357878,0.11814102418359664,0.15733290310642445,0.09134861737071526,0.12596774687326043,0.13783580918220806,0.1274805635902579,0.1125868678473153,0.2040084628318449,0.3059131294149794,0.16678322527036235,0.13932903381019285,0.18963553043046363,0.18333734151153872,0.176215394121929,0.20935385565792325
open,136,0.1960558267460127,0.2021300613309054,0.19866513113319922,0.1873722877739335,0.22260393783458732,0.23566338804048367,0.2431067235587991,0.18904170190447925,0.29544201652655916,0.2715779367418213,0.3401710621535804,0.27457705068427574,0.24477119483343623,0.26862939638627903,0.20830321196600146,0.25738097614802824,0.33447273195079613,0.31633198055468037,0.3936818663804461,0.2934043489172619
open,137,0.06354453852793551,0.06920854164755535,0.06739406207721832,0.05403101185903285,0.05870841538830577,0.05912603004792506,0.05171801985134948,0.06528119626564279,0.07968853187546393,0.07019059444505266,0.06451561576473583,0.1043593854166033,0.06160940966812172,0.06293540913063782,0.059331598779960984,0.06256122109376636,0.06887823399267216,0.08825868078810815,0.05987336172341812,0.05850265946649022
open,138,0.16537473789319942,0.17088569407129453,0.17168764658172758,0.1535508730265761,0.19275176731924068,0.2029826803110735,0.1793684836801677,0.19590413796648085,0.17311554759969874,0.19456482257128543,0.16086255059712648,0.16391926963068437,0.19123918477934929,0.22991519533482424,0.12196279898568095,0.2218395600175426,0.14010989317563927,0.1519243014830716,0.17023843786633586,0.09816694017751039
open,140,0.29172986447109334,0.3048565041072498,0.2770133834643527,0.29331970584167755,0.17985405750643343,0.18635188390688676,0.17746332930949327,0.1757469593029203,0.21587799738226762,0.19217739438487363,0.15899445777578977,0.2964621399861395,0.33863062031574326,0.34152682282639685,0.3280035731825764,0.34636146493825665,0.3419723720585773,0.3967737707863596,0.28697433599136607,0.34216900939800615
open,141,0.09496387578852743,0.07696196844612392,0.11520296990893192,0.09272668901052643,0.020378883469125336,0.02085474197966594,0.02057758110365664,0.019704327324053434,0.01889178925663755,0.01719639364022902,0.021060736389669373,0.018418237740014262,0.030525967735060378,0.02591228693311064,0.029906075833344932,0.03575954043872556,0.03700645704941524,0.01970283620790102,0.044826018833809635,0.046490516106535075
open,142,0.009527078646963486,0.010268157907043348,0.009491238022678603,0.008821840011168505,0.007202905635389453,0.007803664375423095,0.007021605543004999,0.006783446987740267,0.009218215513548263,0.012173008237629708,0.008255762479196797,0.007225875823818286,0.010727680746121099,0.010303699686789161,0.00968275935026053,0.012196583201313602,0.010028966183991768,0.01032246917102488,0.010621599530409257,0.00914282985054117
open,143,0.12792539884449752,0.12242633191694537,0.1348466934809751,0.12650317113557213,0.25293966066350015,0.22119962014609454,0.24834051554355022,0.28927884630085565,0.27769503176429555,0.33517366897291806,0.2518036723136839,0.24610775400628468,0.3593149397084101,0.3739263824910925,0.33467653195263714,0.36934190468150085,0.41396105639675024,0.4152862322053392,0.3741536400920098,0.4524432968929018
open,144,0.01012120783667885,0.012411925679465221,0.009321031695472473,0.008630666135098851,0.010673066678277209,0.009635482595800538,0.008857288181585583,0.01352642925744551,0.025491454488402367,0.019778874587191735,0.024261278419589978,0.032434210458425386,0.01008276720147725,0.012347896542044625,0.013731606445205153,0.004168798617181965,0.01081199593383114,0.014911164869185376,0.01017213174721098,0.007352691185097067
open,145,0.09139688556693044,0.05721849979863175,0.10891140515931519,0.10806075174284442,0.011788834073345118,0.016042378437182182,0.010850041987751137,0.008474081795102034,0.022115300562022044,0.01265004206904292,0.02259914604048111,0.0310967135765421,0.04268160557116705,0.06397495451701501,0.04911581433147373,0.014954047865012397,0.0469105972192461,0.025552777558326002,0.03098101994385797,0.08419799415555432
open,146,0.19202067418292515,0.2117731929772309,0.17423132385264828,0.1900575057188963,0.24192876535944377,0.3952787533148671,0.17481573128033145,0.15569181148313282,0.12337855879906562,0.19868705149581348,0.10755669228472049,0.06389193261666289,0.1116247317441989,0.11035302496523185,0.12233948476458989,0.10218168550277497,0.15595188566341753,0.1963127967585784,0.15206348982945214,0.11947937040222206
open,147,0.05586704363499171,0.03976240119106248,0.06380818452061822,0.06403054519329443,0.045514256291641665,0.017505749844884864,0.021323431011525888,0.09771358801851425,0.036384236119691625,0.030720582503947047,0.0453866683896019,0.033045457465525924,0.04165793415550954,0.04597415728482492,0.03841445259638006,0.04058519258532366,0.08369775208144926,0.11981936777085049,0.041349056398406484,0.08992483207509085
open,148,0.17049789805567853,0.1817558403676788,0.16263320427667796,0.1671046495226789,0.17508948854563786,0.16927323725159815,0.19780747533640183,0.15818775304891353,0.189567894580561,0.23290869519427196,0.14222674791755882,0.1935682406298522,0.30712999037615235,0.3817036306720045,0.27224603366599237,0.26744030679046016,0.37686241395406356,0.449652108533303,0.37015489176905864,0.31078024155982914
open,149,0.02581668049411552,0.024529809583849198,0.02768707709691826,0.0252331548015791,0.021219891909775662,0.020667624112092504,0.023050819009331546,0.01994123260790294,0.01812095573993273,0.017896140995156767,0.02050975351104746,0.015956972713593958,0.018848436323847414,0.017042215999351382,0.02292620363413578,0.01657688933805507,0.018248664633117875,0.017421237754415397,0.01798885908780913,0.019335897057129098
open,150,0.18758662675668938,0.1951834309501828,0.16874579976204623,0.19883064955783913,0.4324988777266148,0.5189915190148199,0.39893357095967963,0.37957154320534503,0.4016856436415169,0.3826013206864484,0.49745712750811794,0.3249984827299842,0.4420840658296911,0.5675438094409271,0.49892273430438583,0.25978565374376045,0.37505398823406266,0.41630800612290064,0.4397611020546902,0.2690928565245972
open,151,0.03274640511364684,0.03673810953426146,0.03777761955615235,0.023723486250526712,0.06850962292772579,0.09889819570651753,0.039268595657480164,0.0673620774191797,0.07830947383957536,0.054174083334117,0.07215420901821562,0.10860012916639343,0.08930738121056114,0.07467175156010725,0.0544562706362174,0.13879412143535882,0.08470674811323592,0.0725917350868118,0.10845634113849409,0.07307216811440186
open,152,0.078192173198545,0.08334319509604952,0.07967274157483635,0.07156058292474914,0.11984114669478023,0.14578352040356293,0.14475691164515306,0.06898300803562471,0.17936617006430963,0.19368493451770422,0.13265923518795875,0.21175434048726594,0.1928783131464095,0.2686810415529186,0.154045432296941,0.15590846558936888,0.24910791396552967,0.25239958870649476,0.18950378559648626,0.3054203675936081
open,153,0.3198925842215044,0.28126983470456607,0.3363922481678621,0.3420156697920851,0.2125951819292167,0.2509741632361329,0.17388499662949414,0.21292638592202306,0.3778350702205147,0.4483912480457046,0.34215040444649675,0.34296355816934276,0.4001025631289825,0.338125286240326,0.41669422051502003,0.4454881826316016,0.46747680881795456,0.44478027860964015,0.40856420922362496,0.5490859386205985
open,154,0.047413393863509255,0.051550019349604605,0.04029048149886445,0.05039968074205868,0.04889650066661128,0.04151579383315151,0.056125067933194175,0.04904864023348817,0.07747507931233527,0.08100775274197311,0.051491646729105674,0.09992583846592705,0.08960979209826476,0.08925441829784093,0.10131379316369171,0.07826116483326166,0.06767711496281874,0.06457818816748373,0.0657336871838095,0.07271946953716296
open,155,0.031435989761497966,0.031474812342013506,0.031057148188491233,0.03177600875398916,0.025837425869852493,0.027912175733098333,0.01921739593660407,0.030382705939855082,0.038062777628163014,0.03492913889137277,0.03340925239504167,0.0458499415980746,0.03674421355493464,0.03650420259377669,0.04555248193440676,0.028175956136620463,0.03184398377632001,0.025526694569123983,0.02723662425803196,0.04276863250180409
open,157,0.06723770109982641,0.06664489492893717,0.07103631078113963,0.06403189758940242,0.20380053243009502,0.20600509022703442,0.22119007520593845,0.18420643185731225,0.16477016238939954,0.15097138398225327,0.19527403264561174,0.14806507054033358,0.18971468239782774,0.18928468833616563,0.17518359067449749,0.20467576818282004,0.16484676354114294,0.15266053840475627,0.17050146527369037,0.17137828694498228
open,158,0.03911624339377404,0.038586776193818624,0.04541836048159471,0.03334359350590878,0.044523012632777255,0.03770700163178841,0.07760281278417659,0.018259223482366777,0.04677867570599717,0.042832644886259756,0.02659867963422887,0.07090470259750288,0.055069148513658545,0.06100689898557611,0.07583033092352351,0.028370215631876,0.16319168089079536,0.09712928571016251,0.21271178645747496,0.17973397050474865
open,159,0.26750242140612257,0.29433298187114504,0.26162540747966195,0.24654887486756075,0.34567955583961346,0.4643257058118052,0.3562905884402551,0.21642237326678013,0.3542461188421146,0.4286912163253547,0.34763304879074475,0.28641409141024426,0.4838690678236088,0.5354234227287118,0.4682721587120043,0.4479116220301102,0.5595456429344766,0.5497095027495649,0.5563902462291102,0.5725371798247549
open,160,0.04279306714952564,0.03969275163360079,0.042764119001012575,0.04592233081396356,0.028067023541665237,0.0360800037371068,0.018973093041447207,0.02914797384644171,0.022978063105549774,0.019773205428571316,0.023002235393669933,0.026158748494408073,0.027405512666118195,0.025126637622319484,0.020407308809960688,0.03668259156607441,0.029495422917283895,0.019857853674061485,0.05258868036207243,0.016039734715717766
open,161,0.1460040343737311,0.13824584280626978,0.15560177154039573,0.1441644887745278,0.3380323620261656,0.2986650337712838,0.3899847843569803,0.32544726795023265,0.24824806080943174,0.30284116328211536,0.16645143963159917,0.2754515795145806,0.3461611717089436,0.41138070965512213,0.26997572560905964,0.3571270798626491,0.4798302859303695,0.5484421709017344,0.44646968272109344,0.44457900416828067
open,162,0.1735529599682519,0.22198205771853682,0.15455519720509323,0.1441216249811256,0.22515727744442396,0.23444934157556047,0.23905993460766897,0.20196255615004247,0.29000234541485137,0.29830726048440237,0.3037249920801312,0.2679747836800205,0.2993901664393755,0.302909065152751,0.29278487377855816,0.30247656038681725,0.24503396347291784,0.12109801173170275,0.32777002298835456,0.2862338556986962
open,164,0.06760408793407331,0.067030602200977,0.06934039170868868,0.06644126989255425,0.23058518880644485,0.23034412526392736,0.22549046507072132,0.2359209760846859,0.24024969077567596,0.29503033682929647,0.26672452567896276,0.1589942098187687,0.2653786307582284,0.1956859498640389,0.2796846932317613,0.32076524917888494,0.3671853111675216,0.3488929494729451,0.4117027915136199,0.340960192516
open,165,0.06421510894650129,0.05154271744490479,0.0666283476477309,0.07447426174686815,0.10734533466385877,0.09312094272892259,0.11288858450047821,0.11602647676217555,0.07823550041722056,0.1060290999936832,0.0832332682094596,0.045444133048518874,0.07785412579610344,0.07018606414185699,0.09971005357406668,0.06366625967238665,0.13162323717501734,0.12694617379134035,0.13208431684550365,0.135839220888208
open,166,0.050451251906799825,0.05569046858153275,0.05020200627878749,0.04546128086007922,0.2102287251791438,0.21922730483703012,0.2573694262207,0.15408944447970116,0.15910954182029083,0.16465841645952062,0.17394224739631237,0.13872796160503953,0.12283182532253854,0.12314517767839697,0.1280097746722774,0.11734052361694125,0.1514278201034945,0.13192851572389772,0.16631170281536364,0.15604324177122214
open,167,0.005484323035259996,0.00569979490794756,0.005339400619724843,0.005413773578107583,0.008125464110617531,0.010644874800250448,0.0065275332981691485,0.007203984233432998,0.00815371125818431,0.008081304128701556,0.008022459149629619,0.008357370496221758,0.007879783075853316,0.008358579698238144,0.005931754440790405,0.0093490150885314,0.007898645179907572,0.00541826763589749,0.008248487795160594,0.010029180108664633
open,168,0.051908659999812944,0.06075009716405928,0.037791099201787415,0.057184783633592126,0.2874690404816383,0.28211324063586385,0.3192530181873547,0.26104086262169635,0.2275523481289603,0.2479135401120875,0.18468370733738487,0.2500597969374086,0.223943455759938,0.23888335718066722,0.21759612967107897,0.21535088042806771,0.3161597335172855,0.31693483716577897,0.30037794581225197,0.3311664175738255
open,169,0.27913359004802046,0.28297760175268755,0.29918595133063935,0.25523721706073443,0.41252202264743487,0.39849003903917496,0.4135422176470616,0.42553381125606804,0.43721126901229085,0.38171631814483303,0.40518134999390476,0.5247361388981346,0.4935374820476001,0.47318198444308046,0.46850776372666,0.5389226979730598,0.5622283480228637,0.5788274304119876,0.5512653897762377,0.5565922238803659
open,170,0.026297457311424563,0.023971050540731828,0.03156258680813315,0.02335873458540871,0.03321427863674544,0.037774188023994106,0.035264863180476114,0.0266037847057661,0.031489864817884995,0.027729633254118022,0.02111941538786251,0.04562054581167446,0.0343001325414658,0.03352945241858383,0.031465901170788166,0.037905044035025405,0.03752639804133248,0.04097059120712405,0.035167984130193536,0.03644061878667986
open,171,0.07580949182575096,0.049334959595008096,0.09357948650197301,0.08451402938027178,0.16120523090047592,0.18831772605173566,0.11656449325329897,0.17873347339639317,0.14001662873059287,0.14808543398812105,0.1249147804333356,0.1470496717703219,0.23070958430296584,0.2064413576075264,0.19694567407467725,0.2887417212266938,0.27444596310735575,0.31019057679422884,0.20927948893973602,0.3038678235881024
open,172,0.1734874289407086,0.16649562185372335,0.17501627725801736,0.17895038771038502,0.3112727057484095,0.35083305546010946,0.3030751680374497,0.27990989374766934,0.18562458724260864,0.1955396879204903,0.15901180575544918,0.2023222680518863,0.33497438735316337,0.31987875596661997,0.2877972856868394,0.39724712040603083,0.4360672234409622,0.4935423429478019,0.40516891320225146,0.40949041417283333
open,173,0.29499031018988914,0.31426899156082516,0.28467620174959013,0.2860257372592522,0.46566672800123315,0.49414547503911965,0.40873401835124246,0.4941206906133373,0.518880616642916,0.5518217670506125,0.5007047619961241,0.5041153208820114,0.5743421684292317,0.5441985398574763,0.5783059827224191,0.6005219827077997,0.5621114028766366,0.4791667154125063,0.6208365151013151,0.5863309781160884
open,174,0.00647052121572364,0.006267572982905494,0.006586222733725682,0.006557767930539746,0.012123949598587827,0.013900187894488398,0.011603113230565556,0.010868547670709532,0.009490139722726108,0.010097882671854214,0.010375287319836309,0.007997249176487805,0.020710782312990728,0.028017698513454325,0.014478714590062388,0.019635933835455473,0.01401538274114098,0.008518786718089769,0.010076673067529466,0.0234506884378037
open,175,0.14968314565020513,0.15397077280940077,0.1321961146170209,0.16288254952419368,0.22761357425349962,0.25878924839465,0.19103935946319409,0.2330121149026549,0.22409366167178865,0.203746226125092,0.19245041967063806,0.27608433921963593,0.21535431811279207,0.2123038154569658,0.21286595801615169,0.22089318086525872,0.18675583860782155,0.18416185575922991,0.19632016635692873,0.17978549370730607
open,176,0.10104161595883164,0.09187003073341524,0.1082852698677986,0.10296954727528106,0.3349637071726841,0.3541470417514702,0.30685453341888697,0.3438895463476951,0.3074885064913438,0.37120014805739776,0.2457891293156411,0.3054762421009925,0.24835304625105983,0.22442512713702592,0.26714346209042245,0.2534905495257311,0.32076530224377703,0.31340578459513996,0.38717471619868743,0.26171540593750364
open,177,0.02426038999371918,0.023937859588032333,0.025016459885009987,0.02382685050811521,0.01518485575726704,0.01781638260553229,0.01660079019243844,0.011137394473830392,0.012022807908619345,0.013058424900958574,0.013399422159739228,0.009610576665160237,0.008317960719682391,0.007679325874383608,0.010749421391310372,0.006525134893353195,0.007639363586031356,0.005180077983592799,0.005305276282086763,0.012432736492414505
open,178,0.4253185967330606,0.4332408446939321,0.41835993296667456,0.42435501253857516,0.34409150774314806,0.5042437863564252,0.3144047619047619,0.2136259749682569,0.2854737047250659,0.22852300090690184,0.21452509739527997,0.4133730158730159,0.3341725637879484,0.4973626373626373,0.1730708180708181,0.33208423593038977,0.24111841599416728,0.23373543375053946,0.30023994093761536,0.189379873294347
open,179,0.23634529963905274,0.2513493561910855,0.21602257683471635,0.24166396589135639,0.5667925132899708,0.6053563206954459,0.5676466907262814,0.5273745284481853,0.5041994244136012,0.4624799239413894,0.5383951618566798,0.5117231874427344,0.5064296566666281,0.5034859512515935,0.4897609863437022,0.5260420324045887,0.6040191321413529,0.5858367055870161,0.6076059733624051,0.6186147174746376
open,180,0.04224022329310953,0.05747786567077695,0.032611663801795386,0.036631140406756246,0.04848984807081505,0.04579066860467153,0.048403922392875,0.051274953214898625,0.0573603963402746,0.03651060821624661,0.0584803166161539,0.07709026418842328,0.08977336979059646,0.11658493205544841,0.10020899784538635,0.0525261794709546,0.04618618617033343,0.053015536348315,0.05319753415671208,0.032345488005973234
open,181,0.059528568015568016,0.07224834277442481,0.06417935925649006,0.04215800201578917,0.15272031227100968,0.1408458404376413,0.154851132554165,0.16246396382122275,0.1444760809110674,0.14773537891385563,0.17140910364926012,0.1142837601700864,0.13204472278596954,0.1729994091582277,0.13076634116939845,0.09236841803028248,0.14899526189633686,0.15607190329616277,0.11332953154465734,0.1775843508481904
open,182,0.33642407941706237,0.3160375811440004,0.3735818666712009,0.31965279043598577,0.34855194794153316,0.40672706542060244,0.30347353287134315,0.3354552455326538,0.20551649071717823,0.21996684281059606,0.19838443623672108,0.19819819310421752,0.3030496189975643,0.29572989079651607,0.2663724857932434,0.34704648040293334,0.33274118469809577,0.2464998208379231,0.3390056334795151,0.41271809977684903
open,183,0.20443814410411495,0.16650224125031976,0.26090650811826405,0.185905682943761,0.4008453551698981,0.3658273552667403,0.3767191439743429,0.45998956626861104,0.37171105699928003,0.4136294732093282,0.34686864453486316,0.3546350532536487,0.34899074581248096,0.2708804288824513,0.3348214301601432,0.4412703783948485,0.38292686174248397,0.325552848354042,0.47740661986257554,0.3458211170108344
open,184,0.008889787909132677,0.009324554962506523,0.009233649176114137,0.00811115958877737,0.014175935503683899,0.01761007229281383,0.011480500326278448,0.013437233891959418,0.008943503046903433,0.005756218289098481,0.011466818084923091,0.009607472766688729,0.01350091911350075,0.010377621781524448,0.015809802756892467,0.014315332802085337,0.00955708046122504,0.008387173278818008,0.009884486693768835,0.010399581411088274
open,185,0.04637216750957254,0.04442059524756915,0.049391261513497674,0.04530464576765081,0.08474522737688013,0.1152201455821964,0.051260019092179386,0.08775551745626461,0.055471951770085216,0.05617604767019653,0.06413872756716368,0.04610108007289543,0.12113909607088726,0.15629265272495982,0.08153513083721571,0.12558950465048624,0.1505511673743456,0.15321948107306602,0.16840670584726677,0.13002731520270402
open,186,0.07555903703254808,0.07658790817028518,0.08345208291591176,0.06663712001144734,0.09683464120195467,0.08707080389189911,0.08468801648377011,0.11874510323019481,0.07043416012378173,0.06844071172377707,0.07182050576518752,0.0710412628823806,0.07262063326666802,0.06644102845792461,0.07253896220304819,0.07888190913903126,0.06679147946759521,0.05968878955333933,0.07520787990322018,0.06547776894622612
open,188,0.017218264055298162,0.016674549509653375,0.017579864402641976,0.017400378253599132,0.031537294382060654,0.037005814328454206,0.029836781454841838,0.027769287362885916,0.04846528362887994,0.03559316789263838,0.0472693858318495,0.06253329716215193,0.07359378241163225,0.07197748903979753,0.09136374013332457,0.05744011806177466,0.2004842491634725,0.18992121130587683,0.10535718595922286,0.3061743502253177
open,189,0.2031075822169814,0.20363200430312658,0.2030599994884557,0.20263074285936186,0.30504253435291295,0.2571261409604155,0.30892990253277597,0.3490715595655475,0.42233532490044245,0.4895371242663116,0.401285966744635,0.3761828836903807,0.4773016742036826,0.43728147857630595,0.5111546542821435,0.4834688897525982,0.3967137373677114,0.46206913554673656,0.37465518860849867,0.35341688794789894
open,190,0.08144906675813852,0.07097984019311569,0.09921297037555891,0.074154389705741,0.08458115106289817,0.1276268766736244,0.0677906313824382,0.05832594513263189,0.07905118021971642,0.07792019618982268,0.09848790699362377,0.06074543747570279,0.12273349728696709,0.11061172224497802,0.1218187577476862,0.13577001186823703,0.09742000246192402,0.0951512641199291,0.10367195602320889,0.09343678724263411
open,191,0.08860456814682797,0.08758109999978068,0.07972135177679897,0.09851125266390427,0.15248998698087,0.08988414845842084,0.2054668229809689,0.1621189895032202,0.06950711977566243,0.08957837336272449,0.076770664006434,0.04217232195782879,0.22433867962965262,0.28333489732944694,0.17734346594921263,0.21233767561029834,0.2452800466753932,0.2580717352840283,0.2900048403477588,0.18776356439439246
open,193,0.0027828009363068703,0.002901513159904612,0.0023828466194567672,0.0030640430295592303,0.006618874675669399,0.006985905092233241,0.007121565736208261,0.005749153198566696,0.010683039739332156,0.013961261373047151,0.010281738228301172,0.007806119616648144,0.003770362801802958,0.004295844067351203,0.0036042342149178127,0.003411010123139859,0.0040717463934768295,0.004589705443988761,0.003298567435191083,0.004326966301250645
open,194,0.09915339472308941,0.12301231393798456,0.07880614829196066,0.09564172193932302,0.24325408338520607,0.196473737948564,0.24268462782872052,0.2906038843783338,0.29143748445478684,0.34581273262822676,0.22290757188726415,0.30559214884886954,0.37770358178094104,0.41393556992713554,0.26224103317840985,0.4569341422372777,0.378586259979498,0.3664337911876267,0.3943174950385982,0.37500749371226916
open,195,0.02596777613817056,0.027476658813326903,0.02528684721926655,0.025139822381918225,0.018485562500886298,0.014759386383813614,0.01903725372630152,0.021660047392543753,0.026989811865435486,0.01682330863417084,0.022182978645275127,0.04196314831686048,0.021010049436993278,0.019674879657976964,0.017368658288232742,0.025986610364770128,0.023401629230918392,0.023383802650333935,0.022665304394635693,0.02415578064778555
open,196,0.05035740182542397,0.031659524711384564,0.04512291728696919,0.07428976347791814,0.1434457254058494,0.08292577897389561,0.14779155655351545,0.1996198406901372,0.15596219596163555,0.13370438378261898,0.20907674412312505,0.12510545997916264,0.23158029766206742,0.17837183438687812,0.2718927040435464,0.2444763545557777,0.16796626188504452,0.1821540276306698,0.220122453490106,0.10162230453435776
open,197,0.04196419344138313,0.042196208818430135,0.04745466538523143,0.036241706120487806,0.11717000848853953,0.0965630542697154,0.14722657861301794,0.10772039258288525,0.11943263266816868,0.06110004115566667,0.2010255737154805,0.09617228313335892,0.07471249740339313,0.13311017605367545,0.058905627057206346,0.032121689099297565,0.14823169679705048,0.0647407163614424,0.16341690091430086,0.21653747311540816
open,198,0.01138000625978672,0.012113217757081742,0.010442325784658606,0.011584475237619813,0.06920744569823271,0.10459556733452956,0.025145463589477567,0.077881306170691,0.027667774365466902,0.026808699420630917,0.03997345391453494,0.016221169761234857,0.03974036463171877,0.07177782508929206,0.02356355285217449,0.02387971595368975,0.09011122279687948,0.09059667434832837,0.10435034878851805,0.07538664525379202
open,200,0.008587279712156943,0.008698455777411363,0.008741608196533782,0.008321775162525684,0.007488083348708058,0.005892007435287634,0.008989528111615038,0.007582714499221497,0.054290532850562324,0.007853475719161635,0.1030791183862656,0.051939004446259755,0.037049394493672505,0.015528775781471006,0.007110175578658235,0.08850923212088828,0.036828626679664515,0.030232204041210756,0.049084959370044395,0.031168716627738388
open,201,0.10793142653303374,0.10253428677234917,0.10975117088437704,0.11150882194237499,0.18899371474374568,0.16386790402107715,0.2210364793009537,0.18207676090920621,0.16994565213535529,0.1613619456987392,0.15766356664069653,0.1908114440666301,0.29438700355546527,0.4493065978849543,0.23600528876189744,0.19784912401954416,0.29743646607285407,0.3157568355528623,0.3327465119431604,0.2438060507225394
open,202,0.03613141169818967,0.027840766590224175,0.056964968247126734,0.02358850025721809,0.013028341986966641,0.013955902209038489,0.009639156135193238,0.015489967616668194,0.022307027007765153,0.04724845612041399,0.009187219168190595,0.010485405734690865,0.02599359711206985,0.05955452313437213,0.010981035815493216,0.0074452323863442,0.01044644799166456,0.010949209187590257,0.010864361461419282,0.009525773325984142
open,203,0.48658497195200967,0.49754160046494605,0.46299975089319517,0.49921356449788784,0.7484600205524528,0.7415096106199357,0.7813989736275623,0.72247147740986,0.6552596194198738,0.6898540785031986,0.7015318357887304,0.5743929439676925,0.7560507246517147,0.7725718950411179,0.7944314149405145,0.7011488639735116,0.7678833356530076,0.7194652201550535,0.7998671475772148,0.7843176392267543
open,204,0.08837553998204402,0.08983681992472291,0.08887316460585044,0.08641663541555869,0.1947605767982112,0.1767742904393148,0.2352623968997886,0.17224504305553026,0.16793870352582807,0.1359954427124637,0.19029825153023475,0.17752241633478577,0.1677658957348659,0.1899563033987107,0.15387189088032657,0.15946949292556037,0.1940177852325404,0.18860879033310501,0.1706229577289748,0.2228216076355414
open,205,0.13524831296727421,0.13417513585636742,0.13653803231882736,0.13503177072662784,0.3528259030822635,0.38277833494905383,0.333628289014526,0.3420710852832108,0.2499437655718847,0.2859395377699444,0.2377367312065033,0.2261550277392064,0.31092402768540556,0.30524967345581916,0.3265079655811579,0.3010144440192396,0.31632056197156616,0.2769182604058668,0.3096743174700775,0.36236910803875416
open,206,0.15294419217974198,0.1600054149161913,0.16415532670769242,0.13467183491534218,0.107856473328711,0.07481739707417631,0.0694546435032702,0.17929737940868642,0.14512278654553623,0.15952482926065567,0.21701104771315835,0.05883248266279469,0.3665067043501675,0.33612228317510845,0.4660388704181125,0.2973589594572816,0.3528420046111431,0.3565724206349206,0.3257208084179298,0.3762327847805789
open,207,0.016805836286739262,0.018491318016541587,0.017744256946802987,0.014181933896873208,0.03523032627261028,0.02522209126416859,0.024614598955298064,0.055854288598364187,0.06925719394374695,0.03200213270021373,0.10906099008642894,0.06670845904459817,0.046800708979396,0.029489968331581757,0.0232146462738728,0.08769751233273342,0.04762784460766014,0.04528107882121074,0.043287355619180526,0.05431509938258914
open,208,0.01725027950883084,0.01707911822785456,0.015708955424821057,0.0189627648738169,0.04810838736479853,0.056730617438053556,0.04387050139097653,0.0437240432653655,0.05209425693945801,0.05429543772652403,0.04445850922941131,0.05752882386243869,0.07292689924271893,0.05497860425686188,0.08933247422643445,0.07446961924486048,0.04150093800387373,0.07939319336211531,0.018835160101721465,0.026274460547784408
open,210,0.11313997893058554,0.10891642704050758,0.10855611950862495,0.12194739024262413,0.28563247982806894,0.22054856460055533,0.3700416979383547,0.2663071769452969,0.2796598704540633,0.30523524354734305,0.3271354582642985,0.20660890955054848,0.4409180405025799,0.37849408074855156,0.4966553645415518,0.4476046762176363,0.5571474867070436,0.49430522307565855,0.5509735633486992,0.6261636736967731
open,214,0.08001144161587449,0.07486976696626065,0.08511291918427058,0.08005163869709225,0.12862247573309915,0.14789101968946378,0.13683919459185093,0.10113721291798275,0.1341467160278601,0.1925611411552199,0.10173704904506341,0.10814195788329702,0.09027693383938436,0.0962575823288219,0.0944450808853401,0.08012813830399107,0.14571238354950825,0.15285919799559805,0.1538785919573177,0.13039936069560895
open,215,0.012052737026524615,0.010796573468905746,0.011900848629487697,0.013460788981180402,0.02526605309121395,0.031252390871315316,0.015707204215694718,0.028838564186631815,0.03249357912675086,0.026927511983753517,0.05562527009386726,0.014927955302631812,0.0297606925851792,0.023800279321727198,0.02044329037690149,0.045038508056908906,0.02663324279141267,0.0177005662058813,0.026182265375548786,0.036016896792807916
open,216,0.0328931013302027,0.032323624318781906,0.035179476003053926,0.031176203668772277,0.048936354134819726,0.03356190187707465,0.05570610077912259,0.05754105974826194,0.07478155999360286,0.08446906927657837,0.05484980760982912,0.08502580309440112,0.03283698140756525,0.022342672051378812,0.027103827410668774,0.049064444760648154,0.07877893570262336,0.09916022348616203,0.05457300111392568,0.08260358250778237
open,219,0.056909956579835046,0.0521084177351241,0.058244525095768655,0.06037692690861237,0.18002283610401262,0.1429743459090598,0.22501308569159023,0.1720810767113878,0.14606490036368702,0.11077515711475767,0.13726996709489547,0.19014957688140793,0.12003683184114007,0.11745884588366297,0.11025346125014082,0.13239818838961645,0.13208167451571254,0.13239798010604728,0.14872978557772504,0.11511725786336528
open,221,0.006297490537230951,0.006608945687999062,0.006250696362653125,0.006032829561040668,0.007291142117054828,0.0065453694792963,0.008356468419424737,0.006971588452443449,0.00877452295092313,0.008062446713653078,0.010731989539982131,0.007529132599134185,0.012026599905842913,0.012182197487818467,0.01410706041258614,0.009790541817124129,0.010297282491080868,0.010956759769944082,0.008920187514545291,0.011014900188753228
open,222,0.018924081153477317,0.01951468875309081,0.016969761072539023,0.02028779363480212,0.015279746364973765,0.013045665940617582,0.016955362051420172,0.015838211102883547,0.03977454292100466,0.03270684966832535,0.06549611997417286,0.021120659120515767,0.015887915919360385,0.016950481915802677,0.013699056052707536,0.01701420978957094,0.02621377899336752,0.015082928299027963,0.015989686768226992,0.0475687219128476
open,223,0.016163461557474855,0.015579394910105836,0.017293866315714237,0.015617123446604491,0.09525575176346934,0.08820704906959094,0.12420868510780078,0.07335152111301632,0.08317166779916525,0.10056238652215208,0.10291605093532386,0.04603656594001981,0.0995022539605927,0.0958451322578913,0.12616385504287853,0.07649777458100826,0.13457573002336876,0.13290122182978217,0.1435906793521884,0.1272352888881357
open,224,0.1871087730143297,0.18314906815263232,0.19378599141191802,0.18439125947843887,0.3033909716469641,0.30814912351866147,0.3168898124707973,0.28513397895143344,0.28321126614262915,0.2639461272629384,0.27434918936630853,0.3113384817986405,0.449971968334051,0.47015078079008626,0.4421602202257214,0.4376049039863453,0.3298401882833547,0.3456125004806781,0.2938999052090652,0.3500081591603208
open,226,0.06698826782563826,0.06311583568459707,0.0713151057898238,0.0665338620024939,0.14778633277908357,0.17357251723029385,0.13628665943775972,0.1334998216691971,0.09798500937189185,0.10717098259326933,0.11546551908595494,0.07131852643645127,0.10876217983431259,0.1214709766599734,0.11108774680214088,0.09372781604082352,0.12266132341744013,0.11601663698373309,0.1523902973085976,0.0995770359599897
open,227,0.03269997653231727,0.03345249559549338,0.030557401074242364,0.03409003292721608,0.04552353262388825,0.04926431677286198,0.049766775840421294,0.037539505258381484,0.07003340170325459,0.08632985041883696,0.06056669128872287,0.06320366340220393,0.0769911986772734,0.07656827385489552,0.06846709715454839,0.0859382250223763,0.044303799376220886,0.03978573114726962,0.05128172517423008,0.04184394180716296
open,228,0.030670525876553903,0.029520758149784235,0.03612449511268447,0.026366324367193012,0.03727250581665739,0.03377858442666521,0.03138633701463083,0.046652596008676134,0.040431952466034364,0.05442203205547411,0.03345357075038174,0.03342025459224724,0.0328774039683739,0.03171515879042769,0.036053458605567405,0.030863594509126593,0.046351144602826834,0.05715419996664393,0.03591755028346961,0.04598168355836696
open,229,0.42765205888021257,0.41906745102755855,0.4488055287957431,0.4150831968173362,0.36663014885254347,0.3571380462753252,0.33798488053952214,0.4047675197427832,0.4198036817681619,0.4151093884985981,0.4584308110660592,0.38587084573982855,0.3848989268489378,0.41614337292928233,0.3538215609395646,0.3847318466779662,0.5164189129540516,0.4477925950146345,0.5440923212533749,0.5573718225941454
open,230,0.006574811581359099,0.006937851795299532,0.005470316704361251,0.007316266244416513,0.0038190960156797176,0.0028726261877422034,0.005332342394292856,0.0032523194650040947,0.006322608039795091,0.005384753769602719,0.004099423626835547,0.00948364672294701,0.04925612544940102,0.008521956553737928,0.13001571815931284,0.009230701635152258,0.007950239740399233,0.0056489381048895225,0.006640869233834365,0.011560911882473813
open,231,0.22717835012222998,0.23074546509049387,0.2236422166559902,0.22714736862020588,0.4037462628303872,0.3801288869781164,0.3924835377195645,0.4386263637934809,0.353381153488707,0.31218807569189305,0.41377023795842016,0.3341851468158079,0.3867451265955994,0.31315021596448783,0.47563190251240345,0.3714532613099069,0.4551674150211808,0.38802425837126636,0.5218075533436197,0.45567043334865626
open,232,0.1070940552731433,0.08768860441258008,0.1062968209439803,0.12729674046286948,0.24098311252620178,0.23160386174557349,0.20563270629298874,0.28571276954004315,0.1539704229981029,0.1890867439796448,0.12657942269911632,0.14624510231554752,0.27537069893906,0.3103355303435199,0.2844725495506152,0.23130401692304492,0.3697901229095339,0.37484432032219933,0.3223877149812976,0.41213833342510486
open,234,0.022533085879328726,0.018184300026228558,0.021292633462849847,0.028122324148907765,0.024723344395796782,0.019959997250704797,0.027816971400889953,0.026393064535795603,0.032148116937290826,0.04176141190420785,0.02998921598743105,0.02469372292023357,0.04173398854234738,0.04456484799592684,0.035194743240551475,0.04544237439056383,0.03545664243612138,0.045860985421410684,0.03220344006179789,0.028305501825155566
open,235,0.010471736906209525,0.008579301476352124,0.008082811140547494,0.014753098101728956,0.009422666989523662,0.009209513683796076,0.008698124180724852,0.01036036310405006,0.010075754963947168,0.007869227978244223,0.005999087377418478,0.016358949536178804,0.011370308378703382,0.008579994162468903,0.011532792414021402,0.013998138559619837,0.020112254226126124,0.022700247055855213,0.026612738086606805,0.01102377753591636
open,236,0.030435716933293683,0.026728395376918016,0.03578355458078092,0.028795200842182123,0.09014237099280242,0.07173062646187112,0.1601245263583677,0.03857196015816845,0.07218245195699906,0.03320345717624749,0.11472285251134008,0.06862104618340957,0.14695768225938607,0.08889225050962743,0.16353314795925336,0.18844764830927738,0.1452922873634048,0.12906327535694997,0.2166598018459726,0.09015378488729175
open,237,0.03357910686953337,0.03431154736399583,0.042579768027937476,0.023846005216666816,0.020170420276208526,0.020195890706279345,0.019099903254372497,0.021215466867973737,0.07644255890991497,0.016227742155368343,0.11388537432266499,0.09921456025171158,0.07984624847511661,0.06715272975234064,0.03675488659699007,0.13563112907601912,0.06048086496682256,0.03153929257806579,0.1074121703824546,0.04249113193994731
open,238,0.03313011535941773,0.02721312283614148,0.027176223036549024,0.0450010002055627,0.021378343970660935,0.02754368391480876,0.017388702952809542,0.0192026450443645,0.03320484132338263,0.03219517717417586,0.04086027850160227,0.02655906829436977,0.02493736715626574,0.02796208820117821,0.024940900326750948,0.02190911294086806,0.031014467132447533,0.03461356795004292,0.03464270082533204,0.023787132621967653
open,239,0.003405367833032293,0.0027941432801820323,0.0037907242725901723,0.003631235946324674,0.20096498056093917,0.20064308433091793,0.20118084189839253,0.20107101545350706,0.010923168423860692,0.019181632838384532,0.009834558961782742,0.0037533134714147973,0.04198348795515774,0.034053931925102435,0.04095984911904854,0.05093668282132222,0.2016632802935703,0.20104505006383483,0.20108059311371348,0.20286419770316266
open,240,0.06302000428098953,0.05866438045878964,0.045389376082915135,0.0850062563012638,0.08483539461247895,0.2121760305091757,0.016082193608134912,0.0262479597201262,0.06622496828158257,0.08933020789419736,0.04991187042379933,0.059432826526751026,0.0659189219584609,0.05297560592601206,0.04785534479418056,0.09692581515519005,0.17929747597913362,0.1613497726183872,0.19093782870883563,0.1856048266101781
open,241,0.015708524532551116,0.02000354761144715,0.015041779782299236,0.012080246203906964,0.03713261554079741,0.051082928938907673,0.027077842404257285,0.03323707527922727,0.02596820879128925,0.025359819501277994,0.030612280893312343,0.021932525979277407,0.07938778647762611,0.03562635553131657,0.06996032834638757,0.13257667555517416,0.1047010554303386,0.18756029709731126,0.0887248384575563,0.03781803073614828
open,242,0.11236822813558817,0.1107763623779002,0.10898512180577422,0.11734320022309007,0.19574514578957466,0.20775970126340562,0.22617321193173873,0.15330252417357956,0.09184157357655941,0.0719272810417114,0.12245193948957528,0.08114550019839153,0.1346088100119084,0.14972174789526613,0.14928924453866796,0.10481543760179107,0.1747930472138837,0.14537857979564411,0.16783026557179442,0.21117029627421258
open,243,0.1451424814454779,0.1613504787576457,0.15131045873618323,0.12276650684260476,0.26620088478429377,0.2501812023289637,0.2626973502585994,0.28572410176531815,0.3163962856637532,0.29686088819686834,0.3028566957959829,0.34947127299840847,0.31819325957635136,0.3359901696911134,0.31391072396427266,0.304678885073668,0.29453682058946523,0.28511461848690955,0.2903250291787678,0.30817081410271846
open,245,0.003734180705707442,0.0034830362145052097,0.003866590126358334,0.003852915776258782,0.020089894055785137,0.011055176742897008,0.02471955882795668,0.024494946596501723,0.014462202616275168,0.021950090002583893,0.01057121358581588,0.010865304260425729,0.021347834129482286,0.01576604140990269,0.013913100735317973,0.03436436024322621,0.024884649921331697,0.018261526452694635,0.02198323525342234,0.034409188057878105
open,248,0.0858889664548242,0.08378113265581473,0.09778347870114747,0.07610228800751045,0.060353731609082806,0.04952257336681515,0.04860054120327954,0.08293808025715371,0.13876526058543628,0.15084719869756777,0.17255610471862548,0.09289247834011555,0.2445394888728735,0.28148510483017763,0.26167727860019085,0.19045608318825205,0.3001447745786969,0.30029707867489036,0.3656178717657801,0.2345193732954203
open,249,0.05052444527772009,0.05141710538768028,0.03167990972400977,0.06847632072147022,0.02051023656802284,0.018133434577272754,0.021399790921751833,0.02199748420504394,0.038939014537745925,0.02168815358105761,0.020425051769723843,0.07470383826245633,0.021015357954520603,0.019329722350829557,0.02572560412849966,0.017990747384232595,0.02141885076285052,0.019119627362483838,0.026913408788797017,0.018223516137270693
open,250,0.018369347485432456,0.021660561851121373,0.018373436050882066,0.015074044554293927,0.17566881288448696,0.29901086666213844,0.10089727963721074,0.12709829235411169,0.24348307712360984,0.31171705835619307,0.17772952234906317,0.24100265066557322,0.26947054898087636,0.23641692079380375,0.1805831081330259,0.3914116180157994,0.4287551064915627,0.5153966083086887,0.3526107314983762,0.4182579796676232
open,251,0.02803827060471457,0.027533129436308,0.028167076053397813,0.0284146063244379,0.06949750863825385,0.07176414075130035,0.0751670640529152,0.061561321110546,0.05491237562614767,0.06041223956294859,0.04121013769321271,0.06311474962228168,0.051944115056607156,0.04737788909277314,0.04751563582675325,0.06093882025029509,0.05473529995335974,0.047657384641647337,0.06119017774238416,0.05535833747604772
open,252,0.017571085681432366,0.013653876044811272,0.020774861696524337,0.01828451930296149,0.012248605940735374,0.01102172983425748,0.014452317870137416,0.011271770117811225,0.015493151649414207,0.022910650725494336,0.013670105984119644,0.00989869823862864,0.01376516803165087,0.01894582912873847,0.011383789853452458,0.010965885112761684,0.013997547487103778,0.010403586972678193,0.010254302694509667,0.021334752794123474
open,253,0.033246161321858154,0.016849538458723428,0.05371859842206447,0.02917034708478655,0.025570996367061727,0.021638514361010747,0.025086053521059307,0.029988421219115127,0.030979059648782645,0.009884195511742603,0.06659134904108682,0.016461634393518512,0.046772410858655133,0.023242214210226333,0.057457398267451304,0.05961762009828775,0.09819340135802462,0.07779903766758266,0.09803053990715699,0.1187506264993342
open,254,0.01431091258936378,0.013649188657445733,0.013023182591319692,0.016260366519325917,0.020397457864936536,0.027839357990544007,0.01379675011099367,0.01955626549327193,0.016152484580742015,0.014744684872431708,0.008937251964357778,0.024775516905436563,0.04569430159145834,0.036279535686479104,0.01805792693275279,0.08274544215514314,0.08584194152125023,0.028857576567715575,0.15720062850945657,0.07146761948657855
open,255,0.019792580176456853,0.019013826869990147,0.019300397155191096,0.02106351650418932,0.021058553190805494,0.024601775569291016,0.018611455969112248,0.01996242803401322,0.03321031004783399,0.026991888554484575,0.04174806137913513,0.030890980209882245,0.044417494153542326,0.0774593619389342,0.02586967547193483,0.02992344504975796,0.03334016551537905,0.0342587293348451,0.03286324491859243,0.03289852229269962
open,256,0.003947997729554536,0.0038150174415030134,0.004059871054554014,0.003969104692606578,0.008819108772005502,0.007130149208571609,0.008603838840412612,0.01072333826703229,0.010116576967201505,0.016639977063490193,0.00754193062879192,0.006167823209322403,0.011423184553113702,0.017563320585683384,0.010434971628706595,0.006271261444951128,0.007242519193900592,0.006921967929254521,0.008654910948588905,0.006150678703858351
open,257,0.011871827428158883,0.011497822413865275,0.0129889031013286,0.011128756769282773,0.021537222952259998,0.03220992230809008,0.010088008177829963,0.022313738370859947,0.02969116342982499,0.03511150262548278,0.02117250173476414,0.03278948592922805,0.027629907141162074,0.019480102658130195,0.04089144145068324,0.022518177314672774,0.035701361163261155,0.043056485185214675,0.03684865366457402,0.027198944639994768
open,258,0.008535211861003334,0.007474500590713396,0.00828112267790502,0.00985001231439159,0.010246075431365785,0.011807835809767454,0.01251844097309361,0.006411949511236292,0.01902570440481702,0.01871066843154188,0.011668357687064765,0.026698087095844425,0.004921432932400188,0.005127806310509265,0.005164888674749647,0.004471603811941652,0.008411386498870823,0.008090953487092944,0.010381821951322612,0.0067613840581969105
open,259,0.010187429734526899,0.010326184162829499,0.00927455874430013,0.010961546296451068,0.014492054008772577,0.014177030833346704,0.017849038426016962,0.011450092766954066,0.02647882405925601,0.02373962356499496,0.03496074141589547,0.020736107196877594,0.02886417124307958,0.024024969169677102,0.02386722963800161,0.038700314921560015,0.022558253899250497,0.026689434198624386,0.014939188958610532,0.026046138540516572
open,260,0.20211970747598318,0.2129071534980047,0.18415211532089018,0.2092998536090547,0.47518145441165655,0.4446066533088952,0.4351507066361364,0.5457870032899379,0.39729978315677,0.41976187887639105,0.35978512387164086,0.4123523467222782,0.36672036848866885,0.32542219389155363,0.39663875404344734,0.37810015753100545,0.46770623833710134,0.4788013208090067,0.5240397210732807,0.40027767312901663
open,262,0.21884600308160138,0.18802535044200344,0.20090677944780028,0.2676058793550003,0.057805879446380465,0.04091846208166528,0.08721489580025833,0.04528428045721777,0.0706624832907881,0.07548333832346776,0.03015190010690961,0.10635221144198692,0.0885688651097764,0.12932157745835413,0.09348912443300267,0.04289589343797242,0.11846029930825798,0.19251854442911714,0.11044721579682643,0.05241513769883037
open,263,0.05048225168221806,0.05281573148106044,0.05940812727810415,0.03922289628748958,0.21290318488873242,0.14929514549977727,0.2611071144911395,0.22830729467528052,0.135479791990628,0.1230301264462674,0.15270264452034676,0.13070660500526982,0.11351536753592546,0.15791989433618123,0.06611672356372915,0.11650948470786605,0.23777637943188715,0.29520936134605,0.22624924537805327,0.1918705315715582
open,264,0.039977345025154536,0.059051454764959356,0.020335780791672853,0.0405447995188314,0.19025805833719125,0.18549274282176842,0.17685950958350324,0.20842192260630213,0.18761731376255839,0.23002421605264345,0.1620819837061159,0.17074574152891575,0.15159160524374363,0.08566611180331977,0.10043412143517039,0.2686745824927407,0.1358772572634169,0.04721586196586072,0.15257669667270868,0.2078392131516813
open,265,0.0981370150919859,0.09462127277298248,0.09997235952555734,0.09981741297741785,0.2039500453454074,0.24299845162393127,0.17056225136821776,0.19828943304407312,0.2531824714576813,0.26651374432909797,0.2849966283712537,0.20803704167269216,0.24030752314786494,0.2952661390777917,0.2000285908011423,0.22562783956466076,0.25952302216135054,0.25741452315969293,0.2532143688220897,0.2679401745022691
open,266,0.21290921536750237,0.20927709665195762,0.21333333333333332,0.2161172161172161,0.8783333333333333,0.8099999999999999,1.0,0.825,0.6111436711436712,0.6745421245421246,0.7342857142857143,0.4246031746031746,0.6007159017453135,0.702156862745098,0.4657051282051282,0.6342857142857142,0.6681144781144782,0.6454545454545454,0.7833333333333333,0.5755555555555556
open,267,0.032190662705553895,0.03575938724212628,0.02801462251598399,0.032797978358551416,0.03432442953219651,0.03340890513310895,0.03093030014264832,0.03863408332083226,0.06914062689570782,0.0372136869183995,0.04059325736284667,0.1296149364058773,0.032225713758213224,0.02802184707549312,0.03700689205854686,0.031648402140599705,0.056223866692141855,0.05914945490477067,0.06091476244232603,0.04860738272932885
open,269,0.006258145646657695,0.0057627417275168315,0.006356234388877271,0.0066554608235789795,0.004753961006175218,0.005484804599668578,0.003975201506039077,0.004801876912817999,0.0077845572757727,0.009398197168372523,0.006502157843656586,0.0074533168152889915,0.009206933148150602,0.01169571029666053,0.007688380773780482,0.008236708374010788,0.011863868679268126,0.014617027929822656,0.008778584712229715,0.012195993395752003
open,270,0.01939235697997752,0.025795291241685028,0.013974215689677954,0.01840756400856958,0.017970192398268834,0.015130560366070004,0.023427093201942948,0.015352923626793547,0.048149293273853415,0.04389599594279152,0.08048627914458129,0.02006560473418744,0.054246414090418325,0.04804904690086963,0.06624296336089777,0.04844723200948757,0.10999469777388889,0.12248109749088715,0.13713417277493253,0.070368823055847
open,271,0.0917798729513496,0.08423206352046439,0.10122490760222458,0.08988264773135979,0.21630119078030008,0.19669501055440372,0.26245189325070767,0.1897566685357889,0.2010595066656525,0.22108041224361658,0.24092031840422137,0.14117778934911956,0.12870480989013267,0.1542367808374782,0.12851288591418153,0.10336476291873828,0.2048697442560223,0.20696181397216398,0.1774831108736373,0.23016430792226564
open,272,0.030716990531649894,0.032533488800135756,0.029067996275442733,0.0305494865193712,0.013585827413426945,0.01270171826705422,0.01674523392347143,0.011310530049755189,0.015147668534005088,0.020217628927484417,0.014136185360948435,0.011089191313582412,0.029261617713200228,0.014437246250787763,0.030718593501608448,0.04262901338720448,0.027213089469614187,0.02824078842996909,0.01819613433098128,0.03520234564789219
open,273,0.02677165443408534,0.028221302523387937,0.025458744214311175,0.026634916564556906,0.027363446147297757,0.029293908685116766,0.02312801119463033,0.029668418562146175,0.036678898960278955,0.02867611264142482,0.03364783028107893,0.04771275395833311,0.07171285911478549,0.04434389651637151,0.06235914545756029,0.1084355353704247,0.03305003536280702,0.03506894234023373,0.03595271289253707,0.028128450855650265
open,274,0.009108047271549062,0.009797439983162227,0.007809198275383318,0.009717503556101641,0.016991778907147374,0.018043418516012343,0.017536539307345885,0.015395378898083897,0.06918066038791769,0.04313621053540498,0.11815489463851254,0.04625087598983553,0.026726984523388772,0.011423614208678391,0.05388248096031194,0.014874858401175988,0.07436204920919542,0.11998411158788526,0.012857229789906941,0.0902448062497941
open,275,0.028119794026780328,0.0337471115904444,0.025620592779755758,0.02499167771014083,0.08690180169393047,0.09113541488099518,0.056497865225599485,0.11307212497519675,0.04171400653698634,0.06533108774323493,0.04112027583162586,0.018690656036098232,0.04012586512548505,0.02901384170948088,0.05220971958864814,0.03915403407832613,0.0597762239811788,0.030614197563649057,0.04476961193666157,0.10394486244322577
open,276,0.026349180522188747,0.02590682563607755,0.0348405879827489,0.018300127947739796,0.020687893980266964,0.02513156646435056,0.017369160789089202,0.01956295468736113,0.017243142384859744,0.012781423599006143,0.022750056487213385,0.016197947068359704,0.021567894355468065,0.024806111370942147,0.0188951220058705,0.021002449689591553,0.015255175385071021,0.018240708855700116,0.014757473375820092,0.012767343923692857
open,277,0.029455120585305344,0.02765562374203737,0.02765507202774991,0.03305466598612875,0.020323876730739873,0.025382591886834702,0.019301451721665544,0.01628758658371937,0.0604422094744668,0.07993812196056843,0.07260192145667432,0.028786585006157668,0.03739395892629018,0.03201000351014481,0.02185709223063661,0.05831478103808912,0.04637571325751797,0.06734753601967035,0.043387214499725775,0.028392389253157797
open,278,0.029427055151957583,0.02694033418480025,0.030595194540229048,0.030745636730843455,0.042892434751429315,0.04155395518954213,0.04375107579354835,0.04337227327119748,0.05062399240997197,0.05237485960259805,0.05392235371784091,0.04557476390947697,0.05310588806462676,0.061147669985714956,0.0559228480393526,0.04224714616881273,0.06406837638111344,0.06827404256952634,0.07321706076790198,0.050714025805911986
open,279,0.018119191193134866,0.02164539577116838,0.01602749170033359,0.01668468610790263,0.03035064955128605,0.06014010943771048,0.022632399765393944,0.008279439450753708,0.012391979353027873,0.015973288572562593,0.009225821271647896,0.011976828214873128,0.012483996106550712,0.005923485041122652,0.008239183675655232,0.023289319602874253,0.007070446311285672,0.0064873689605718056,0.006089517843331533,0.008634452129953675
open,280,0.0712471333376714,0.07684800385476008,0.0784360997894418,0.05845729636881229,0.07767324824912396,0.08185529733966967,0.046495407966871495,0.10466903944083071,0.10801674647651056,0.06688075096803452,0.11967079086525977,0.13749869759623742,0.10220612723025135,0.0967438760145726,0.04362057423976835,0.16625393143641312,0.167516410946193,0.19301362760405616,0.19795429097386688,0.11158131426065597
open,281,0.00883418522024322,0.007458183187352471,0.0080798698190217,0.010964502654355493,0.04729307953131325,0.10104811086033831,0.0168974347848667,0.023933692948734736,0.016240368411331033,0.023076835618741322,0.01635987408382808,0.0092843955314237,0.04878741053242833,0.03783120205336291,0.07115163730379019,0.03737939224013186,0.02651418581440501,0.030273027110333903,0.020471446159024104,0.028798084173857028
open,282,0.03960898594779031,0.03326813431785979,0.04372626494189313,0.04183255858361801,0.11345403958412577,0.10786234767490575,0.1305547118568722,0.10194505922059936,0.1032304103486862,0.11478789393570822,0.09724133708211324,0.09766200002823716,0.11790674953595486,0.12995070405456197,0.12230508536293466,0.10146445919036796,0.1382944184550218,0.15923419962937693,0.14510046595889078,0.11054858977679766
open,283,0.034113379689711766,0.03135099407228142,0.03350567036978076,0.03748347462707314,0.2954113030766457,0.27104575447595275,0.28907689309908224,0.3261112616549023,0.2794977660901011,0.2561354907984572,0.3217371718621092,0.26062063560973686,0.2659394404834768,0.22101828671055013,0.2823269499110279,0.29447308482885237,0.2573376866972262,0.2555254360716724,0.29655597477103046,0.2199316492489757
open,284,0.0021026965512326683,0.0021306778201545715,0.0024103168255957138,0.0017670950079477197,0.014192577693901256,0.007430216816796166,0.016578783775179375,0.018568732489728228,0.00436779019923769,0.005282440799530583,0.003181276148612767,0.004639653649569718,0.01005719763573841,0.010100065608290278,0.004551199592503621,0.015520327706421332,0.023816138680900434,0.015387609722689705,0.04897191402208114,0.0070888922979304506
open,285,0.0038792822548926902,0.003710672950003753,0.003980704689421136,0.003946469125253182,0.00350136055507382,0.0034793224604817465,0.002977556395079275,0.004047202809660437,0.007373865214038877,0.0033680899743153414,0.009373287088017624,0.009380218579783665,0.006639839954963716,0.005956654848153228,0.006288324451479479,0.007674540565258442,0.007850431330122505,0.008640215265830089,0.004887397868366476,0.01002368085617095
open,286,0.018681813531418543,0.023977529937654698,0.01154948349530842,0.020518427161292513,0.007658533934896483,0.005824470232564068,0.008995606600813997,0.008155524971311383,0.024086372994299807,0.019325180884075324,0.035430296743331015,0.017503641355493083,0.04211876200558159,0.0781641009988408,0.03111903161534364,0.017073153402560323,0.04589116105647173,0.032023387963064434,0.06525987599091078,0.04039021921543999
open,287,0.12526319091980517,0.10866265256674526,0.11408985927168581,0.15303706092098437,0.10699914072549542,0.15677851040520102,0.0712474886351532,0.09297142313613202,0.05637581899308112,0.05907671071462134,0.05817708036446267,0.05187366590015936,0.048904646848056905,0.03678578285363222,0.061858764853260154,0.048069392837278346,0.09540874757958878,0.09296566231486571,0.07560619221024374,0.1176543882136569
open,288,0.004494989572842514,0.004460540476665655,0.00447165534181007,0.004552772900051819,0.003725097428605162,0.003948436245878549,0.0034958298990919586,0.0037310261408449777,0.005682361098478903,0.005358360212090181,0.006625681711763406,0.005063041371583124,0.006947192753812913,0.0073473640891159086,0.007089190649353647,0.006405023522969183,0.00652388241081963,0.009057041182113095,0.005500110020364456,0.005014496029981337
open,289,0.04412166793004413,0.040147882870863356,0.051544908079323874,0.04067221283994515,0.12975352948334345,0.0981792032747025,0.15705235098453044,0.13402903419079742,0.09405937732996067,0.15536760047905454,0.06727739039129892,0.059533141119528545,0.06627942373235404,0.06762989389922743,0.08492461319408451,0.046283764103750215,0.12047367838914362,0.16085142326891905,0.0995469807771665,0.10102263112134527
open,290,0.06999207754110043,0.06764169964702484,0.07014684251044197,0.07218769046583448,0.26411301218127353,0.2971598698947792,0.17736458529606644,0.31781458135297497,0.1229691579172446,0.15930874956102495,0.13686993905410383,0.07272878513660501,0.23444109632279683,0.26110540485350076,0.23240325370609008,0.20981463040879963,0.33574782919532814,0.34849209724961294,0.37855443280321455,0.280196957533157
open,291,0.07587295436585702,0.07236534305319801,0.07682458465990179,0.07842893538447124,0.1356804265963367,0.11515463972112387,0.1493227584075167,0.1425638816603695,0.10830153888999634,0.08002807897450885,0.0704191101082052,0.17445742758727503,0.10567021067252651,0.11932647288901543,0.10301274302980108,0.094671416098763,0.11127380534055915,0.08734186239238874,0.1298955558354478,0.11658399779384095
open,292,0.009957128014273838,0.0075485724164482655,0.01283314079275546,0.009489670833617788,0.013886103514571618,0.020535618556605257,0.010585010729244719,0.010537681257864877,0.008443342236306101,0.008184519626722769,0.007276903189002309,0.00986860389319323,0.010641209560622531,0.011554674437292642,0.01031726263166137,0.010051691612913582,0.014143386681707048,0.010272916124374957,0.015910146116908323,0.016247097803837866
open,294,0.0048290452525849865,0.004981469881604083,0.004681919242390092,0.0048237466337607855,0.007409700240682914,0.008547267025766764,0.007067951834755632,0.006613881861526346,0.009441567246300348,0.009096258850055246,0.008489691684173089,0.010738751204672707,0.009854084575729909,0.009161604209259171,0.00904324497315289,0.011357404544777665,0.011927023366870453,0.012691819563379732,0.014887542090291429,0.008201708446940197
open,295,0.007852356721478028,0.00924565362286645,0.007492818097822068,0.006818598443745562,0.015264803915901173,0.014689232046760781,0.014351484363122793,0.01675369533781994,0.014809720853301707,0.02079085444631055,0.013279698013150943,0.01035861010044363,0.011962330463123394,0.010725369611992951,0.0163223420448486,0.008839279732528628,0.012873126692729442,0.013308091218980429,0.009597217524514035,0.01571407133469386
open,296,0.04250467994342196,0.046891667463006416,0.04172110382153448,0.03890126854572497,0.4594753183576841,0.43787732791801354,0.4289977774894327,0.5115508496656063,0.5075505216331918,0.5560448089188762,0.463968250027218,0.5026385059534813,0.4943023044779127,0.6213114257473448,0.5114003768620478,0.3501951108243455,0.6552502338795493,0.6685444283279913,0.6281361195363744,0.6690701537742821
open,297,0.14976293795486897,0.17674108494447008,0.18077673817916481,0.09177099074097206,0.1887110478370436,0.18814778815898558,0.1879225925030226,0.19006276284912257,0.06664457722435685,0.09871489675431276,0.05076241186218707,0.05045642305657072,0.1896223316839654,0.19445221160376333,0.1938235919373327,0.18059119151080014,0.18660678585865473,0.2402897508867998,0.18919850295933524,0.13033210372982915
open,298,0.02713667120752997,0.019459083997465737,0.03554395698938254,0.02640697263574163,0.020531609838818594,0.016640457471440846,0.02202768572619896,0.02292668631881598,0.058219876873063826,0.048057008103552915,0.10897262403212826,0.017629998483510326,0.017512646480653704,0.016406479117710173,0.021525457799625405,0.014606002524625527,0.02739067183560893,0.028159485656058133,0.03187217738567064,0.02214035246509802
open,299,0.029511725103240124,0.048204389636596276,0.01742376667664051,0.02290701899648358,0.3784833959808704,0.3338066991539723,0.4077060844748361,0.3939374043138027,0.2666101096739572,0.0915959074383525,0.3743774745486529,0.33385694703486624,0.3103841668958784,0.3946626975404123,0.26798547695944575,0.2685043261877771,0.42015690680766465,0.5177285482240488,0.3538863383101296,0.38885583388881545
open,300,0.02866087073881742,0.022492051691318595,0.031084458681001473,0.03240610184413219,0.26124410194717135,0.2988085067985552,0.2576162239036219,0.2273075751393371,0.19052451103156734,0.2680465318652454,0.13919440721140583,0.16433259401805084,0.22926532000941824,0.18724177730043587,0.25995343927728903,0.24060074345052987,0.2719964568480053,0.37962572836189273,0.26534190896978416,0.17102173321233907
open,302,0.0012034372015682837,0.0012811008247812883,0.0011546465083032552,0.0011745642716203075,0.0070569735381678595,0.013370712879475753,0.004128860882136337,0.0036713468528914903,0.003808312285808413,0.0031501642213415926,0.0024135429830443133,0.005861229653039332,0.005076819564265797,0.004245839569355671,0.006167717645244604,0.004816901478197117,0.005421432905965736,0.0071641302881291025,0.002556778962311014,0.006543389467457091
open,303,0.0025976809483163007,0.0028896929906752993,0.0025500264673972437,0.00235332338687636,0.0033692864800620777,0.0026177152796201548,0.0039247210210072315,0.003565423139558847,0.005536014873279216,0.0033453545281590547,0.00961468591713633,0.0036480041745422633,0.014086311391856343,0.005494694653090037,0.005276132403685933,0.03148810711879306,0.0072822259883279965,0.007705891631148581,0.007214396503945884,0.0069263898298895284
open,304,0.5195804689747687,0.5149129145573065,0.5392616040284967,0.5045668883385029,0.35270942162999014,0.43260401235527685,0.16567955685102817,0.4598446956836655,0.28119199870214273,0.16862748909480343,0.3475882316577192,0.3273602753539055,0.3751068469092281,0.22229834865604128,0.49518375596462466,0.4078384361070182,0.3497124999182711,0.4312832488954783,0.24825772154199707,0.36959652931733794
open,305,0.0014483639856533006,0.0015779059867678895,0.001380717293629633,0.0013864686765623791,0.006990264793751057,0.002996352222119159,0.0030836120292440806,0.014890830129889928,0.010756949418307358,0.013173063280990292,0.0096979076482339,0.009399877325697885,0.011272796922769635,0.01857153798539088,0.003949323504841395,0.011297529278076632,0.004028455667388988,0.004382623360282137,0.0035216243051733125,0.004181119336711514
open,306,0.028172450159458556,0.028349574313274947,0.026225378155937985,0.029942398009162742,0.08845452676466149,0.10059341042832635,0.068887573899309,0.09588259596634913,0.10628280639355991,0.10894385659528989,0.094939701261877,0.11496486132351284,0.08855367110150608,0.074773039127747,0.0919972590798839,0.09889071509688734,0.11490314670356262,0.09908711596701833,0.1212116858889147,0.12441063825475485
open,308,0.006344638729972472,0.007398138318968014,0.00683965109274039,0.004796126778209013,0.049734150722366956,0.01599397254865873,0.11212414999127818,0.02108432962716396,0.013336716170948447,0.011317906688831363,0.018606350154172363,0.010085891669841612,0.02658702684190541,0.01655874605317773,0.03982421369486269,0.023378120777675815,0.022551187779116303,0.014534510213820477,0.014103271176261195,0.03901578194726724
open,309,0.04563919357734315,0.033082770655563434,0.052784344422623544,0.05105046565384246,0.04226176849669385,0.054155405110965886,0.043313048097498176,0.02931685228161748,0.036604524807516865,0.025360606403599644,0.04505114379099256,0.03940182422795839,0.03438847125193378,0.07068149064914551,0.015272842359035957,0.017211080747619872,0.030893520961548515,0.03667986374485416,0.03865393348054779,0.017346765659243594
open,310,0.07710972633796143,0.06029572596750534,0.07070665528395917,0.10032679776241976,0.05144946525170122,0.08250933512778899,0.035049726674908244,0.036789333952406425,0.10851023316885637,0.14049815620170333,0.04722962259639798,0.13780292070846775,0.11743008942948857,0.1001366928850894,0.12734624425227123,0.1248073311511051,0.09972016604108747,0.07710846417841151,0.03304983811467245,0.1890021958301784
open,311,0.05675263654389898,0.04715656388426932,0.08016393887891848,0.04293740686850914,0.15207187369428046,0.12723934007251794,0.1563203287437771,0.17265595226654637,0.12139020756586653,0.10225363153787165,0.1323402105842289,0.12957678057549904,0.16899944271078274,0.1639992669675454,0.1835508847786233,0.15944817638617953,0.15349946513584226,0.17543045373390614,0.12799813078903463,0.15706981088458602
open,312,0.024332122411092835,0.024949406841827077,0.02356486239610447,0.024482097995346955,0.07035878802400578,0.06969915559078925,0.07775513637958122,0.06362207210164686,0.06066516639114542,0.06098992956572742,0.04119331612676533,0.07981225348094353,0.05660355936753295,0.05154391092391214,0.05183411117652886,0.06643265600215785,0.06971622436147722,0.07468992269840716,0.04919192313900493,0.08526682724701955
open,313,0.02201133630316866,0.02197526931631809,0.024054383804260133,0.02000435578892776,0.025394659984168188,0.021714185297264325,0.03536707933415015,0.019102715321090088,0.03539287998160365,0.03904347173318059,0.04759439364190729,0.019540774569723054,0.07929499897412425,0.0678253961014418,0.11830376687505006,0.051755833945880916,0.03908663570343456,0.04454414246895094,0.030509089563222316,0.042206675078130425
open,314,0.09923064118358889,0.11350633773214552,0.09113384771000653,0.09305173810861458,0.13330231115061528,0.11639266998447566,0.14005212655386917,0.143462136913501,0.11511288916379209,0.17088488048355094,0.0858313655511204,0.0886224214567049,0.1398827984840505,0.14132716255547445,0.14071441265612655,0.1376068202405505,0.21112866920511464,0.18446399796578491,0.17743128360814486,0.27149072604141417
open,316,0.0308906324312543,0.029398001690159218,0.029385710211355328,0.03388818539224837,0.05984068420200327,0.07671731071948143,0.048391864114048264,0.05441287777248013,0.07336704131247343,0.0898323255350103,0.04409423672975993,0.08617456167265006,0.06338997997071717,0.057598396876161015,0.05470499532621029,0.07786654770978024,0.05418869859497503,0.043127004028032934,0.06209054175739798,0.057348549999494194
open,317,0.04913537555184935,0.04623081394772861,0.05139957168297817,0.04977574102484128,0.08738822130508618,0.08476636300603535,0.09670329067132784,0.08069501023789538,0.13719257630098144,0.12984979327577292,0.10944403041430434,0.1722839052128671,0.13381845057004274,0.14683598856540586,0.10084857956708042,0.1537707835776419,0.17137538464864624,0.22202227622907575,0.15128776690737197,0.14081611080949105
open,318,0.11176756942333309,0.0949644884704238,0.13299073125957075,0.1073474885400047,0.20355537604176324,0.23596688506884356,0.18630788716719163,0.1883913558892546,0.14403018334287082,0.15187923538586293,0.14486256372920683,0.1353487509135427,0.20574135500732504,0.18452913853691855,0.2612507651955138,0.17144416128954276,0.14771692688109844,0.1194972539087934,0.1444403327779358,0.17921319395656615
open,319,0.02660606617962934,0.03537511662676384,0.025666869475892792,0.01877621243623139,0.06432072419217143,0.062122122045940226,0.04728685002591638,0.0835532005046577,0.05229941935779479,0.0609044354454048,0.05115702428846418,0.04483679833951537,0.11504179033332278,0.11178366803421379,0.059766619546556425,0.17357508341919808,0.11458014072651317,0.12340689609820608,0.05520620890475337,0.16512731717658002
open,320,0.017773969786707495,0.018216068458190064,0.01583426214042055,0.019271578761511872,0.09419470625214205,0.12044747628170656,0.040149286297691024,0.12198735617702854,0.014964890459792449,0.01520235324207655,0.011348462620163608,0.018343855517137183,0.03234427576375359,0.033165564832909306,0.01773870269527633,0.04612855976307511,0.1284999427332076,0.1756007950090139,0.03578631504718923,0.1741127181434197
open,321,0.015308185904888708,0.014178538537730838,0.010468264177176625,0.021277754999758657,0.011830564684104176,0.019354497733552217,0.0066872658884018455,0.009449930430358461,0.020549544557637585,0.016157140510867436,0.03177189229548597,0.013719600866559342,0.014026500156748431,0.013934784291434634,0.012499716709190398,0.015644999469620256,0.01830971153217149,0.02727211056751677,0.010754937745019602,0.016902086283978095
open,322,0.023621091847178647,0.01913052116912005,0.024488899559727842,0.02724385481268805,0.019250879823413548,0.017245404914475397,0.018233294898065383,0.022273939657699866,0.05300351391084688,0.08537192212324898,0.024262999939987734,0.04937561966930391,0.06858991953216519,0.052764850076042216,0.13308975321554795,0.019915155304905407,0.05261646517358499,0.03032605225213082,0.061506037184781814,0.06601730608384233
open,323,0.11629398018211846,0.1428339564961902,0.1414282218119052,0.06461976223825999,0.07605015500860941,0.03179204540920739,0.1361876685887911,0.06017075102782975,0.141770878394968,0.09687539644852834,0.25631234427065275,0.07212489446572289,0.17649773705508687,0.26910226401751824,0.13967949869158924,0.12071144845615314,0.157786027411576,0.13181736858420412,0.19503116144755173,0.14650955220297215
open,325,0.0035597908807137283,0.0037919655819150314,0.0033012750109453633,0.00358613204928079,0.022506177627294496,0.03198144477366206,0.01012508601371609,0.025412002094505337,0.02971889171111944,0.019461206402099446,0.05004296000453693,0.019652508726721942,0.05285965090099757,0.03913763085820887,0.06598688098060755,0.05345444086417629,0.06880182789555976,0.10963317309690265,0.04555530121029488,0.05121700937948172
open,326,0.46372303018656913,0.49844748152406304,0.4106532714037191,0.48206833763192514,0.772317226651789,0.7440794570450344,0.7566931799426377,0.816179042967695,0.7205164583054872,0.6843971213303706,0.7902905040196584,0.6868617495664326,0.6967118578441832,0.6524731310326285,0.7759473556422416,0.6617150868576793,0.7797255307103687,0.760687674810216,0.8300865989670725,0.7484023183538175
open,327,0.5513000696709094,0.5511813666080292,0.5515434038082077,0.5511754385964912,0.5739758166916419,0.5209345711419346,0.6005094331709714,0.6004834457620196,0.5768436749278795,0.5276449303256602,0.6016207856480049,0.6012653088099732,0.6049550369959223,0.6070259526959234,0.604918976936569,0.6029201813552746,0.6040499696634102,0.6022416977736427,0.6063455069876611,0.6035627042289267
open,328,0.019120015023375684,0.015736570303185395,0.02437874675224266,0.017244728014698996,0.0631939120480955,0.00623335958919791,0.16863566996589707,0.014712706589191535,0.0021606979477554983,0.002582452163374345,0.002817119088041752,0.0010825225918503982,0.0024520813954608924,0.0022607895343883327,0.003930414684631702,0.0011650399673626417,0.0023724518688329065,0.0015635628441468985,0.0036754749949283756,0.0018783177674234462
open,329,0.005770929813590544,0.005831730289486022,0.0057018131840986435,0.005779245967186967,0.005528348740341072,0.005909801920575932,0.004870144742584093,0.005805099557863191,0.005741777965124736,0.007680515404995672,0.0043877710350300895,0.005157047455348445,0.005839205999422753,0.004607472290107553,0.007066666704288731,0.0058434790038719734,0.007707727358482272,0.010678863066567505,0.005554263865809207,0.006890055143070103
open,331,0.10266864906658146,0.09670636488301938,0.12508728439692168,0.08621229791980331,0.10569818495763034,0.08789553330672471,0.12140815418979736,0.10779086737636893,0.07681672965569443,0.05244105216477528,0.0528044377860673,0.1252046990162407,0.13099122495193719,0.08502559346031756,0.17534894471563958,0.13259913667985443,0.1586687596681833,0.16841706226337877,0.13590413028855747,0.17168508645261366
open,332,0.012133938621852402,0.012732644481416009,0.011572940686844894,0.012096230697296305,0.06475309229585095,0.061726647788575,0.08744656728101617,0.04508606181796171,0.07493735242850895,0.055731164226278315,0.04556762163522457,0.12351327142402398,0.09478945568860637,0.11502324239039839,0.0998811493088733,0.06946397536654747,0.0797781844077784,0.09345007405549288,0.07350573632841378,0.07237874283942852
open,334,0.30136423356776626,0.2566736026408543,0.3148699420268995,0.3325491560355449,0.518537060252556,0.5975447487064358,0.4798810133840048,0.4781854186672273,0.3852967800392317,0.44058501748384565,0.3673048552572397,0.34800046737660967,0.580639519427231,0.5923619142768538,0.5829524515344296,0.5666041924704094,0.5482663865772376,0.5705527591741348,0.5445443622477089,0.5297020383098691
open,335,0.05569338706979012,0.05483926741500409,0.056816349059174154,0.055424544735192136,0.01848906534056231,0.01539633044910887,0.022380029987431597,0.01769083558514646,0.007201931296547673,0.008380842232282647,0.006299843712788566,0.006925107944571801,0.010732002583795136,0.008221461399906978,0.012289627323739932,0.011684919027738497,0.009106146900059961,0.008467925665545334,0.010694072022362543,0.00815644301227201
open,337,0.03384789971431661,0.07367017719284938,0.018190051924432838,0.00968347002566761,0.004999169868987837,0.005259248781866939,0.004937898475435986,0.004800362349660585,0.0263323122219426,0.015516796571776114,0.013876738560205043,0.049603401533846646,0.011654622771075596,0.008422725027057685,0.006381438690284598,0.020159704595884502,0.010242429467062813,0.01565099030365171,0.00873714820461859,0.0063391498929181375
open,338,0.1672180290675677,0.1472195348622492,0.18976430947152956,0.1646702428689244,0.13640555627807688,0.16218667308682977,0.10345882553734947,0.1435711702100514,0.0955156977686774,0.09777317136741118,0.11452753883862365,0.07424638309999734,0.13681293036597342,0.0784884439335314,0.1685973288188442,0.16335301834554464,0.1480413420617922,0.1099442024466184,0.16396350722204947,0.1702163165167088
open,339,0.15433595829511756,0.17306749383964237,0.1743768917687521,0.11556348927695824,0.21279092031972957,0.2052729563558798,0.1794763167764271,0.25362348782688177,0.3780235626528909,0.4305086089575149,0.4149049992287532,0.2886570797724044,0.1949074317640939,0.17985345505428116,0.23924449598867398,0.16562434424932662,0.3553535039147837,0.278290084825089,0.5040482316713346,0.28372219524792763
open,340,0.22676840336607393,0.24872601981395884,0.20184431933157052,0.22973487095269238,0.359699094518837,0.3644862196060768,0.34720747056464674,0.36740359338578754,0.3671796781665715,0.36908249571814034,0.33796083701247465,0.39449570176909965,0.40912445246039403,0.4749184071793634,0.337211698610386,0.4152432515914325,0.5257297468434333,0.5087836083069546,0.5419433524433525,0.5264622797799929
open,341,0.01272630267288301,0.011381494714414053,0.011443700392701346,0.015353712911533632,0.026114457306902584,0.022228206899962726,0.027816223224486323,0.028298941796258702,0.02149253438901851,0.022846117265754515,0.020741400488137635,0.02089008541316338,0.02452348817455552,0.01606274964262584,0.04310616788634395,0.014401546994696774,0.04915068274810267,0.09075702416682253,0.019884271178861986,0.03681075289862351
open,342,0.00291190025485144,0.004108918577461331,0.002213523807078226,0.0024132583800147624,0.004474630271654632,0.004341973025806148,0.0032479743480087093,0.005833943441149038,0.025898813372790323,0.004843809880494755,0.003910742715242323,0.06894188752263389,0.016232506062793754,0.036572716823249106,0.00753650458833964,0.004588296776792514,0.011815616775152221,0.01259468657936035,0.014791412198768656,0.008060751547327659
open,343,0.07751162159731019,0.06649082808258952,0.07821085808485534,0.0878331786244857,0.14821803549993562,0.13246702193714005,0.13249827430537725,0.17968881025728953,0.119948652074969,0.11512533510012378,0.11231269763819694,0.13240792348658628,0.13334322659255227,0.07911606520368256,0.17122710019169063,0.14968651438228367,0.2005598464554885,0.1652713468943323,0.24806982828821125,0.1883383641839219
open,344,0.05123475366047852,0.046991236523888875,0.04858584939947406,0.05812717505807261,0.10561311419148849,0.07298020493567228,0.10270537886717257,0.14115375877162062,0.18781317834648315,0.14258700868829377,0.2623394418062344,0.15851308454492127,0.05101236627325573,0.04192194256198348,0.06430151839946094,0.04681363785832276,0.10123518264302526,0.1006761930978332,0.03775322234249739,0.1652761324887452
open,345,0.003066022459077323,0.0030221938619630693,0.002951692466354846,0.003224181048914054,0.002377572321153622,0.0025815927052148134,0.0025007568405413854,0.0020503674177046677,0.03727529214388907,0.06285748856935848,0.023984577628746576,0.024983810233562154,0.05181355175805963,0.020549619208638136,0.0687158506284028,0.06617518543713793,0.06732878347075404,0.06478151452768331,0.06957748481113163,0.06762735107344714
open,346,0.007746766975037071,0.00869921316411833,0.006712472701867929,0.007828615059124952,0.054073316533819527,0.1248572003973347,0.005915899455467976,0.031446849748655914,0.009164362297832305,0.013292483978981598,0.00822184568318552,0.005978757231329797,0.005689912632593088,0.00446755707198321,0.004129246845841069,0.008472933979954987,0.009250875953723396,0.008992534299305662,0.01089883201968937,0.007861261542175153
open,348,0.00912978571040006,0.008735824620088966,0.009189504762126745,0.009464027748984466,0.012410908411223687,0.00997084064527713,0.011690904779435615,0.01557097980895832,0.020822634858605846,0.012454132008628735,0.02181617794387538,0.028197594623313425,0.05010671013913307,0.06704267778345069,0.01552975906370294,0.0677476935702456,0.03078748299021079,0.015664557470285265,0.01833446472751691,0.058363426772830185
open,349,0.04982274340787728,0.05463821086768344,0.044015280384675864,0.05081473897127254,0.086769933371176,0.0718876931306771,0.08319863452579791,0.105223472457053,0.08852311167492544,0.09130571445110916,0.0687621138137127,0.10550150675995443,0.09548627053485444,0.08740363254980885,0.09627268935910317,0.10278248969565126,0.09801116442795978,0.11488973541311764,0.09496746326952811,0.08417629460123359
open,350,0.022494160008973214,0.021952328191182195,0.029655071705866648,0.015875080129870798,0.019954351902138793,0.03448516363409669,0.01480276510842624,0.010575126963893459,0.007433501907552174,0.005987149819671116,0.007930898248662067,0.008382457654323338,0.009627740198741299,0.006812974537253146,0.012469233051098252,0.0096010130078725,0.016845062448932652,0.02230899678278408,0.014681854667165668,0.013544335896848215
open,351,0.09389903486292517,0.0748837900838378,0.09826385246289107,0.10854946204204662,0.09861144482870447,0.08711755130564393,0.10006020103640516,0.10865658214406429,0.26055404269853083,0.22341701971190853,0.3119769585159588,0.24626814986772516,0.19112570334184312,0.21644037262592938,0.1840239849002595,0.17291275249934052,0.14306395217731332,0.1554674330579092,0.11431769740458142,0.15940672606944933
open,352,0.026465324090685322,0.02560761168231461,0.02797791085852558,0.02581044973121579,0.04980647211426875,0.057296442309662826,0.04020004951626787,0.05192292451687555,0.042260771837900314,0.029962292076243083,0.042430422454440724,0.05438960098301715,0.03807588161121561,0.04937295975103608,0.027229391538859633,0.03762529354375111,0.05119296930838476,0.06250953900943723,0.04869875062090288,0.04237061829481418
open,354,0.01259449344284474,0.01098010594824718,0.013391311222710629,0.013412063157576409,0.0437796372391808,0.04701667140874238,0.0409783992232992,0.04334384108550082,0.024421710452399784,0.02907776516964205,0.025096375502593846,0.019090990684963456,0.03262300514088915,0.046331281652596173,0.029085869168639193,0.022451864601432073,0.038619185469799706,0.02939939701432128,0.043421939459713545,0.04303621993536429
open,355,0.002927664925018329,0.003175869067100785,0.0028611558182266065,0.002745969889727594,0.003016454816548653,0.0027126746877447474,0.0022236035987356316,0.004113086163165579,0.004171488231908281,0.008228723820370435,0.0023003683442623982,0.0019853725310920076,0.0020368596867004047,0.001892025616867233,0.002171975342684636,0.0020465781005493456,0.00206513033801105,0.0022304983696488797,0.0019394533789968411,0.002025439265387429
open,356,0.048977901963908554,0.04765893066179222,0.05402254253365544,0.04525223269627802,0.10389403435250973,0.07088786041281249,0.13762265289404202,0.10317158975067468,0.0685047292126955,0.10023617389300567,0.046671413750654346,0.0586065999944265,0.07998297016946787,0.07344088919470847,0.08104201475966032,0.08546600655403484,0.061223413192664035,0.0625258681576965,0.06152736155461267,0.05961700986568294
open,357,0.015159229958435777,0.011948329386563749,0.017582749963460934,0.01594661052528264,0.07415295425193541,0.09264322146336072,0.05232458753186205,0.07749105376058348,0.09448628091791506,0.13107048556353235,0.09343520429270959,0.05895315289750323,0.14988912878844937,0.2217797425879269,0.18232363559623196,0.04556400818118928,0.12135058935612297,0.13268148764774884,0.0926834768854711,0.13868680353514898
open,358,0.10951948522760561,0.10159146886510252,0.11204023859297758,0.11492674822473671,0.5544510855605486,0.5469053090716142,0.49265466211969755,0.6237932854903341,0.5012740696357626,0.4015926299061761,0.4838378806298968,0.6183916983712148,0.6350445032154526,0.5535291115413185,0.717440731493704,0.6341636666113354,0.6049612851508115,0.6410297093231911,0.5346535604853935,0.6392005856438499
open,359,0.1499241028850753,0.13523644407919416,0.14337090384942736,0.17116496072660434,0.2588535774817256,0.31381179568223017,0.15434013370221772,0.308408803060729,0.1315464265791452,0.0896687858537188,0.1817173771530258,0.12325311673069099,0.15027979318036996,0.16578180810148507,0.13054695977093936,0.15451061166868538,0.1808979540710833,0.19475875847720808,0.12840799614561552,0.21952710759042623
open,360,0.0755798113774863,0.09552122402042335,0.06967575495527924,0.06154245515675631,0.10098688133506173,0.09034700151356827,0.09403041499077867,0.11858322750083823,0.08921948941426479,0.0827425193214138,0.10385025061310972,0.08106569830827086,0.0657159497127322,0.09735392530685828,0.04498025217078484,0.05481367166055348,0.08732520310192171,0.12710138536755577,0.0590485565489774,0.075825667389232
open,361,0.09483235841450514,0.0821552316063711,0.12730850725998935,0.075033336377155,0.35637143592475384,0.4862195181763256,0.2142489645300572,0.3686458250678789,0.18318897743863163,0.17409952114793648,0.19218571068953538,0.18328170047842304,0.06843475472489584,0.08405396245193694,0.07479469236611713,0.04645560935663341,0.1558998646855966,0.10764115613661977,0.26746015210470586,0.09259828581546418
open,362,0.01060084833864177,0.0077845435429075545,0.016037964079818345,0.007980037393199411,0.040285255253792625,0.007170519556903498,0.0184411951205425,0.09524405108393189,0.021307071203313682,0.022933400868231396,0.009209191195087292,0.03177862154662236,0.03301392925072422,0.08198990660907152,0.00881796868355156,0.008233912459549578,0.009056631628414991,0.007252118059433139,0.01210880484980157,0.007808971976010263
open,363,0.051584178429493206,0.04519139109847251,0.05691887778536309,0.05264226640464404,0.11642178730763414,0.11486927796766658,0.1018455737961462,0.13255051015908964,0.1537073932270716,0.17129866882691766,0.12552253832717306,0.1643009725271241,0.1871810174424716,0.18538019860488372,0.21295303061016402,0.16320982311236695,0.1561888903591283,0.14920117724740295,0.1371592822879132,0.18220621154206879
open,367,0.016168239508532595,0.018131884765349326,0.01634151997794969,0.014031313782298774,0.06910117771035777,0.06868450497047261,0.07058817774644593,0.06803085041415476,0.029011523093474836,0.02809516442474204,0.031469661319564544,0.027469743536117922,0.08694277633002183,0.11991922698413296,0.059357838094335175,0.08155126391159732,0.10936762509263825,0.0386665101474135,0.19736338824996882,0.09207297688053245
open,369,0.029171796952694392,0.03049942097206044,0.028463191463929144,0.028552778422093594,0.0970548611215546,0.13910338619776433,0.07490533103383837,0.07715586613306112,0.08270355121946875,0.06590811132981542,0.10550566996881601,0.07669687235977482,0.08960209729998152,0.07066340621354325,0.13502603508545782,0.06311685060094344,0.07879860738026005,0.06538662508377714,0.0948169462155274,0.07619225084147561
open,370,0.003983673286244073,0.004091084968685872,0.0038547156977481725,0.004005219192298175,0.0026691583597037508,0.0026282550419530247,0.0021540356644606175,0.00322518437269761,0.00242728755078587,0.0019157016298777126,0.002274617745549961,0.0030915432769299356,0.0019104002304141641,0.0019524031062402877,0.001790336385983774,0.001988461199018431,0.004456462314784291,0.0034432887119366764,0.005444955543782397,0.004481142688633798
open,371,0.006678386536316517,0.007047059401160161,0.006418173794127847,0.006569926413661543,0.007248330524393017,0.006459681767841185,0.004135344889156535,0.011149964916181332,0.015849837995811494,0.011224479513942745,0.0114205520667855,0.024904482406706233,0.021585444331434334,0.009073751014738401,0.007999703044335634,0.04768287893522896,0.014202412052777919,0.020786756253940514,0.004304577587512091,0.017515902316881153
open,372,0.07410475544877661,0.05959021820559546,0.06953155460438729,0.09319249353634709,0.06674661173294918,0.06923344247457126,0.06045186571602895,0.07055452700824735,0.05385975296409664,0.08155029657994509,0.039794626246094235,0.040234336066250605,0.07406811706299472,0.1089150111058603,0.039908129421912276,0.07338121066121162,0.046320845067162934,0.04015495388343864,0.03833770470771418,0.06046987661033598
open,373,0.003737977355546407,0.004457598442978961,0.0035290929393191955,0.003227240684341065,0.006861896187981008,0.0071080047927852,0.007289578621219755,0.006188105149938067,0.006689846846965532,0.006822737919144901,0.008642998958387115,0.004603803663364577,0.0045905341661154585,0.006227019575184472,0.004583452220488393,0.0029611307026735085,0.0019768930904508707,0.002270680160399615,0.0019227093507046393,0.0017372897602483568
open,374,0.09459882315606123,0.08117224793003333,0.11095672286116674,0.09166749867698362,0.044691665757077746,0.06571670274475143,0.03836391073026569,0.029994383796216093,0.06458616816989934,0.1361176606621202,0.02184964648269069,0.03579119736488715,0.03333758941584599,0.04787636634430853,0.028569044820580987,0.02356735708264847,0.06769570500977916,0.048831168065915025,0.08782799304117034,0.06642795392225212
open,375,0.06950324326003504,0.06462535607944819,0.07568912084399493,0.06819525285666199,0.13451986855635156,0.11287512109253045,0.1218510892620823,0.16883339531444197,0.1312672951377606,0.1388775838814772,0.12862005538402363,0.12630424614778088,0.0962518480718696,0.0866454608503795,0.1245206171837107,0.07758946618151857,0.09879136422258526,0.10716027314848707,0.10083084919181108,0.08838297032745762
open,376,0.004739423074972272,0.004021272933631029,0.006006590599327166,0.004190405691958622,0.006256444559300415,0.008075044002341875,0.005785774224291925,0.004908515451267445,0.011528372885159942,0.013449517463009524,0.015610939582846895,0.0055246616096234075,0.018514528238865024,0.0074869681895009515,0.009024795578255551,0.03903182094883857,0.010208546340500559,0.01053879431346221,0.006763582922362003,0.013323261785677463
open,377,0.097713767752371,0.0866665686860836,0.09702880148913547,0.10944593308189393,0.23714918286516617,0.18816990015445353,0.20594595427169063,0.31733169416935436,0.1140447786158713,0.14123081779331778,0.1050713354530049,0.09583218260129121,0.11027377262422701,0.13692152691567722,0.09407063064256477,0.09982916031443907,0.18530013181575958,0.16841583096012577,0.26730153781825516,0.12018302666889778
open,378,0.06685391405800611,0.07284177460490639,0.05576277678660109,0.07195719078251087,0.0021037146162408552,0.0015169081887428314,0.001976355624580389,0.0028178800353993463,0.008009961862224673,0.004980589218343165,0.0033886947383013287,0.015660601630029525,0.014206102462198765,0.0021731813251422804,0.0014168553417728078,0.03902827071968121,0.021044651248736956,0.012783020577569849,0.020362873090272227,0.029988060078368784
open,379,0.0032684700091385253,0.002817922481863913,0.003531388003541063,0.0034560995420105994,0.007789262186467129,0.013625886923281233,0.00641537351268321,0.0033265261234369445,0.005912009089279229,0.00607134907456401,0.008194770088702697,0.0034699081045709815,0.009803728840860672,0.0025107962407738328,0.022859554675534553,0.004040835606273633,0.07563342744797717,0.05451396378596867,0.14491852113396503,0.0274677974239978
open,380,0.009766866397536813,0.013519851972583223,0.00767909786671653,0.008101649353310683,0.010373796224635605,0.014176967262901971,0.009243388481475857,0.007701032929528988,0.008401612865671801,0.009044601854340258,0.00706719506854319,0.009093041674131953,0.008101665852945873,0.011993278727811259,0.007208132167853893,0.005103586663172465,0.026251105717886067,0.05848332209316476,0.008807968156345481,0.011462026904147963
open,382,0.010669859110854135,0.012677375756384683,0.008497565102193953,0.01083463647398377,0.03275661588346825,0.019690180675449986,0.06706520080625641,0.011514466168698348,0.028565377867285784,0.0288809949724418,0.024691029591174654,0.032124109038240894,0.050863862733153374,0.08808831535758013,0.04445954184364987,0.020043730998230126,0.07226505228447065,0.12357844950984045,0.053065229721274226,0.04015147762229728
open,383,0.08115889626967385,0.08487590914706919,0.0788034216458921,0.07979735801606025,0.12749508362137627,0.14777723086173636,0.10766233715077811,0.12704568285161438,0.08064098141365784,0.06441320001750982,0.07326320093132255,0.10424654329214116,0.08681753329307597,0.07307851174207855,0.10789537911606799,0.0794787090210814,0.10792459775611381,0.07780212567020307,0.08030428618353555,0.16566738141460283
open,385,0.1403446282135726,0.14147736581210055,0.15221629636906195,0.12734022245955529,0.24141337874317334,0.2794093387123797,0.24110736326983462,0.20372343424730563,0.21176503578498215,0.21973855092276146,0.24912132668862985,0.16643522974355515,0.31346116134262914,0.38439751552795026,0.24342242028542574,0.3125635482145114,0.45957159983562357,0.44900308293856683,0.45116191424030616,0.47854980232799776
open,386,0.05050766964427961,0.02863342599120314,0.079786736433613,0.04310284650802269,0.0964720272807545,0.10754011289687546,0.09597951651012913,0.08589645243525897,0.20622209048432685,0.20730519292663144,0.1892346352658436,0.22212644326050554,0.22009696437644952,0.2236275187370804,0.20973822014203924,0.2269251542502289,0.23364566092272424,0.23628430850963442,0.23464419326547806,0.23000848099306023
open,387,0.12464453846249175,0.12546126438125746,0.12516435338168358,0.12330799762453427,0.1273636679053797,0.16191971343363754,0.08898011358243235,0.13119117670006925,0.08523693497139817,0.08034643185375473,0.08273982653741455,0.09262454652302526,0.11118197426252395,0.10048544484197867,0.09065942209461503,0.14240105585097812,0.12434979756378724,0.14603694984005933,0.11684515084074433,0.11016729201055811
open,388,0.007683099228188379,0.006990485278905786,0.00797159477811945,0.008087217627539901,0.012883831768053848,0.016747760748163833,0.009806885687271626,0.012096848868726084,0.008169607043414696,0.009046480805349108,0.008853107841780986,0.006609232483113994,0.013961012043387774,0.015294567192262982,0.010248754513000759,0.01633971442489958,0.01758329557880987,0.019114058879135865,0.013366472840429189,0.020269355016864554
open,390,0.016427074292279815,0.019415042135634036,0.011676889865181617,0.018189290876023792,0.017388924042299952,0.024194806877690107,0.018385671868167343,0.009586293381042409,0.025791721764442926,0.018294784087259167,0.02948520612779642,0.029595175078273184,0.04162320500055807,0.016269017452258568,0.08665053611693072,0.021950061432484923,0.039539683498342325,0.05091574057323892,0.01946338365461767,0.04823992626717037
open,391,0.010070893263250058,0.01289052305783553,0.00939946309173287,0.007922693640181772,0.021757259142801463,0.03591562268684598,0.013969386585653438,0.015386768155904972,0.027582856149698992,0.037346634414637696,0.03580099961475531,0.009600934419703973,0.007607204942167722,0.005821102641411945,0.011444224729042574,0.005556287456048648,0.007301687907526787,0.005989681241757871,0.007394137536899706,0.008521244943922783
open,392,0.034219439836867094,0.040923722123679285,0.04081090230984593,0.020923695077076056,0.1307524226224748,0.10452137631368594,0.20768134905548327,0.0800545424982552,0.05975228093387593,0.06468144516351547,0.07450800794072068,0.04006738969739164,0.04208289823220243,0.07071912287228961,0.0331867288874882,0.022342842936829484,0.10974919745616546,0.06360762591783876,0.22224685465202249,0.043393111798635156
open,393,0.01135734993606465,0.013112203304384302,0.010584754440859044,0.010375092062950602,0.027329102793100912,0.03251341847484473,0.03460574493972986,0.014868144964728155,0.057573580335793635,0.03556019461041387,0.09286621814054909,0.04429432825641796,0.024580354889228526,0.027151873686374173,0.02535470332647109,0.021234487654840317,0.024626471538218907,0.027127411760515877,0.028792248173792282,0.01795975468034856
open,394,0.0012637107036594455,0.0013841940924690349,0.0014394587906626953,0.0009674792278466064,0.0032472330761925475,0.003156629733667216,0.0032156827464279733,0.003369386748482453,0.013910845594270861,0.014235637963168523,0.01042969301496722,0.01706720580467684,0.018925257686255782,0.03482011703330439,0.015642260932985475,0.006313395092477474,0.003865528860209281,0.0051456337894648695,0.003931978038632735,0.0025189747525302406
open,395,0.061089688777987865,0.09267474481231393,0.05275977274220225,0.037834548779447426,0.04527999474750812,0.05296185349287852,0.07168988523221774,0.011188245517428096,0.12976273813758976,0.07787291404786131,0.12418402499812253,0.18723127536678544,0.09890530167014398,0.022465282560646997,0.20969737795878488,0.06455324449100004,0.1097097056066876,0.22405376602136412,0.029937302722244236,0.07513804807645448
open,396,0.051773040464445426,0.041894143577047446,0.06736038771847302,0.046064590097815813,0.24198834632202396,0.2212177824829432,0.30580420802284286,0.19894304846028593,0.33040849903196967,0.3673437858237136,0.2929059240062933,0.33097578726590215,0.17697655692404515,0.15483158252155912,0.22785327207224668,0.1482448161783297,0.18269604755670973,0.1298442762492763,0.23011340869487493,0.18813045772597795
open,397,0.008119776781643981,0.008074113965402927,0.008666550612223763,0.007618665767305251,0.019892843740052825,0.02975521593576547,0.016035151402703594,0.01388816388168941,0.02627717120071082,0.019473702886828943,0.03937176163015098,0.019986049085152544,0.0380634895422827,0.01405489999342496,0.015800996077495234,0.0843345725559279,0.15359762507840133,0.058395211490716886,0.23953557396002848,0.16286208978445862
open,399,0.09000031386656414,0.0666021637733951,0.13983493746961934,0.06356384035667796,0.16264587623568702,0.17871006756342517,0.18640883746073494,0.1228187236829009,0.21752750862702172,0.2862381893773984,0.15985919168409016,0.2064851448195766,0.2683068697073114,0.2902626182085576,0.25466239767024595,0.25999559324313054,0.24500249004905053,0.18694403711148766,0.25609753296814325,0.29196590006752066
open,400,0.00694085335626238,0.006643204432715258,0.0065591540821552585,0.007620201553916621,0.06477711482428751,0.06591611362546043,0.0629553847586037,0.0654598460887984,0.03462232836536302,0.015940573523416744,0.0451713637624727,0.04275504781019962,0.07128193827778938,0.06093099558317843,0.05926806215742656,0.09364675709276314,0.077336339852889,0.05427440428138013,0.09863415713469052,0.07910045814259632
open,401,0.018921120793932465,0.01554894732312328,0.015478854981344733,0.025735560077329384,0.0074733475675270574,0.00631297771650375,0.009515195179453814,0.006591869806623608,0.008843762225176738,0.008873561350151807,0.01041770284663542,0.007240022478742984,0.030309967890866703,0.033185637435344376,0.02263316431237594,0.03511110192487979,0.02978664869326435,0.03180398535587488,0.020802487457232986,0.036753473266685203
open,402,0.0077350613567003235,0.011188989018841643,0.006762661162730228,0.005253533888529099,0.009549590562794296,0.011860388974750781,0.006930287080011504,0.009858095633620605,0.00549870898538555,0.005149218038755901,0.0064901078328858,0.004856801084514949,0.022618336144042277,0.019056670516642307,0.019342647728210465,0.02945569018727405,0.01951855306471394,0.014769626844877013,0.021668510582892403,0.022117521766372415
open,404,0.054970013215172975,0.05394590706394149,0.0525631303041999,0.058401002277377545,0.06323687797291598,0.08927819789648703,0.0401212166478505,0.060311219374410426,0.062113376381910106,0.0579603972380097,0.048167926374888696,0.08021180553283191,0.1345559184788985,0.15532257713551684,0.07809456232203808,0.17025061597914062,0.1264710012161491,0.09788194709549591,0.12346598430672238,0.158065072246229
open,407,0.41278560056078756,0.3861306022351074,0.3906582672309769,0.4615679322162785,0.4848628580447149,0.44528915927538176,0.5026186317208179,0.506680783137945,0.466708805888767,0.3884699521043287,0.47507002910803475,0.5365864364539377,0.49833713126342194,0.5167641450052788,0.5118900909598584,0.4663571578251286,0.47934540658914143,0.41084571958700966,0.5085876946492401,0.5186028055311745
open,408,0.001220305389648314,0.0011767124234803208,0.0014504635280365562,0.001033740217428064,0.0225373958054903,0.04324529963601386,0.010237648194886354,0.014129239585570686,0.009883659256818595,0.007207046422649505,0.01600290183123666,0.0064410295165696204,0.011347166652087315,0.01527133684273431,0.01071165160263923,0.00805851151088841,0.009037847438258167,0.005608366821705113,0.005944457401739098,0.015560718091330292
open,410,0.3896558598283784,0.3688287764571812,0.3839719681750579,0.4161668348528963,0.6712665521551772,0.6146266087957692,0.7285540285540285,0.6706190191157337,0.645256573526196,0.48228153873884294,0.7029642882794142,0.7505238935603309,0.689915285490514,0.7165177708164132,0.617165493144572,0.7360625925105565,0.8350425679160222,0.7828238001314924,0.8630690388043327,0.8592348648122411
open,411,0.012968306720391412,0.008983547411658908,0.018157279035213213,0.01176409371430211,0.017657061681782046,0.02255857926980365,0.011666178210121681,0.01874642756542081,0.013516591784209657,0.016399138993393927,0.016217641537776103,0.007932994821458941,0.01859197056522931,0.020712104146459277,0.028334687307456852,0.006729120241771803,0.011343680684381898,0.011048962963544838,0.01705684764781962,0.005925231441781236
open,412,0.06957868154261199,0.06940141500390219,0.06525611219212271,0.07407851743181103,0.08307825703296798,0.09510646243099025,0.10092996676371889,0.053198341904194785,0.09848265930246562,0.11474795718063438,0.07923814436130702,0.10146187636545544,0.12512931097794064,0.09008926899386273,0.10458125447755572,0.18071740946240342,0.2211548633315664,0.24205123034643142,0.2760312969567619,0.14538206269150591
open,415,0.012562959629567804,0.011006983370055916,0.010999044685977068,0.01568285083267043,0.04125436326767554,0.03627471298564369,0.04493557007177256,0.04255280674561034,0.0329006434012624,0.027581314326660646,0.03718963695020764,0.03393097892691892,0.037715867158974216,0.031778786668632195,0.03192825816694062,0.04944055664134984,0.0345356156311012,0.027778319268419574,0.032288249103651495,0.04354027852123254
open,416,0.0030925191821202756,0.0031121884201552553,0.0031583603236366915,0.00300700880256888,0.0036061525381849147,0.004103511417360082,0.00385228537302287,0.0028626608241717937,0.0032420087527600234,0.002835209080616912,0.003545850828436485,0.003344966349226674,0.003662843643887972,0.003817198480971983,0.003290265449474026,0.003881067001217907,0.0037128675687049494,0.003638656268901486,0.003248402385526635,0.004251544051686728
open,419,0.060129100326091124,0.06369010136910062,0.05840048670238337,0.058296712906789394,0.3117388195328492,0.36694149753415456,0.3749380739656439,0.19333688709874916,0.24243156299912835,0.251393895755628,0.18626590707440438,0.2896348861673527,0.1725702244259677,0.20328520879469913,0.1823758362777561,0.13204962820544788,0.3414684398456576,0.3988084952726412,0.36431343443886993,0.2612833898254619
open,420,0.19760375455118376,0.21249586676240556,0.21293189750149458,0.1673834993896511,0.10193716330645482,0.20211692306385196,0.04737877449628713,0.0563157923592254,0.07427721429564138,0.10758266254684133,0.046361929752457266,0.06888705058762555,0.05261797238342473,0.06141002058163274,0.05548707847520629,0.040956818093435154,0.08348050780272696,0.0845800639580064,0.05845227053695397,0.10740918891322052
open,421,0.011165984899810135,0.010106575731320004,0.010684915343232779,0.012706463624877621,0.024727452708866837,0.01847878424020963,0.036293997196889756,0.019409576689501124,0.01292153417197138,0.008566282598757486,0.009198703928183767,0.020999615988972885,0.01606271804024231,0.017949617606212644,0.011301943086357973,0.018936593428156318,0.01726514032650696,0.01785397978855958,0.006701355568416303,0.027240085622544995
open,422,0.08380976524209094,0.0920395368841808,0.08216992641858827,0.07721983242350373,0.08111543793354405,0.09329819520912222,0.07866124167075168,0.07138687692075822,0.15920868995004964,0.15192657936045093,0.12593408443392917,0.19976540605576873,0.1655305764927577,0.11293388369973234,0.25571339158195,0.12794445419659076,0.1201689943764907,0.14784126433309674,0.10565459587960321,0.1070111229167721
open,423,0.0042840153283339516,0.003905986857532291,0.0043213570515103755,0.00462470207595919,0.004724295849328929,0.003765879336640803,0.005669710511205512,0.004737297700140471,0.006258394020993822,0.006833472688497838,0.006023602585089788,0.005918106789393839,0.008540639020060485,0.005121873136141618,0.008240491216554882,0.012259552707484958,0.005870347447442733,0.004423686701577794,0.007729222996761202,0.0054581326439892015
open,424,0.0161520732078886,0.016479221274824717,0.015767728145622474,0.016209270203218617,0.04977853293834524,0.05119475320721702,0.053618402015092416,0.04452244359272629,0.04765393290223477,0.0444838760643731,0.03591303914814601,0.0625648834941852,0.051451197636718106,0.03071211425409175,0.054220912900225834,0.06942056575583673,0.06911487948997284,0.050637489411661143,0.12462164900418028,0.03208550005407711
open,425,0.018776173780660335,0.021678598516275516,0.018161762035313722,0.01648816079039177,0.03254119115078032,0.044874503165418085,0.0277976934002508,0.024951376886672084,0.04008020546335007,0.0333353362890806,0.048663482439290466,0.03824179766167915,0.04888996895103954,0.03758296068819662,0.0534714192900583,0.055615526874863694,0.13034634697689626,0.16972450901582534,0.1572405556156056,0.06407397629925783
open,426,0.008746047512414722,0.008383765081826384,0.009042351763116059,0.008812025692301722,0.008190368200770777,0.00807836356256998,0.008364809456926863,0.008127931582815483,0.010062203104566713,0.008882949851974587,0.008317353982188476,0.012986305479537073,0.01644918830556362,0.029808940030509098,0.010885224298157697,0.008653400588024062,0.008230111503255996,0.008898533579969796,0.007274379982829243,0.008517420946968945
open,427,0.005494991570304915,0.007816689435880002,0.003561412023484052,0.005106873251550689,0.009957490927647283,0.007228978477530978,0.016777064398326266,0.005866429907084606,0.004286976338984957,0.005057455183645515,0.004423351914015902,0.0033801219192934545,0.002783157895702848,0.002831480135296496,0.004009722654971768,0.0015082708968402782,0.003158838762742365,0.0025801485804642582,0.0036225701841799598,0.003273797523582877
open,429,0.03212834403815962,0.02695089583337144,0.04066913219704318,0.02876500408406424,0.01945658486010697,0.014740958223879599,0.024920829901527917,0.018707966454913398,0.021844685643254317,0.013255966237277317,0.02187083250300808,0.030407258189477555,0.022930991670733675,0.022622288752239178,0.014156126382568227,0.03201455987739362,0.02472677105183162,0.03553055587508231,0.017902373890466627,0.020747383389945924
open,430,0.29118732658441254,0.28491948434449965,0.29201316304142455,0.29662933236731337,0.11450000791062225,0.09475619883914263,0.14579002861290818,0.10295379627981589,0.10959236409661482,0.23098959589642817,0.05961743837581681,0.0381700580175995,0.13379051602353687,0.13333324492619533,0.1921303873344359,0.07590791580997935,0.26604117350711926,0.369576147034957,0.20625379652653478,0.22229357695986593
open,431,0.0048227868679179,0.004306190163749451,0.005156240967588177,0.005005929472416071,0.008077996878857699,0.0067673609603756,0.010474467738501024,0.0069921619376964745,0.014659442226963568,0.009624184752368575,0.013468416068460836,0.02088572586006129,0.037016669161807216,0.019525184484376783,0.03805269576524658,0.053472127235798285,0.04074989949840161,0.024903854093463372,0.023261210767718886,0.07408463363402258
open,434,0.0020331214596895383,0.001871872306679203,0.002068591700488333,0.002158900371901078,0.003897102778608602,0.004204579053577327,0.003067529595453073,0.004419199686795406,0.006038451309497008,0.006440451559845843,0.004086987778280557,0.007587914590364624,0.011583997435925012,0.027441088481014276,0.003644544509123341,0.0036663593176374243,0.00343416371878529,0.0029968898299811333,0.003133125654042465,0.004172475672332271
open,435,0.013592585828932696,0.012603108792675722,0.016365390412717895,0.011809258281404467,0.031694642459100454,0.026858461581015344,0.04157857044578059,0.026646895350505417,0.033481974574264946,0.03013307548998233,0.03401947383830501,0.0362933743945075,0.038099103192741145,0.034196491560477674,0.04626277693722441,0.033838041080521346,0.04830181181252278,0.030166349657356237,0.05292202049437944,0.06181706528583266
open,436,0.005843091059773334,0.005718974310374166,0.0048105104587260195,0.0069997884102198146,0.017541032870046963,0.005638570110951233,0.013285482943996514,0.033699045555193145,0.028897114012915514,0.04031374120011939,0.015186606645639322,0.031190994192987827,0.02918293879534396,0.025053569513981345,0.035329126983611965,0.02716611988843856,0.019508005328338334,0.020256296241898463,0.024610632117986322,0.01365708762513021
open,437,0.002669848591204309,0.0025639265637105776,0.0026333318962986426,0.002812287313603707,0.004495954317462257,0.008813811607066905,0.0026010898005620646,0.0020729615447578004,0.013057900346678508,0.0028402729952687624,0.03111920990015112,0.0052142181446156385,0.012814924206070062,0.014939352051543236,0.014704689116226643,0.008800731450440311,0.006139892916956806,0.005342191699216921,0.006176141176802024,0.0069013458748514705
open,438,0.01554296321897021,0.01071600941632401,0.021272065668263375,0.014640814572323245,0.016067165644156375,0.012156821826007287,0.013674276036444099,0.022370399070017744,0.008877983356016238,0.011050957259095018,0.009279914805746798,0.006303078003206898,0.05777209291199165,0.04384087175215993,0.019062495069138485,0.11041291191467656,0.03802981961050012,0.014425155062364036,0.02871483477416149,0.07094946899497484
open,439,0.006905558474623475,0.008157302491117771,0.00616598540763947,0.006393387525113185,0.030178895910919157,0.02584645789847781,0.006878479338445768,0.057811750495833904,0.08981657483482774,0.1704967703766025,0.08647104923978262,0.012481904888098133,0.0941887712723574,0.028036509063861906,0.16975002593935404,0.08477977881385625,0.14642344792294332,0.09145050570411593,0.17505557245237666,0.17276426561233738
open,441,0.04426354407677693,0.05511754874312626,0.042504910741450824,0.035168172745753706,0.5078833538902003,0.42042754701167845,0.5214836741316782,0.5817388405272444,0.5650354196261086,0.4383534251700962,0.7502158792862874,0.5065369544219421,0.6272066214494427,0.5736782849756026,0.7020540818073561,0.6058874975653693,0.6985793173530036,0.6803400309907109,0.7428883545380448,0.6725095665302552
open,442,0.2439872199559804,0.24446991613597,0.2407446541465358,0.24674708958543543,0.074672968749194,0.07279885198226448,0.07659231252409827,0.07462774174121926,0.13481211761952258,0.22387048694153225,0.08372439596413106,0.09684146995290444,0.10447548202144397,0.08704102410002075,0.10998558555521194,0.11639983640909923,0.21161337603269034,0.17858298487251106,0.1915853410764748,0.26467180214908514
open,444,0.014075825057339758,0.012662747009202537,0.013937134641623133,0.015627593521193604,0.006277623812006118,0.004406027565910981,0.0062574366370756656,0.00816940723303171,0.008522784568802884,0.008491482304981708,0.008149856363931073,0.008927015037495871,0.0455445691443719,0.1188868683333417,0.005971125614998842,0.011775713484775177,0.006849343865144007,0.00788735509559073,0.0062400478492197885,0.006420628650621502
open,445,0.006038900283667343,0.005652503261807149,0.005893132240552408,0.006571065348642473,0.20171938358774436,0.24787777135145558,0.1321379460875259,0.22514243332425155,0.20047151910212416,0.23714822628546695,0.1176840151352895,0.24658231588561602,0.27612455811366415,0.23295884677981865,0.33073624595469253,0.2646785816064813,0.3667516747457036,0.41496417762547966,0.40834741924484524,0.27694342736678595
open,446,0.012073657752890614,0.016186701362171,0.008075221838806042,0.011959050057694801,0.10267643212516418,0.03313708008841597,0.2536321653968713,0.02126005089020526,0.025903656851736193,0.016333217612970373,0.04251864872083785,0.018859104221400354,0.19851113512260055,0.18212121212121213,0.3048306574475565,0.108581535799033,0.07055303172797424,0.014730380479397084,0.14657318712063305,0.05035552758389257
open,450,0.06399558562368447,0.06267425434224233,0.04605576146294386,0.08325674106586725,0.2793345329148556,0.2919670015355049,0.3243668274323548,0.22166976977670713,0.2015418138309409,0.2823292941869082,0.12265663446823458,0.19963951283767994,0.19132787043655305,0.1260441359314596,0.2939864792653595,0.15395299611284008,0.24895640448581358,0.16269229926854736,0.3529345220652048,0.23124239212368855
open,451,0.002614792105975308,0.0026295910267484144,0.0026077397917473114,0.002607045499430198,0.028489533308976064,0.05932612296702967,0.021140382790404293,0.005002094169494234,0.004415201487459942,0.0059164554462724705,0.004605862388698471,0.0027232866274088836,0.0028371973514956152,0.0022231751165749415,0.0034690486848974115,0.0028193682530144927,0.0031424904274491247,0.001981160666637765,0.002573664744170047,0.004872645871539563
open,452,0.03472515070610981,0.03887677895874617,0.03660206302818949,0.028696610131393786,0.3459480256361666,0.1066201497708347,0.30611570202943994,0.6251082251082252,0.2728474653003205,0.26339503467188147,0.2882269828540879,0.26692037837499216,0.2950935991279122,0.4602941176470588,0.2853563841476815,0.13963029558899634,0.2887218692337135,0.5101809954751131,0.200651395173454,0.15533321705257344
open,453,0.005904867453253865,0.005596901090637365,0.006504360694454332,0.005613340574669897,0.005158478292541028,0.006338770747904979,0.004088149912090934,0.005048514217627172,0.005540155165367271,0.004066751453583163,0.006755907255642167,0.0057978067868764815,0.006835304781060068,0.00981442576841863,0.006768458122741752,0.003923030452019821,0.005376474367026381,0.005172434997077385,0.0054265418213521885,0.005530446282649567
open,454,0.0349170285576912,0.029634204312864745,0.037268144250124695,0.03784873711008417,0.06572965887990223,0.07605707948963061,0.043785673644550716,0.07734622350552536,0.07230653550231578,0.04585363892392298,0.10623864127370283,0.0648273263093215,0.11417742840406832,0.10516649538832835,0.16120037013024713,0.07616541969362949,0.11366618664176231,0.13696396687970536,0.06983158949601448,0.13420300354956707
open,455,0.006627678494171411,0.00658485900771279,0.007247406949133403,0.006050769525668042,0.008246843390151642,0.014532000381475325,0.004998465356869836,0.005210064432109767,0.011173179554305643,0.011828632889130013,0.015025840981214516,0.006665064792572404,0.011926930322725548,0.01087599281270479,0.01642276392701801,0.008482034228453846,0.00883844271158593,0.0053408483876246915,0.009923853797180497,0.011250625949952596
open,456,0.007402616803993049,0.010178441553595955,0.006515272395028598,0.005514136463354593,0.0042859899458831015,0.005556306811443804,0.0033391622279335376,0.003962500798271962,0.004443738092892082,0.007254330184860797,0.0032741355359664566,0.0028027485578489934,0.005370905766183538,0.0070520863357956655,0.005946198620375428,0.0031144323423795196,0.0037732921027942927,0.0023977990997562817,0.005992245887877382,0.002929831320749214
open,457,0.03265507564139406,0.04660485645433905,0.029441628548125924,0.021918741921717225,0.019222543275163196,0.021478979706375433,0.01602809119217653,0.020160558926937636,0.020857591731561497,0.021040451993573784,0.019853608451763115,0.02167871474934758,0.029401814338933536,0.03667647220535168,0.022195507935215016,0.029333462876233916,0.03890037831122292,0.032004104997779094,0.03482783435004638,0.049869195585843296
open,459,0.05368125454711278,0.05534681083198243,0.045212439754804434,0.06048451305455149,0.2313370505665455,0.23841783479792722,0.26491321256824163,0.1906801043334676,0.2325565046194784,0.2650487246906987,0.3220191278118261,0.11060166135591044,0.11643218551443281,0.15976787471424106,0.10850290778447208,0.08102577404458526,0.10713911786583931,0.10245524923943133,0.09612733775056169,0.12283476660752489
open,460,0.3116141489793008,0.3292368050334004,0.29227810825874667,0.31332753364575533,0.36838561868595093,0.375945281971912,0.3009622872043774,0.4282492868815635,0.3275513942841769,0.3473341719560715,0.4347961222993181,0.20052388859714113,0.3194651513635316,0.2978762422240683,0.3299995618298859,0.33051965003664063,0.643398523970726,0.5891498584122304,0.6512912661152097,0.6897544473847381
open,461,0.19688892121465204,0.2017160542449985,0.1606936848589271,0.22825702454003047,0.13418648813820375,0.12911182514167646,0.07756781003059533,0.1958798292423394,0.10847709773862851,0.15726831174499126,0.11172083460406333,0.05644214686683097,0.0479818091503113,0.04232110983514765,0.05441217919232149,0.04721213842346474,0.09090792890584815,0.12297168142313013,0.05934249635152091,0.0904096089428934
open,462,0.005593133232086781,0.006386457342940564,0.005521841035937713,0.004871101317382067,0.03846332483487034,0.052270375648464665,0.01615962141868457,0.04695997743746179,0.06298645183050228,0.08920085065400528,0.02804904556660422,0.07170945927089735,0.0987748789422815,0.07801811452615513,0.19915974564721603,0.019146776653473384,0.07703697769948768,0.049547016313087826,0.01752938820080662,0.16403452858456857
open,463,0.1168653692267581,0.10512384952300163,0.1333724445189117,0.11209981363836094,0.16621573743124105,0.21565908529888048,0.15962820674717176,0.12335992024767087,0.19535408867920165,0.28407157783615017,0.12914719656752555,0.17284349163392915,0.2731960828720871,0.3760291602995221,0.3013494327687222,0.14220965554801687,0.3558242818524701,0.2996686658489297,0.3006511438343281,0.46715303587415247
open,464,0.03502484904969805,0.035279392418500574,0.02763766460475633,0.04215749012583724,0.1161275544985163,0.11862669866566046,0.12121189737933566,0.10854406745055276,0.12453160333205482,0.22288993850917235,0.08628120423216033,0.06442366725483178,0.15298160947702238,0.07615566916558035,0.18436642312156387,0.19842273614392292,0.1295001105039653,0.08811771822401836,0.1520761077146648,0.1483065055732127
open,465,0.048158723204418684,0.045543641028600236,0.049767526481468274,0.04916500210318754,0.034471552898669204,0.036398464139467304,0.03498594470351264,0.03203024985302767,0.13914441513526357,0.18942972326044538,0.10618661306898178,0.1218169090763635,0.07220512974338757,0.07286217708771352,0.09254884223324229,0.05120436990920687,0.082293776354813,0.12839413294720112,0.05328858446759665,0.06519861164964123
open,467,0.08888605128062817,0.08629287219014366,0.09347462057418977,0.08689066107755106,0.21648122056654104,0.2794621473565847,0.14859943507323534,0.22138207926980305,0.20275575823407985,0.26685079424181357,0.13330218204546176,0.20811429841496415,0.3089124327089126,0.3471152109283999,0.32933758001395985,0.250284507184378,0.29022577013532364,0.39103846665369507,0.1853524918223797,0.2942863519298961
open,468,0.09893824343590561,0.08195232906568803,0.10454601065749104,0.11031639058453775,0.313917879356663,0.3995201867252366,0.20624981431411343,0.3359836370306388,0.2724416065755242,0.35926166229902656,0.23844822636654467,0.21961493106100133,0.2617971916252889,0.1894754287466255,0.292573087542746,0.30334305858649524,0.22647503190753193,0.2100786029791814,0.2515160688909253,0.2178304238524891
open,469,0.01647119839152734,0.014613700715823534,0.016258838251072442,0.018541056207686042,0.03830849658878696,0.027733118886229136,0.039681104555514525,0.04751126632461721,0.027375601532259694,0.039992204670306654,0.02233715404741454,0.01979744587905789,0.05065273426943415,0.06953361219266403,0.03977007891599524,0.042654511699643204,0.04099011638168292,0.04286402190781525,0.03821667881113964,0.041889648426093884
open,470,0.04254935893972881,0.029150433316157156,0.03913266194127987,0.05936498156174942,0.11541664438165301,0.12325411690759155,0.14128257864051777,0.08171323759684974,0.07176286083122752,0.065110368811342,0.07562907950929101,0.07454913417304954,0.11244832388459498,0.17527770545548088,0.08412705718702232,0.07794020901128171,0.1832054487361711,0.22642210785669056,0.19624361114067598,0.12695062721114678
open,472,0.0013059642660748192,0.001351967217374345,0.001216249910572491,0.001349675670277622,0.0029937793840829874,0.0024473671174576233,0.0028180973209249705,0.0037158737138663677,0.008870734443878236,0.017639886657702837,0.0029233837628916803,0.006048932911040191,0.0054693638612372504,0.005493128151878827,0.004285444810491345,0.006629518621341579,0.06220552022107076,0.15098700041297602,0.012660741619092763,0.02296881863114349
open,475,0.24474400819890577,0.2592047525104892,0.29228334925838906,0.18274392282783908,0.3060441525688403,0.2700736962873983,0.20421582840038155,0.4438429330187411,0.18196597239401027,0.23368315147478122,0.17264965577957417,0.1395651099276754,0.20841948907845,0.14997399869525632,0.26001056951057894,0.21527389902951471,0.12905799924959946,0.13170039092147318,0.1725958785404156,0.08287772828690956
open,476,0.004449773529412303,0.004882708800606319,0.004369917613643827,0.004096694173986763,0.007951344536737908,0.00936634263717281,0.008631308065355696,0.005856382907685218,0.005042102040001133,0.004280618972195776,0.004752361046984218,0.006093326100823404,0.009749933335777342,0.009690901212282355,0.01135241549365896,0.008206483301390712,0.009506511947066552,0.01173760256871973,0.0091187355333306,0.007663197739149329
open,477,0.013255829127618824,0.013552005908882376,0.011868964118940372,0.014346517355033728,0.07508166198171051,0.027176944007844487,0.0701655068596576,0.12790253507762947,0.1089153956341939,0.05872936763843272,0.12190905450333638,0.14610776476081264,0.06049944031024752,0.04596422825489202,0.06503072643235724,0.07050336624349329,0.09748748167630927,0.08710911932695559,0.028757004078190703,0.1765963216237815
open,478,0.00987850537895448,0.005964505449731523,0.015022326133389366,0.00864868455374255,0.006792688195419313,0.006650710378631433,0.006093538240506364,0.007633815967120142,0.0071655265737341585,0.007510918885484861,0.006263076444762197,0.007722584390955415,0.003925129491863664,0.0043375252602083384,0.004223536695130893,0.003214326520251759,0.004377042012403172,0.003937643750986302,0.004953227830332674,0.004240254455890538
open,479,0.0023059558553123077,0.0024147520976283052,0.0018127061928160254,0.0026904092754925927,0.003621095326745571,0.003440379408223351,0.004599520677723047,0.0028233858942903153,0.005982725946267048,0.002384352777017928,0.005962914082265202,0.009600910979518014,0.0061739840708224455,0.01115957189963646,0.0042991329122060344,0.003063247400624844,0.004812757471394902,0.00561117056153241,0.003504894749568252,0.005322207103084044
open,480,0.0034924594259229708,0.0034499725446124068,0.003482616813726142,0.003544788919430363,0.007853201601204592,0.012125149426915602,0.005041147801787598,0.006393307574910577,0.005865444262008994,0.007962274668786653,0.004883492266314286,0.004750565850926042,0.011693236158935236,0.006801133099953927,0.01243176373151761,0.015846811645334167,0.012830901997366514,0.01613933686792601,0.009184895519315525,0.013168473604858014
open,481,0.060907495196465065,0.06928033953534972,0.04383639614408458,0.06960574990996088,0.023578971901988963,0.02060231870623365,0.03083640250800816,0.019298194491725085,0.04938898306435168,0.02278620756462692,0.04974671535745917,0.07563402627096895,0.3209878503047724,0.3147694980445956,0.4120353636765833,0.23615868919313834,0.23398523922535563,0.3266637062202299,0.3071153855632632,0.06817662589257373
open,483,0.005830462351703615,0.007564367945985846,0.005016510918335079,0.004910508190789919,0.005014010985288017,0.0037098024943024743,0.006019683303238956,0.005312547158322622,0.008288008081419768,0.010960162663534683,0.009881693137777274,0.004022168442947346,0.006374619080691661,0.0074321841062314,0.005888820160989338,0.005802852974854245,0.005966374535161612,0.005951292939707154,0.006384181231094734,0.005563649434682949
open,486,0.012821917779634318,0.012485219254835783,0.013565699482924999,0.01241483460114217,0.011109378122255735,0.01035808046309767,0.009385279576181701,0.013584774327487831,0.008550957787809605,0.007504794307962278,0.012015485389171653,0.0061325936662948895,0.01025865459744896,0.0076582138073941226,0.012288698230415047,0.010829051754537713,0.010648244400046095,0.008440661770015066,0.009665236034530449,0.013838835395592768
open,487,0.1566141488215332,0.16884698988805347,0.1524317760863551,0.148563680490191,0.2581129720730637,0.2070166784618903,0.3294584043712065,0.2378638333860943,0.26497869496412896,0.2585838859842137,0.296801469227573,0.2395507296806002,0.34856484082766864,0.2968956522267692,0.33258558638987845,0.41621328386635814,0.44751473746761433,0.4287572245851293,0.45259317649761294,0.46119381132010073
open,488,0.011228156268303703,0.0117481292950222,0.009715181502036383,0.012221158007852527,0.04730171361205567,0.014378004052701565,0.11441239673171073,0.01311474005175472,0.018549291606596505,0.009410654045014009,0.03559754959997983,0.01063967117479567,0.044978171422183334,0.04039213582034379,0.03586400206448057,0.05867837638172566,0.09481757706921658,0.016870360784788922,0.15401344526825791,0.1135689251546029
open,489,0.11579550402432655,0.11502270602602883,0.12208042065689693,0.1102833853900539,0.33116392731092636,0.2922915109521955,0.4937431475967121,0.20745712338387143,0.2495199901415982,0.26838955026455025,0.24964460243720707,0.23052581772303724,0.3872443287293046,0.4241423446050939,0.4130359814692954,0.3245546601135245,0.4116738884905525,0.4109379799138835,0.39115182729258247,0.43293185826519154
open,490,0.005537722452681532,0.0049885647014443575,0.005831510325974238,0.005793092330626001,0.012366376464075667,0.018767396132765058,0.011756626216214759,0.006575107043247185,0.015572475713703111,0.012065613022357403,0.023438608962879453,0.011213205155872477,0.01272085768621524,0.016303948373193464,0.01268852239193652,0.009170102293515735,0.01012266738878228,0.01582257505026877,0.007146986717556256,0.0073984403985218146
open,494,0.004690535420079185,0.004928129495119161,0.0048424021356986546,0.004301074629419738,0.04025075570844571,0.018560438234343425,0.08017709733266651,0.0220147315583272,0.03278495414058201,0.02018907836158044,0.051285408555335456,0.026880375504830134,0.03081694604516733,0.03234308498354685,0.022184625006342724,0.03792312814561242,0.12201409687417918,0.1690615334345198,0.14740729840600006,0.04957345878201763
open,496,0.013325453366731766,0.015311777128245638,0.013255515267398028,0.01140906770455163,0.021969748504141892,0.025920796994869957,0.01476888827823951,0.025219560239316208,0.056590804961701595,0.03945570391672743,0.08224904936833888,0.048067661600038475,0.041704876297963545,0.023666707466806856,0.04206370263227749,0.05938421879480629,0.0721378832341027,0.04569427221165447,0.09177067109453076,0.07894870639612286
open,497,0.00479362259775624,0.0040944237082214145,0.005468573716328231,0.004817870368719074,0.006328112272976516,0.0038620842472710517,0.006748127055447605,0.008374125516210891,0.013747389652598552,0.01535117584208025,0.011364795265617747,0.01452619785009766,0.05065470264042047,0.03820166156420752,0.02408366547492613,0.08967878088212777,0.013964746216737397,0.010951082277292688,0.015981713882124427,0.014961442490795077
open,498,0.04981754530117143,0.05062873914975102,0.060229501327588184,0.038594395426175085,0.11477542343813157,0.11359198838358134,0.13222003608330402,0.09851424584750938,0.065196543544294,0.038792599130569455,0.0987652001316776,0.058031831370634945,0.09950821768584887,0.07468847658148835,0.15633538436967923,0.06750079210637902,0.0864205433702583,0.13760826150238678,0.06742639443477334,0.05422697417361475
open,499,0.0073847756907721345,0.005638497329943742,0.008492597336671985,0.008023232405700678,0.01746045845971021,0.008630069866511873,0.02354746212831477,0.020203843384303984,0.010085963638636007,0.008295562514301821,0.008918321059270663,0.013044007342335536,0.010545833565463044,0.0061207040581397485,0.01841621390464201,0.007100582733607373,0.03507707373613995,0.03273286128965091,0.010472654608976562,0.062025705309792366
open,502,0.4198226449512121,0.441861190935622,0.44846311238025743,0.3691436315377568,0.4943975050263661,0.595049783095858,0.2794844964838348,0.6086582354994056,0.28175986153998694,0.32716891186642977,0.46344037033523616,0.05467030241829488,0.22771894000632995,0.3111456417961876,0.3250283447661502,0.04698283345665199,0.20210718879840736,0.24700827626077662,0.15386398280764008,0.20544930732680533
open,503,0.0025729833433850197,0.0024672036119790302,0.0026886286468584316,0.002563117771317598,0.017058970245470276,0.021037543185669933,0.01686227845467601,0.013277089096064888,0.013416350508681599,0.01706570532143729,0.012402519190563885,0.010780827014043625,0.027411549505207463,0.027733273165171955,0.03988342351292707,0.014617951837523365,0.02771331713518158,0.03950146899254739,0.03400980445158597,0.009628677961411387
open,507,0.02825736728978331,0.023556110443536605,0.03207071362104085,0.02914527780477247,0.04521115723893534,0.05854704917687072,0.04268083736530005,0.03440558517463523,0.07989985946452711,0.08005856009025612,0.08429885486947354,0.07534216343385171,0.1781505039044593,0.25834418193257425,0.1660250459126248,0.11008228386817884,0.0643593510445198,0.0485534339499373,0.09148200293200844,0.05304261625161367
open,509,0.4152813109106837,0.39046772464750046,0.4838178773413974,0.3715583307431534,0.4394647738808688,0.41872565114258864,0.5093188425573982,0.3903498279426196,0.4897252717234888,0.4329217215414751,0.5117772088717205,0.5244768847572707,0.27524079725478423,0.2237348236777518,0.3779230964113066,0.22406447167529434,0.40958153356609833,0.5422138055794483,0.40617859112758803,0.2803522039912587
open,510,0.02713128979892614,0.027894232712851515,0.02617046513519764,0.027329171548729273,0.08139711832118812,0.10815207129381749,0.06726969790715621,0.06876958576259068,0.06391429199481562,0.05379582472168845,0.053221792756014075,0.0847252585067443,0.06715195522980132,0.05927878676985288,0.08588487356689666,0.056292205352654424,0.08016527066258991,0.1117432083175477,0.06642766425542082,0.06232493941480121
single_library,0,0.6761263793874842,0.6774848772072208,0.676284669013749,0.6746095919414831,,,,,0.7608966873032914,0.7634868842945222,0.7574073590990366,0.7617958185163152,0.782991263894095,0.7859198043241001,0.7753785875058684,0.7876753998523164,0.796079983514273,0.7943101060311748,0.7944122751768224,0.799517569334822
single_library,1,0.5354213246022731,0.5365161766214518,0.5354721775221439,0.5342756196632235,,,,,0.6469692522298706,0.6509150415496723,0.6446151831522563,0.6453775319876833,0.691075443690799,0.6969179882386621,0.6843719771939759,0.691936365639759,0.7082517645367069,0.7077510654112682,0.7056844438678803,0.7113197843309721
single_library,2,0.4146690769155878,0.412858832581933,0.4120789122768343,0.41906948588799603,,,,,0.4876993838456222,0.48880832473919184,0.4871686984324395,0.48712112836523536,0.506368861565202,0.5071381085681482,0.5073539816870136,0.5046144944404444,0.5162857905755737,0.518644235468496,0.5083821736968156,0.5218309625614095
single_library,3,0.46570305236159104,0.46118970336717857,0.4676775043426458,0.4682419493749488,,,,,0.6104142860137456,0.6122592570998638,0.6155492349592439,0.6034343659821292,0.6744734157291727,0.6727862704168486,0.6687918607101516,0.6818421160605179,0.6894122744246959,0.6854777887374631,0.6840351077602103,0.6987239267764143
single_library,4,0.24532114066853464,0.24197973622612048,0.2422877536100302,0.25169593216945324,,,,,0.29808444336531387,0.29766787172931614,0.30811972865063064,0.2884657297159949,0.38389793428920366,0.38773328683901254,0.38724616278167806,0.3767143532469204,0.4044287268026088,0.42559651151195077,0.39089134672700165,0.3967983221688739
single_library,5,0.3974417796522853,0.3996320503623983,0.39684200162737676,0.39585128696708066,,,,,0.4824761252827217,0.4910108761706231,0.4865986989280583,0.46981880074948373,0.49082746091799384,0.4717707472642011,0.4787029970099919,0.5220086384797884,0.5434328932983367,0.5590863234750207,0.5140388921713246,0.5571734642486648
single_library,6,0.33075337684334244,0.3362142533315942,0.3277808318893615,0.3282650453090717,,,,,0.46087241171991766,0.473553436452685,0.45883308173659343,0.4502307169704746,0.5567834862278124,0.5546317534504198,0.548622937907661,0.5670957673253564,0.5821102564859234,0.5799407875173842,0.5741495065083017,0.5922404754320842
single_library,7,0.11212715236162635,0.11165401732523357,0.11193561016241382,0.11279182959723165,,,,,0.1477711274121109,0.1492402334316699,0.14804982657190685,0.146023322232756,0.15486240817220084,0.1597520668305424,0.14713107058681282,0.15770408709924733,0.1567295586177809,0.15882894876786277,0.15658282920905442,0.15477689787642543
single_library,8,0.1681758826563695,0.17425658254918128,0.16548370240494845,0.16478736301497887,,,,,0.24078585261832464,0.239728087968361,0.24481125827708228,0.2378182116095306,0.26410800500554316,0.2446804684672127,0.2711385312693822,0.27650501528003457,0.27375143632273713,0.29626942373718496,0.2591110672559549,0.2658738179750715
single_library,9,0.3335391791913806,0.331536273561664,0.33403363732262603,0.33504762668985166,,,,,0.4540986514225378,0.45764649269719293,0.459558495656779,0.44509096591364156,0.5060545646440714,0.5039925559917414,0.5036028716357174,0.5105682663047555,0.5514555731931555,0.562488355198507,0.5404231311158627,0.5514552332650967
single_library,10,0.19192994387868856,0.19270945829043232,0.18958931319512426,0.19349106015050915,,,,,0.33784687124470575,0.3240157598595379,0.3560572219507794,0.33346763192379997,0.3655042014798571,0.3566567600346228,0.3662277254183251,0.3736281189866236,0.39730750798702896,0.41123493639203124,0.38468740211887475,0.39600018545018084
single_library,11,0.12400065796327815,0.1220912782406271,0.12610031436727537,0.12381038128193197,,,,,0.1416826029053757,0.1379651354192008,0.14937953937003876,0.13770313392688757,0.16694102324002272,0.16877145844784516,0.17811857541808832,0.1539330358541347,0.16892940949058413,0.17480907309643623,0.16869026155957373,0.1632888938157425
single_library,12,0.09807637254958222,0.10109174170385792,0.09686759640904671,0.09626977953584204,,,,,0.11575078593095106,0.11459594143957953,0.11455079406372867,0.11810562228954498,0.11062066195170205,0.10858851746495551,0.10845208702600499,0.1148213813641456,0.11135454234196059,0.11235485562007032,0.10923420300667114,0.11247456839914032
single_library,13,0.12729826913607867,0.12720222775403336,0.12678438702271422,0.12790819263148845,,,,,0.15956249077073445,0.16832821493126135,0.16019696353736865,0.15016229384357332,0.17725349286416328,0.17225684629020968,0.17828502187308723,0.18121861042919302,0.18682579592103063,0.17905801034937438,0.1983942951681673,0.18302508224555014
single_library,14,0.08132396014864911,0.08022362410770718,0.08184904979812262,0.0818992065401175,,,,,0.12450924628786397,0.12673773815817366,0.12384818745635345,0.12294181324906485,0.14206069458075607,0.1497015966599641,0.13935365569839134,0.13712683138391274,0.1443441679163133,0.1412509926401466,0.144092427865585,0.14768908324320829
single_library,15,0.10296416093569183,0.09293438437076958,0.10936548557570132,0.10659261286060458,,,,,0.16235053004160563,0.17286238115712155,0.1455736406817032,0.1686155682859921,0.1946217400122341,0.20372577144504456,0.18042175275391906,0.19971769583773868,0.18573320551028197,0.22283369020676508,0.1440065162070816,0.19035941011699928
single_library,16,0.13686744715963786,0.1330728560373717,0.14100231569603894,0.13652716974550289,,,,,0.1710179091064468,0.18140004096310794,0.1728481550311447,0.1588055313250878,0.17047900979763364,0.17397149136724313,0.1732975755221156,0.1641679625035422,0.17291503772370964,0.17412523334321908,0.16551305384649131,0.17910682598141847
single_library,17,0.11049303180872323,0.11050685094750391,0.11108672742062277,0.10988551705804303,,,,,0.16135192329747336,0.16653341341842595,0.16312202931704442,0.15440032715694965,0.17339714377247462,0.1722330708993804,0.17035395639117115,0.17760440402687228,0.1863318558318169,0.18427237102078983,0.18482621174947708,0.18989698472518382
single_library,18,0.08450361455116888,0.08161554542932513,0.08970437938432345,0.08219091883985806,,,,,0.13113552959927188,0.12804750326292738,0.13276658927603427,0.13259249625885397,0.1426269233902089,0.15460870234838597,0.13172191064303845,0.1415501571792023,0.14580464589563844,0.146877946683118,0.15601600897076184,0.13451998203303542
single_library,19,0.19820477204195044,0.19798846223565902,0.19824496589809723,0.1983808879920951,,,,,0.3213095943791154,0.3059489549207355,0.33974925559540836,0.31823057262120236,0.49485856004174833,0.5029128838476834,0.4938463592558353,0.4878164370217262,0.5162981949240281,0.5240962636963814,0.4967787844643207,0.5280195366113821
single_library,20,0.0504445865303414,0.04890256521595658,0.051263499587070945,0.05116769478799668,,,,,0.0639930946279375,0.06441650543444662,0.06346019553473103,0.06410258291463486,0.06881238613982238,0.0701274339827001,0.06899430847275341,0.06731541596401364,0.07256503138285127,0.0727895293108016,0.07000394665201966,0.07490161818573254
single_library,21,0.2232328223369302,0.22747389545559032,0.22503983553469942,0.2171847360205008,,,,,0.30853960410479714,0.2995258154017163,0.32089534003783005,0.30519765687484507,0.5167776590490623,0.5418365610549974,0.5147956156831043,0.49370080040908504,0.5739068421639887,0.5704954738196146,0.6022849670048099,0.5489400856675417
single_library,22,0.09115373860703087,0.0915054331310003,0.08736421694278476,0.09459156574730752,,,,,0.14163914939515557,0.1471029263065871,0.1332452678576438,0.14456925402123583,0.1734336452355628,0.16025939437026263,0.18844002613637084,0.17160151520005487,0.19759488330855698,0.18749879393493082,0.19233649281701284,0.21294936317372723
single_library,23,0.06268158552048606,0.06436080416632045,0.06206505157866219,0.06161890081647553,,,,,0.08379490286228204,0.08003041572080374,0.08253927660723041,0.08881501625881198,0.12022100037040029,0.11028258133021386,0.09730899556556556,0.15307142421542144,0.10866029798580919,0.10834380025505905,0.11199315053378464,0.1056439431685839
single_library,24,0.07428332178456028,0.07363633428550359,0.07412809656272926,0.07508553450544801,,,,,0.11511200763840794,0.10878149410678051,0.11211042233478602,0.12444410647365725,0.14998625438052518,0.14268466880132114,0.13910715320315584,0.16816694113709857,0.17077110467576476,0.1747770143429779,0.17107216415510504,0.16646413552921133
single_library,25,0.07733358337630591,0.07979633361918934,0.075685153456773,0.07651926305295544,,,,,0.12795487534513886,0.1362535083038966,0.1259279105923677,0.12168320713915233,0.1319891286083299,0.11910196498368208,0.1418532668266752,0.13501215401463237,0.16068170316799565,0.15984840615242912,0.15819249092346346,0.16400421242809435
single_library,26,0.1454007505976196,0.14475406299122173,0.14700465916158764,0.14444352964004933,,,,,0.246978505134927,0.2598148275335809,0.2754287805886372,0.20569190728256295,0.323422075946642,0.31666147335944006,0.30567147469549716,0.34793327978498895,0.31300034411309324,0.375174244414969,0.27476089799216535,0.2890658899321454
single_library,27,0.07359414610202861,0.07133466534890945,0.07396705436475323,0.07548071859242314,,,,,0.10793549140452147,0.1226771157003982,0.0908295655344882,0.11029979297867797,0.13728333327247885,0.13803813988197772,0.13629732379608164,0.13751453613937714,0.18683928559781074,0.1678963910193485,0.20144730422971505,0.1911741615443687
single_library,28,0.13984709171714751,0.1360993789821484,0.13857990861801492,0.14486198755127916,,,,,0.2625786205177418,0.2630471639540899,0.2466837912919318,0.27800490630720365,0.3092667140028736,0.32342953991173434,0.2907520105012248,0.3136185915956618,0.3743838414709591,0.38258804178553096,0.3740997952008408,0.3664636874265056
single_library,29,0.04520684767246177,0.04623462201146217,0.0456325818926163,0.04375333911330684,,,,,0.058831735569247874,0.05665874150271656,0.05834134565476013,0.06149511955026694,0.07579887071820507,0.07175849766751798,0.0684665746671783,0.08717153981991893,0.07940746503078627,0.0804662151162903,0.08078644466496654,0.07696973531110197
single_library,30,0.05630723643343621,0.056175772780857613,0.05691637563348785,0.05582956088596314,,,,,0.08591228705389779,0.08264504845736699,0.09101134681826172,0.08408046588606467,0.12224376439113227,0.12323225622112964,0.1179482075999758,0.1255508293522914,0.1384752866707444,0.13141438509449524,0.16223843262464555,0.12177304229309248
single_library,31,0.03281566754182402,0.03275616071909915,0.0330271487067009,0.032663693199672016,,,,,0.06438998170122694,0.06576766717269289,0.06642905565814741,0.06097322227284053,0.07885152031762749,0.06875088213914346,0.0912131620205492,0.07659051679318978,0.09287426298734273,0.09834988892678673,0.08461130646537583,0.09566159356986562
single_library,32,0.12391701711359027,0.1284656647733577,0.1236522940443675,0.11963309252304563,,,,,0.2043760733260972,0.21159434849727687,0.19413483524583883,0.2073990362351759,0.23858454658544734,0.25201161146477424,0.2318427820373661,0.2318992462542016,0.2612486057351451,0.24925499095955378,0.2548169036910019,0.2796739225548795
single_library,33,0.07966059294016448,0.07738488956130984,0.0789334994161868,0.0826633898429968,,,,,0.12589092417519182,0.0799192510112714,0.1623981289246169,0.13535539258968715,0.17828521163272404,0.15331534309120892,0.11347354656194056,0.2680667452450226,0.15944998607946873,0.21123612581693402,0.11478325364222353,0.15233057877924866
single_library,34,0.09388618477608206,0.08956038667448248,0.09677503456577437,0.09532313308798934,,,,,0.17197306564266768,0.2025906226349713,0.16134500914204153,0.15198356515099024,0.18840001537035347,0.18878192574640765,0.1744365980343613,0.2019815223302915,0.20476998873336724,0.21492542752773947,0.19725094092911244,0.20213359774324985
single_library,35,0.10672414154360983,0.09730338370256508,0.10436167705583008,0.11850736387243438,,,,,0.1774132558972458,0.16957379750053442,0.17422761413862625,0.18843835605257672,0.1470460324923277,0.1407382365394296,0.07875221890062394,0.2216476420369296,0.2237851799201037,0.28458812186552723,0.18201304641807223,0.20475437147671155
single_library,36,0.06349621447446818,0.06365009998605699,0.06062635148048103,0.06621219195686655,,,,,0.08752009976827572,0.08578031000385417,0.083346183322826,0.09343380597814697,0.1030406348163117,0.10799029873433506,0.10508377632740304,0.09604782938719703,0.09306831423392196,0.0885521274517563,0.0972578156940231,0.09339499955598649
single_library,37,0.0616279803613702,0.06229813506928083,0.061825504813960076,0.06076030120086969,,,,,0.10573989185639149,0.1074824692217762,0.11719213794740703,0.0925450683999912,0.19145519439077793,0.17504650992385287,0.18081499346059582,0.21850407978788514,0.21892509220603895,0.1993053589153576,0.25173225575113484,0.20573766195162443
single_library,38,0.059301403444249084,0.055921761711931695,0.058232421876015794,0.06375002674479976,,,,,0.12957707823106007,0.13490854302466587,0.12784458222638018,0.12597810944213417,0.2025445555285841,0.22242333035992368,0.1755972711203503,0.20961306510547842,0.25139963426190653,0.2712266724881031,0.22966109752600847,0.253311132771608
single_library,39,0.2950129126507986,0.3284357044959165,0.2615896075715823,0.295013425884897,,,,,0.41874777683434666,0.3763049630548148,0.42903660432307544,0.4509017631251498,0.45579823727842744,0.4317330548823258,0.45296499840289045,0.48269665855006605,0.4343995145288555,0.41581485486618075,0.45685097230424415,0.4305327164161417
single_library,40,0.04918230400026933,0.05508554055096502,0.046258809093741304,0.04620256235610167,,,,,0.04715170943420668,0.043656228984673376,0.0516659585127796,0.04613294080516704,0.0658859549786303,0.06677635318713447,0.0643625628113081,0.0665189489374483,0.07666007183158881,0.07985539308674884,0.07990798300641133,0.07021683940160629
single_library,41,0.11807776059599757,0.1217253203089201,0.11305033162352916,0.11945762985554347,,,,,0.1960066652640864,0.20374458495528228,0.18511862443385976,0.19915678640311707,0.28320367105556743,0.28682581079015307,0.2600624272006727,0.3027227751758765,0.33417773824084435,0.3944313828671916,0.329879848246279,0.2782219836090625
single_library,42,0.09160899481319396,0.08876008122509697,0.09688937855129062,0.08917752466319427,,,,,0.19624794023041212,0.19378977431608846,0.17209175147973638,0.22286229489541143,0.26088443568773684,0.27086907623176676,0.25899292642559707,0.25279130440584674,0.28136497764358775,0.2821234104133076,0.2831099291355815,0.27886159338187416
single_library,43,0.05737762865707179,0.054969016411732755,0.05985226541422742,0.0573116041452552,,,,,0.11066754760195519,0.1144013562220557,0.12479047129315173,0.09281081529065811,0.13867015487852266,0.143428121310986,0.13234790731258167,0.1402344360120003,0.1797657792370805,0.17276338826767965,0.16742997250454278,0.19910397693901916
single_library,44,0.17921577464055113,0.18626643996474068,0.17658977525073682,0.17479110870617584,,,,,0.24570409184845257,0.2541316974853443,0.2614945586800378,0.22148601937997556,0.23790722990800317,0.27332938089048453,0.20372936129182606,0.23666294754169886,0.31884018672039377,0.3411949841060287,0.31694648556965604,0.2983790904854965
single_library,45,0.10792984386321795,0.1081186070437213,0.10814789110719733,0.1075230334387352,,,,,0.13494293001588578,0.1397510819577198,0.1356513030362009,0.12942640505373668,0.13961470014641725,0.13383721145492436,0.12983177134458404,0.15517511763974334,0.15762789759247156,0.1574732186757949,0.16350094987924224,0.15190952422237758
single_library,46,0.14492632809484338,0.14584749357409646,0.1389034625736988,0.15002802813673485,,,,,0.21371130634536029,0.2125584610310093,0.2378338758533343,0.19074158215173723,0.21950741171588795,0.21915363373167013,0.20947375712320487,0.22989484429278886,0.28413443116950815,0.27863087510918483,0.28796068403070385,0.2858117343686358
single_library,47,0.04439188383311118,0.04451052596959453,0.04243220533045309,0.046232920199285904,,,,,0.09957375211053159,0.0970852540446755,0.1047262722093277,0.09690973007759156,0.14109846691839165,0.13117645694772037,0.13623344544617627,0.15588549836127827,0.21618114674734104,0.19070087310987577,0.22802470380324355,0.2298178633289039
single_library,48,0.09394705080410719,0.09359358666787118,0.09543637440455201,0.09281119133989833,,,,,0.11701799670812563,0.11557014191740608,0.1150919571221414,0.12039189108482941,0.18311615440060772,0.1818519093506511,0.16571715060449,0.20177940324668212,0.2255828359987305,0.22329536468835998,0.21868617431388812,0.23476696899394334
single_library,49,0.04453985068492536,0.0410926252442476,0.042794821277973405,0.049732105532555075,,,,,0.05705083485134057,0.04868926159573894,0.06673740968872864,0.05572583326955411,0.05569563021476497,0.05208113267494491,0.05186688225249072,0.06313887571685928,0.09185315566751119,0.10441281361771254,0.08225953108180577,0.08888712230301528
single_library,50,0.03323772866792918,0.03179586124809859,0.03480072263782147,0.03311660211786747,,,,,0.09993157265955144,0.08275401264824123,0.11502839795512311,0.10201230737529,0.1109649505690074,0.09208770193255211,0.08059994222831139,0.1602072075461587,0.0912175704803692,0.11532606370763882,0.08064878938101834,0.07767785835245045
single_library,51,0.05230351382040375,0.05092013324424597,0.05409190470525813,0.05189850351170715,,,,,0.10912892870800611,0.1111844060373704,0.10332213793684628,0.11288024214980165,0.19500661079554246,0.20623207858062956,0.19659228628433514,0.18219546752166263,0.21667952145691594,0.21940021623275097,0.21936506928766275,0.21127327885033415
single_library,52,0.0248516623550645,0.024617923198963443,0.025084783434415774,0.02485228043181428,,,,,0.02859782744542602,0.02956765996213697,0.027199292347664786,0.029026530026476306,0.03960029210039936,0.038266115753122006,0.035842043887342065,0.044692716660734,0.03639916213069574,0.039423521958744344,0.036181455261349575,0.0335925091719933
single_library,53,0.06454377084677673,0.062444850181284456,0.07093883357660345,0.0602476287824423,,,,,0.09935623998443303,0.07254743034987461,0.11283323456075406,0.1126880550426704,0.14933420183279253,0.13976407567073126,0.15900040071289348,0.14923812911475287,0.1925190046003796,0.1952103545462825,0.1964863537228457,0.18586030553201066
single_library,54,0.042410581323978624,0.04453183493898834,0.04227403071926272,0.040425878313684806,,,,,0.07911518040283605,0.09077031475625058,0.06719348439394626,0.07938174205831132,0.10084330698347393,0.09806602695728277,0.11184478579451759,0.09261910819862146,0.10859021071954894,0.09510025607920276,0.13410975827569274,0.09656061780375129
single_library,55,0.03155370638612085,0.031901537132782744,0.03062390322496375,0.03213567880061606,,,,,0.07386082965192715,0.07511520554538842,0.07789023860186288,0.06857704480853014,0.12257264250646595,0.12785666417813618,0.09455970565800682,0.14530155768325487,0.22384922260031695,0.23508275995988903,0.2007668364692411,0.23569807137182072
single_library,56,0.07385053923407046,0.07280220205514476,0.07299068874750529,0.07575872689956134,,,,,0.26209558635008173,0.2606662581788628,0.325057686983826,0.20056281388755642,0.1652290946644094,0.18356331311303373,0.12371992741468897,0.1884040434655055,0.2317780231115902,0.28246638880429215,0.22150755078005846,0.19136012975042002
single_library,57,0.08066701694517374,0.0810604471710771,0.0793172364326533,0.08162336723179084,,,,,0.15496565437978452,0.18023694680025412,0.14315523291640772,0.14150478342269174,0.16616210330239847,0.14656323067389193,0.14947971601014312,0.20244336322316034,0.2320412655206212,0.2014730786055694,0.2651064810177815,0.22954423693851275
single_library,58,0.0412847286642162,0.04003600001447097,0.03970648808605214,0.04411169789212549,,,,,0.07511900741216126,0.0631941574806219,0.06987437490593984,0.09228848984992205,0.10804247752741424,0.10976454531381133,0.09909877224304268,0.11526411502538869,0.1656805823266898,0.16722781397272787,0.14377002456785024,0.18604390843949128
single_library,59,0.050307916025304635,0.04823809986424615,0.05515044606187159,0.04753520214979617,,,,,0.1088515846293443,0.13056194340717478,0.10276258693531604,0.0932302235455421,0.22955224019451484,0.23921472660307042,0.243340074404147,0.20610191957632706,0.2974821072077574,0.27174796649763217,0.26569173969778875,0.3550066154278513
single_library,60,0.108235101958408,0.11319362042127926,0.10709256356200642,0.10441912189193833,,,,,0.12486662576322571,0.1454278820029797,0.10524483253722251,0.12392716274947492,0.2732294710266914,0.2330613649437689,0.2883005289844078,0.29832651915189745,0.2994816384474973,0.28353737039158056,0.2942861565917724,0.320621388359139
single_library,61,0.15170276840047617,0.16974020921182925,0.15178212049757045,0.13358597549202886,,,,,0.29921296132907876,0.25632641292647,0.30320006238265385,0.33811240867811243,0.4009349222630281,0.4134302972252606,0.40799958118788926,0.38137488837593464,0.4761656597219597,0.4609145940632453,0.48649130133356405,0.4810910837690697
single_library,62,0.10971276566977632,0.1048036050459774,0.11803295127917543,0.10630174068417612,,,,,0.1779865227261963,0.17179861469490693,0.14618527405330686,0.21597567943037504,0.42691744595021053,0.4310358416852309,0.44965930177733754,0.4000571943880631,0.4926871388268905,0.4940359399464629,0.5236489646429818,0.46037651189122686
single_library,63,0.06714115767357721,0.06966011734464282,0.06510485450819305,0.06665850116789576,,,,,0.16727724052445678,0.1799020711695371,0.16386182588221898,0.1580678245216142,0.16639774422114248,0.16737813446519262,0.14925036179741694,0.18256473640081783,0.22693512018229312,0.28651466397840664,0.19594116309851423,0.19834953346995843
single_library,64,0.05612640389574261,0.05357763520216556,0.05800433995000664,0.05679723653505564,,,,,0.06461693133808792,0.07383493056848776,0.05980137168285696,0.06021449176291907,0.07550808823102861,0.07120819648176847,0.0761395064487861,0.07917656176253128,0.09710830586456791,0.08887392984551415,0.09223423572227257,0.11021675202591698
single_library,65,0.020108429776669757,0.020616950187156962,0.019996329026732755,0.019712010116119554,,,,,0.08900497311771692,0.10673558137141399,0.09548766895615554,0.06479166902558121,0.13374902559014287,0.15981802533563108,0.12632076699480446,0.11510828443999306,0.14708179982980843,0.13925140268906602,0.11143779912444203,0.19055619767591728
single_library,66,0.02055834453603331,0.01987085668245273,0.02048793282464899,0.021316244100998225,,,,,0.035172289347294106,0.03781671857698556,0.03385230486322239,0.03384784460167436,0.03742616276881937,0.03753595982732458,0.03713685652966929,0.03760567194946424,0.04132451308301243,0.04862579217681463,0.03727642826890411,0.03807131880331854
single_library,67,0.03148554962113265,0.032305881473443876,0.029964063505428587,0.032186703884525485,,,,,0.07396027217311885,0.06705331873489005,0.08402184554132867,0.0708056522431378,0.06987166628221518,0.07277764427414045,0.06395983143454392,0.07287752313796114,0.10454352616326658,0.12249306896126907,0.11253935972836429,0.07859814980016637
single_library,68,0.08896275769671806,0.08801939064565154,0.09466423566989177,0.08420464677461084,,,,,0.3782385544592721,0.38495179711659644,0.35641599178118916,0.3933478744800307,0.39828741736892154,0.36586935307800633,0.4342201401590976,0.39477275886966084,0.5229883476198346,0.5755702068095944,0.45375602579115554,0.5396388102587537
single_library,69,0.08442490221083147,0.08440841250566308,0.0863183057332919,0.08254798839353947,,,,,0.08841336800123904,0.07363915068256649,0.08626206524454305,0.10533888807660756,0.07827749959753787,0.07787231260091845,0.07757119099525948,0.07938899519643568,0.07412102671609348,0.06847940584503223,0.07488530701649987,0.07899836728674832
single_library,70,0.08608929419068856,0.08808962427109988,0.09145221647845728,0.07872604182250853,,,,,0.16594405759722505,0.15758126235648226,0.20234476962329953,0.13790614081189334,0.17230750299092024,0.18080119753857438,0.14345618107986977,0.1926651303543165,0.21349172371074046,0.2332400961703627,0.1960525722240092,0.2111825027378495
single_library,71,0.04100703053379489,0.04451457950432017,0.03969059594344392,0.03881591615362057,,,,,0.04277462714511784,0.04913656179156844,0.04150176577060108,0.037685553873183966,0.08311892322461228,0.08985252353168287,0.060079770723526035,0.09942447541862796,0.08008210508294955,0.08435928203999138,0.08204327744790928,0.07384375576094797
single_library,72,0.014569453508303984,0.014661294277550878,0.015019102636569553,0.014027963610791517,,,,,0.03490537691657975,0.03552803355039735,0.033379496313310324,0.03580860088603157,0.13925386375242918,0.1568579204053353,0.10497228893269235,0.15593138191925987,0.13439658152001097,0.11953005017988855,0.14720398745906207,0.13645570692108222
single_library,73,0.03723452927245463,0.0361261749198475,0.037199656844053304,0.03837775605346307,,,,,0.06665082994486893,0.061571856510711113,0.05846760403999163,0.07991302928390404,0.05135703626558457,0.054466872109237674,0.04047581964909462,0.05912841703842141,0.07355793520375087,0.047556078631434094,0.09574395294734032,0.07737377403247821
single_library,74,0.028213316045572256,0.02603189438541716,0.032490461850414876,0.02611759190088473,,,,,0.03439463799555409,0.028310848657535484,0.038693925320197005,0.036179140008929765,0.051039996734378396,0.06801088852050827,0.03743123430516667,0.04767786737746024,0.05346529329601618,0.04876510215327472,0.04936453527051259,0.06226624246426123
single_library,75,0.056889327465031135,0.054364005186335954,0.062153246831738555,0.0541507303770189,,,,,0.08745253940707902,0.08617046068241899,0.08875932210082818,0.0874278354379899,0.12933577423845402,0.14011408661538674,0.13110762240598042,0.11678561369399493,0.16120371415584478,0.11590406462877333,0.16370346258965404,0.204003615249107
single_library,76,0.015826363142383237,0.01497922548599328,0.01555072727532123,0.016949136665835196,,,,,0.08202690981017753,0.09699465531492743,0.07683701988722362,0.07224905422838158,0.08825654812672917,0.07104499058760716,0.06609891513409279,0.1276257386584876,0.13415867168679102,0.14543793111561001,0.12338578805606545,0.1336522958886976
single_library,77,0.014898028266647672,0.015020119201782096,0.015093222601350917,0.014580742996810002,,,,,0.017252773292126017,0.013420842097759199,0.02150521072597089,0.016832267052647964,0.02043373204494674,0.019620489172682963,0.01846277800505387,0.02321792895710339,0.021130364039636338,0.028733493066412798,0.015165340740054895,0.019492258312441318
single_library,78,0.061261518639853595,0.05837030703561752,0.06547688795414874,0.05993736092979453,,,,,0.09041150224784528,0.09364777796243672,0.10909925927663891,0.06848746950446023,0.09462039413852265,0.086124872312886,0.07495374365145134,0.12278256645123063,0.10762501318110675,0.12055966484287203,0.09696240710140495,0.10535296759904327
single_library,79,0.08722618886150679,0.0852102291325085,0.09331917421020273,0.08314916324180918,,,,,0.10891875780327626,0.06530474043294493,0.1602565540864738,0.10119497889041003,0.10580373804852417,0.13244188123314665,0.07531702767908045,0.1096523052333454,0.16107395258163826,0.20572818856761257,0.178816008486574,0.0986776606907282
single_library,80,0.03278254789634352,0.03273031895271209,0.0333352262055091,0.03228209853080937,,,,,0.06906853389883824,0.08561974544845152,0.05414258969672412,0.06744326655133909,0.092413076067051,0.10560433020415917,0.09350377188663557,0.07813112611035823,0.12130302223329087,0.09052672119149208,0.15132895712031202,0.1220533883880685
single_library,81,0.07522662587035217,0.06820040273321308,0.07665777643259863,0.0808216984452448,,,,,0.16203566125274285,0.17276703448717715,0.18556040125249532,0.1277795480185561,0.2590778410330979,0.27867515979474566,0.2363347520775924,0.2622236112269556,0.3605167378850475,0.3778255340325928,0.38530882423403484,0.3184158553885147
single_library,82,0.06366394671481367,0.06508912512926478,0.06555401098806071,0.06034870402711553,,,,,0.05959280548600366,0.04021568153840918,0.05702313048242936,0.08153960443717245,0.05178627802209975,0.04742700842509734,0.040102720686830594,0.06782910495437129,0.07051614124424749,0.08190361406275339,0.05535349316343664,0.07429131650655244
single_library,83,0.02004371000585029,0.020306276380655106,0.021997304253912258,0.017827549382983504,,,,,0.03910774639445893,0.046012090662840475,0.0414205129304215,0.02989063559011481,0.038049431129135856,0.03680850022501781,0.04320000695773783,0.03413978620465192,0.0524236640462743,0.05479282302284887,0.05109126566997481,0.051386903445999214
single_library,84,0.011407874428540757,0.011509509125219449,0.010873559767639401,0.011840554392763422,,,,,0.01603334914874396,0.018071121349865625,0.01468932705624744,0.01533959904011881,0.024523953394031423,0.021542403679199386,0.02479521110842559,0.02723424539446929,0.03200688900349805,0.04644034107111362,0.02798775480930854,0.021592571130072014
single_library,85,0.019927725598337855,0.020307009659365823,0.02141804503743554,0.018058122098212205,,,,,0.052659894219308646,0.06642467134134249,0.05674883608597509,0.03480617523060837,0.05962862045490743,0.04185871507437919,0.07552024516670884,0.061506901123634265,0.07105629666215067,0.0739527091169184,0.07272877639944413,0.0664874044700895
single_library,86,0.017657616377865032,0.017068434025757404,0.017829429428994008,0.01807498567884368,,,,,0.044560889561688244,0.03170078059652948,0.059779562703375436,0.04220232538515981,0.06843778832165613,0.05950669448501099,0.06010885170645008,0.08569781877350734,0.10277151949244295,0.15559359929458222,0.06890250931725478,0.08381844986549186
single_library,87,0.012613320327127699,0.013101998635173353,0.012981184887375064,0.011756777458834682,,,,,0.02873252483833207,0.021134041813767546,0.024214582557427217,0.04084895014380145,0.023310258250514467,0.020761813528575757,0.023055062275228366,0.026113898947739272,0.03410813591712916,0.030163190421962225,0.03407410856498994,0.03808710876443531
single_library,88,0.08806413161612758,0.08343632349931421,0.08911358644080199,0.09164248490826651,,,,,0.09475954167948243,0.10927833089466489,0.11901635535744677,0.05598393878633563,0.14882523620549318,0.15916221335793337,0.1429146867280679,0.1443988085304783,0.321832563616381,0.33950775658112936,0.3581739521080859,0.26781598215992775
single_library,89,0.025989108088583377,0.03197642117750147,0.02437738959810838,0.021613513490140283,,,,,0.06814148875176194,0.07769984629826328,0.06113823986806139,0.06558638008896117,0.07742097636266972,0.08116052143370893,0.05619010220102445,0.09491230545327578,0.0630533719097341,0.098241416725289,0.03810628029186403,0.05281241871204928
single_library,90,0.04335281147582117,0.03973680541858653,0.04095921578151577,0.04936241322736122,,,,,0.18668882785820617,0.146654442169475,0.2621327706959872,0.1512792707091562,0.11521501556338438,0.10765537511020719,0.13023047739841168,0.10775919418153428,0.14993854536899734,0.11160406810839732,0.12690445107501844,0.21130711692357626
single_library,91,0.07560824854495311,0.09330647118926251,0.06894064852177002,0.06457762592382682,,,,,0.1254228715729295,0.1401104456184292,0.11178656804405857,0.12437160105630073,0.10880679056228497,0.09421285553779504,0.12184545893376292,0.11036205721529696,0.13216002056977422,0.15005907920183406,0.13494562436097265,0.11147535814651595
single_library,92,0.030967089661172578,0.030744015593989534,0.030418557718429825,0.031738695671098376,,,,,0.047697181065635585,0.04823468355264283,0.0516307485974225,0.043226111046841445,0.06610084459199816,0.058863125116333535,0.06941026155718524,0.07002914710247571,0.08390720429379711,0.06135501846403696,0.07121887772068292,0.11914771669667147
single_library,93,0.019870912593145208,0.02101278823486047,0.021125857259954334,0.01747409228462082,,,,,0.07162668488769182,0.07617853688807144,0.06440605473107652,0.07429546304392748,0.10878647347996113,0.11063767656660387,0.08966289969871508,0.12605884417456445,0.11463078070017467,0.12761203393632695,0.09317640577111343,0.12310390239308361
single_library,94,0.027510929185831107,0.029178162234849824,0.026895720867887326,0.02645890445475617,,,,,0.16433691714551277,0.13710828212104686,0.20864276294636894,0.14725970636912245,0.274151217966316,0.280599738179071,0.2985499864687529,0.24330392925112412,0.5013710817976098,0.45093292244853966,0.518110167952952,0.5350701549913377
single_library,95,0.04060143202878703,0.03685861516049931,0.0373899726689215,0.047555708256940284,,,,,0.045175366767162405,0.051688309610364476,0.04587330676042904,0.037964483930693675,0.1231200736515603,0.11504173962283509,0.14549669544304417,0.10882178588880162,0.162795873267455,0.1693593556437912,0.158317900563043,0.16071036359553087
single_library,96,0.052079201937360424,0.051046897566614916,0.04867683480625536,0.056513873439211,,,,,0.14339112495704473,0.14190318243514136,0.15410905293608596,0.13416113949990688,0.17522655324544892,0.15231221095565353,0.1648860155641355,0.20848143321655777,0.2883120708877721,0.23864790135448452,0.2807937450872867,0.34549456622154506
single_library,97,0.11221043981396417,0.10662751427499342,0.10971391766211383,0.12028988750478525,,,,,0.16621986528143726,0.15825557521693356,0.17859172870903378,0.16181229191834437,0.14411890293126384,0.15505655864265935,0.11531241063357747,0.16198773951755466,0.1540202082114417,0.16169908489957147,0.16558699821799092,0.13477454151676269
single_library,98,0.010431802780550265,0.009902598837323234,0.009391380961638825,0.012001428542688734,,,,,0.020783948501592982,0.019000647279981384,0.021933175503802676,0.02141802272099488,0.01806675838951742,0.02155745239174011,0.017026960764933638,0.015615862011878517,0.023857232115771593,0.02644396947142504,0.020710077616622195,0.024417649259267548
single_library,99,0.04891334004074405,0.05407724391606028,0.05098808351715274,0.04167469268901913,,,,,0.05207062608528407,0.03601467399766993,0.0650212501073961,0.05517595415078621,0.05455253748103067,0.05293740394980272,0.05016608451225009,0.060554123981039196,0.0753681370738906,0.08445102664536717,0.07789622271891646,0.06375716185738817
single_library,100,0.04544950152803754,0.04725359849637907,0.04435642464432822,0.04473848144340532,,,,,0.09592767857520768,0.10666269076207029,0.08734532195058052,0.09377502301297225,0.13809285575439445,0.14442748109364564,0.13482717037071978,0.13502391579881792,0.17762043027524954,0.19133245486242678,0.1616515101268243,0.17987732583649757
single_library,101,0.015854578206499405,0.015911562345117196,0.016006356545589278,0.015645815728791743,,,,,0.04243229199442258,0.035039650496701366,0.04999158236561028,0.042265643120956105,0.06166828809492699,0.06257330678297551,0.05538502885167274,0.0670465286501327,0.09914095832762838,0.11107978628004121,0.11261198966199756,0.0737310990408464
single_library,102,0.10710569177429641,0.10137467866015112,0.1018782344827199,0.11806416218001817,,,,,0.182700048459983,0.1902103395860813,0.22280592400349036,0.13508388179037734,0.24636486547092507,0.21881915612681502,0.2707800267820341,0.24949541350392607,0.34440337635211504,0.30262195274765014,0.4071133316737698,0.32347484463492504
single_library,103,0.0054549441389195605,0.005657225626276656,0.005445276168000671,0.005262330622481356,,,,,0.014781753689851676,0.014151616106058137,0.020418631761748553,0.009775013201748343,0.012740457079399435,0.011299001692688031,0.01340145526446646,0.013520914281043817,0.011574440459106411,0.010807766791657557,0.012185494429188879,0.011730060156472795
single_library,104,0.016226307603992227,0.015396603498088721,0.014909045648515638,0.018373273665372326,,,,,0.04113363453566942,0.038560806278037506,0.05554147315283735,0.029298624176133402,0.08568420631665903,0.06417314856340908,0.08772919315010719,0.10515027723646081,0.14586521721604892,0.14468799425427636,0.1441279444017223,0.14877971299214807
single_library,105,0.041994904250138326,0.041451123869921724,0.04177935567817809,0.042754233202315174,,,,,0.08819002428263899,0.08364722898171434,0.09218964326434727,0.08873320060185536,0.1692941467470742,0.1301438108154579,0.19592459783894392,0.1818140315868207,0.21379171259092453,0.18380139578088336,0.25953901987369654,0.19803472211819362
single_library,106,0.05670600026938281,0.05509895443343835,0.056719739340622105,0.058299307034087984,,,,,0.1309940272142592,0.1045334426175865,0.1003026069912864,0.18814603203390473,0.15620676075356907,0.21827811306256814,0.14427106881375634,0.10607110038438274,0.3249960780938376,0.5042783844810128,0.18085764648837735,0.28985220331212264
single_library,107,0.1322578711634201,0.13375948635927218,0.13219479337072754,0.13081933376026061,,,,,0.17934476611086425,0.14978991787489598,0.21225362019549793,0.1759907602621989,0.169400761271453,0.17845765868940353,0.1408380910238175,0.18890653410113797,0.19500684791732806,0.22385315914970363,0.20594011010285315,0.1552272744994274
single_library,108,0.03091161630792365,0.03242750881894668,0.030196510489351045,0.030110829615473234,,,,,0.11327831794230248,0.1078556746458096,0.11569624065159975,0.11628303852949805,0.2167646405209418,0.16054760454091177,0.31525139941564856,0.17449491760626507,0.3087456433157795,0.3454752353843328,0.24888327278974204,0.3318784217732639
single_library,109,0.04095130607698329,0.04042469547544545,0.038866309112492586,0.04356291364301183,,,,,0.07306771874225562,0.06371665779984736,0.0781653090522762,0.0773211893746433,0.1273309953758703,0.107685504794322,0.13069994335255122,0.1436075379807377,0.18415191267740683,0.18475862718091546,0.15137617627721456,0.21632093457409046
single_library,110,0.08694604407008284,0.09477559283399756,0.07379938875121612,0.09226315062503486,,,,,0.12970964231043924,0.12782737636981367,0.1252553345274301,0.136046216034074,0.1637263757015517,0.1901814470576778,0.12993155431926676,0.17106612572771057,0.2121958418660349,0.2164257671232338,0.20920209618560903,0.21095966228926188
single_library,111,0.010544510543706725,0.01066977997487117,0.010303380064630555,0.010660371591618449,,,,,0.01708048531363542,0.014525170958936665,0.01902334068625086,0.01769294429571873,0.025150337450821233,0.02611234629192624,0.023229596443207153,0.0261090696173303,0.028551574608046564,0.028247655990792313,0.034852164218981366,0.02255490361436602
single_library,112,0.06377688446003073,0.06777659581888991,0.05748540438037641,0.0660686531808259,,,,,0.34443803322319777,0.3693528050359135,0.33058895661183774,0.3333723380218422,0.47165069041359065,0.4738538196474092,0.5183239818446537,0.42277426974870924,0.7272296456906369,0.6969998020698132,0.7325335194618902,0.7521556155402074
single_library,113,0.020764032813264405,0.021784537702489525,0.019478522906100488,0.021029037831203207,,,,,0.030769867548873397,0.03365880433792517,0.030051689837935037,0.028599108470759988,0.07573477814763735,0.07494214302115934,0.0848648905366944,0.06739730088505828,0.1043388109157508,0.09756974479567021,0.10016064595728864,0.11528604199429353
single_library,114,0.01894250317570921,0.017981165879899834,0.017774251246761272,0.021072092400466518,,,,,0.07028400657360767,0.08102337199268196,0.06543423785903668,0.06439440986910437,0.04205393723674494,0.04680586788163841,0.03862484812130969,0.040731095707286724,0.0908538554250205,0.09008175437005797,0.12417958526564912,0.058300226639354434
single_library,115,0.01702661085605718,0.01445326826721714,0.021090915319024153,0.015535648981930252,,,,,0.024352357155033616,0.026797711480483724,0.02814090836181832,0.018118451622798806,0.02598416240561928,0.019985299260930352,0.018140465968809767,0.039826721987117716,0.020695407491844987,0.02923922822383024,0.01575034732247174,0.017096646929232982
single_library,116,0.011044964006444287,0.01124826815925942,0.011464736791139747,0.010421887068933695,,,,,0.03638990659796708,0.031065016283603707,0.052531481818335245,0.025573221691962283,0.0233351939170649,0.022644777406569498,0.02308729203570236,0.024273512308922836,0.028208675610935943,0.03523531520053062,0.02297420617345517,0.026416505458822036
single_library,117,0.17471741661349363,0.18225348941021918,0.17602213179383847,0.1658766286364233,,,,,0.17645269612257977,0.24088809933906744,0.14649533732994233,0.14197465169872964,0.2428238326561123,0.217386144628386,0.24328386214679368,0.26780149119315727,0.27733269253293136,0.24536549153299334,0.3106444215799258,0.275988164485875
single_library,118,0.063188193816281,0.06287073916223346,0.06177013653472147,0.06492370575188808,,,,,0.1107501696162881,0.1225283816607929,0.12807136434965238,0.08165076283841904,0.3689118498182678,0.4324337605929329,0.29176364091972323,0.38253814794214724,0.4255366706809447,0.42617682381953276,0.46877133073027893,0.3816618574930224
single_library,119,0.025656895489412652,0.024446630772008253,0.02359518950343583,0.028928866192793883,,,,,0.04372630611008527,0.024597899758059812,0.05015067583753111,0.05643034273466487,0.03512942781279866,0.038048715680460386,0.026561342280626142,0.04077822547730946,0.05463872383707825,0.050103027587968564,0.06268752417038159,0.051125619752884606
single_library,120,0.026987403781169424,0.02452769100246432,0.03217433637229513,0.02426018396874882,,,,,0.09571389588338147,0.10165807249731168,0.10192916977937459,0.08355444537345814,0.08214309742007893,0.1096470064337004,0.07354747130964925,0.06323481451688712,0.14599820473722763,0.12675840229402277,0.19539522988340663,0.11584098203425348
single_library,121,0.019188944679905024,0.02065039160358615,0.02024785655148026,0.01666858588464866,,,,,0.0568271491835553,0.05732655295608278,0.07776914983636155,0.03538574475822158,0.13775555540711712,0.13045022793674516,0.11513984405417872,0.16767659423042752,0.1819488445838664,0.18362982386190457,0.18430846978193716,0.17790824010775752
single_library,122,0.0382610314460148,0.04221937620988916,0.03671728709521867,0.03584643103293658,,,,,0.05805290286936839,0.06896461739231996,0.06947517115782034,0.03571892005796486,0.0690487221219689,0.06003561663711521,0.054398825866771715,0.09271172386201977,0.08332835078409773,0.05066346447073513,0.11769037820746886,0.08163120967408918
single_library,123,0.039200279999151495,0.036203605764321155,0.03986446847656455,0.041532765756568765,,,,,0.07979530753803142,0.09356562920342344,0.06915878969570959,0.07666150371496123,0.13950404165250285,0.14425620579885753,0.08989130235627452,0.1843646168023765,0.12014438711507097,0.13789458831185233,0.09600043838863517,0.1265381346447254
single_library,124,0.021736912112338524,0.020581558628148016,0.022217358706047255,0.0224118190028203,,,,,0.035740862926630264,0.05273871858121974,0.031064644725469284,0.023419225473201768,0.0893897890471973,0.10655760985065846,0.07798857473849645,0.08362318255243702,0.08061577566886924,0.07688434281337982,0.08393575131715925,0.08102723287606867
single_library,125,0.03923111814245456,0.05493951728268627,0.028761237662199863,0.033992599482477535,,,,,0.046682966224036095,0.02276462288334537,0.06824925469794614,0.04903502109081679,0.03742781540096435,0.03433372852959763,0.044164282046580176,0.033785435626715245,0.05485040092145634,0.059392221245774965,0.053826489467539894,0.05133249205105416
single_library,126,0.007915452134082086,0.008780253400374093,0.007747901253617887,0.007218201748254275,,,,,0.0057487175697701854,0.006883537610382168,0.004969539289731846,0.005393075809196542,0.006959679900987868,0.007295127600581193,0.006742765958130174,0.0068411461442522414,0.01354815565324881,0.006510092101426588,0.011569082288894344,0.0225652925694255
single_library,127,0.17733201300808196,0.1600684921161663,0.19853927829093368,0.17338826861714587,,,,,0.14056304590805643,0.15973222481694888,0.13442217523072036,0.1275347376765,0.21316680095968668,0.2233096840413713,0.1630822396766033,0.25310847916108553,0.2675187161935622,0.27120780716144216,0.26800531182336396,0.2633430295958805
single_library,128,0.011927018735334834,0.01064981872205407,0.012774157321044168,0.012357080162906264,,,,,0.027654131295524745,0.02746443407956563,0.028109745908758574,0.027388213898250035,0.03182185957401027,0.0371622736698456,0.032247058724007745,0.02605624632817748,0.04493303691969818,0.031118457888269113,0.0447282877374978,0.05895236513332763
single_library,129,0.04327522517188112,0.04361673005361477,0.04219124057490176,0.04401770488712684,,,,,0.04048002520113612,0.06382464812335574,0.026075955338978697,0.031539472141073915,0.22706415134328609,0.18755383921528254,0.25250672687237047,0.2411318879422053,0.2034382811503109,0.15555894179268737,0.23413853621024025,0.22061736544800498
single_library,130,0.014930317293614964,0.014747181067511201,0.01587542840555486,0.01416834240777883,,,,,0.09406207958573981,0.1311649543579853,0.0713067910049989,0.07971449339423524,0.1329395557172227,0.13841887001616668,0.13261245626389534,0.12778734087160612,0.13737121060063448,0.19287669208186853,0.12095224473720617,0.0982846949828287
single_library,131,0.010297884116595468,0.010025975142761342,0.011258426611069287,0.009609250595955774,,,,,0.023800294881214643,0.026787841415587123,0.021864836911870054,0.022748206316186747,0.05087460139657063,0.02915456115931641,0.051558459576049424,0.07191078345434605,0.042708342485798155,0.045431944788770905,0.0358757851970182,0.04681729747160536
single_library,132,0.11402820970744022,0.11476222304621256,0.12073990228946481,0.1065825037866433,,,,,0.2105203415194906,0.22148494603892693,0.19753657038487107,0.2125395081346737,0.24859081447974296,0.24235572655204268,0.21936239405531258,0.2840543228318736,0.2576118265071872,0.24692380802731956,0.27349823973568377,0.25241343175855835
single_library,133,0.028147230779583348,0.025855739273806546,0.028590759495632775,0.029995193569310723,,,,,0.03787809094005563,0.04935851686983306,0.031334232272241934,0.03294152367809189,0.056538494723251655,0.05999775074671361,0.05691538800848743,0.05270234541455392,0.06113983652254801,0.07341214781054552,0.049370282598671975,0.06063707915842654
single_library,134,0.03592071264751579,0.03262754553029011,0.03779684891070176,0.03733774350155551,,,,,0.05925686402814489,0.07147545630588306,0.06539111031163015,0.04090402546692142,0.14541300201131557,0.16856650445957685,0.1187103002800019,0.148962201294368,0.1531552002634547,0.14985322477417276,0.14570282319687688,0.16390955281931446
single_library,135,0.010276993032300523,0.009684122112206288,0.010274077593281803,0.010872779391413477,,,,,0.016395078293891256,0.015550028863378541,0.013768713097073807,0.01986649292122142,0.09233204419873635,0.07574086154036454,0.12086389005317451,0.08039138100266996,0.09432833744755487,0.1371533078445088,0.10318401140831229,0.042647693089843515
single_library,136,0.006705510701673916,0.006842723904485781,0.0070303443668258475,0.006243463833710119,,,,,0.010189141099576094,0.011011623787025169,0.01080080393172929,0.008754995579973824,0.01401709009448309,0.012856369176091911,0.016469697531401584,0.01272520357595577,0.028833198611396462,0.042416349248004054,0.024632573252826685,0.019450673333358644
single_library,137,0.013126680925682761,0.01342672029731457,0.012059265871815281,0.013894056607918434,,,,,0.05009258168450506,0.0561520326944506,0.0483859541223438,0.045739758236720794,0.03489205292654147,0.03920790882100491,0.03722658087388647,0.028241669084733027,0.04290806423411967,0.05880125370343928,0.0340373742085214,0.035885564790398346
single_library,138,0.06302196583635061,0.06214167868127863,0.053008295758729,0.07391592306904421,,,,,0.10587875156328251,0.095034757418286,0.12468231656684635,0.09791918070471518,0.24578360190989038,0.29894018280416834,0.19876552822767735,0.2396450946978255,0.3308387327869217,0.3409707466129824,0.3491387891182725,0.30240666262951016
single_library,139,0.07565990264667771,0.060421379044450836,0.09029155138953372,0.07626677750604857,,,,,0.2693663844145064,0.40739140331274964,0.1480514095431963,0.25265634038757334,0.4315309893894676,0.3605401490067299,0.49093056252698924,0.4431222566346835,0.5676669834956586,0.44602744892818763,0.5812396450220219,0.675733856536766
single_library,140,0.025534519620567925,0.025590843888757552,0.02438567922737165,0.02662703574557459,,,,,0.06279768446861879,0.05382807570339493,0.05492390647468374,0.0796410712277777,0.1259794531678077,0.14467574260871371,0.05945101544120378,0.1738116014535056,0.11787738334749738,0.13947906426374784,0.07076686744459705,0.14338621833414725
single_library,141,0.1715197725150672,0.17799979996698745,0.16834465281232946,0.16821486476588465,,,,,0.3177927166470889,0.3120761468956135,0.3554845969883006,0.28581740605735256,0.18591321887660217,0.23828950132547227,0.14065413738232713,0.17879601792200717,0.2135241390629583,0.1670877822899498,0.24344495094091453,0.2300396839580105
single_library,142,0.03487700551352036,0.04266735244853139,0.0427461273407617,0.019217536751268,,,,,0.010321705553888715,0.010132037844787991,0.011132986691851,0.009700092125027157,0.0254872982876235,0.007797322110005076,0.05988805791184316,0.008776514841022268,0.010210528367250194,0.007146228810181092,0.012007140953424875,0.011478215338144615
single_library,143,0.015405357918791754,0.016495771484373627,0.013579423020546032,0.0161408792514556,,,,,0.06961999965514755,0.053544310192174066,0.09536617794955156,0.05994951082371702,0.07447937284622623,0.09023265900521936,0.06922475506282505,0.06398070447063427,0.09737368560264881,0.06646511478935875,0.12853559284333416,0.09712034917525353
single_library,144,0.013202958145357394,0.01229996043089288,0.014664302517685144,0.012644611487494156,,,,,0.04664810178024772,0.03036329891825299,0.039251276864659713,0.07032972955783046,0.10117512080759317,0.09690584483368296,0.12101171827795477,0.08560779931114179,0.09777870985520433,0.08854677195391392,0.05266471094308507,0.15212464666861403
single_library,145,0.024465823797950984,0.03764195443414257,0.013013791344111245,0.022741725615599145,,,,,0.011646256074610242,0.014901997244597615,0.011141294272033751,0.008895476707199357,0.013778644324984069,0.011933714802768282,0.016206618157861317,0.01319560001432261,0.01232225758393149,0.010500132652944364,0.01313493987509995,0.013331700223750154
single_library,146,0.019786543138388513,0.021560647714781923,0.017714297301284907,0.0200846843990987,,,,,0.0759661533095526,0.05529106300778905,0.1015487147749312,0.07105868214593758,0.06588315597294843,0.0603583687411892,0.0750374478469887,0.06225365133066739,0.08622572753253903,0.07486507053736714,0.11351369278007938,0.07029841928017058
single_library,147,0.0966955353799636,0.10116729694782263,0.09202448279166808,0.09689482640040008,,,,,0.10511935228296297,0.07983972308629923,0.12588484260844626,0.10963349115414338,0.17014322040712504,0.20135940718636425,0.15084607251436508,0.15822418152064577,0.1639221519775187,0.19541756544364677,0.16322469882000726,0.13312419166890205
single_library,148,0.05844821368957648,0.058919300069703,0.059042237076931084,0.05738310392209534,,,,,0.0955798974421217,0.07679329089775004,0.0908889177289033,0.11905748369971172,0.15555966694349246,0.1565583656410922,0.12838187497652861,0.1817387602128566,0.14412744252929657,0.1337775534142709,0.13192903219254223,0.1666757419810766
single_library,149,0.017438275765350494,0.016861403551267858,0.017090829975608277,0.01836259376917535,,,,,0.027638781312133393,0.038266961610099286,0.02458194468902966,0.020067437637271226,0.05335593860741783,0.0490103102039684,0.03860202074486016,0.07245548487342494,0.15901505244640968,0.21179963229611456,0.07809282609469806,0.18715269894841638
single_library,150,0.012443053212382529,0.013647796797604249,0.0123393699810671,0.011341992858476237,,,,,0.022004092061775393,0.02460419629941413,0.02385758465488855,0.0175504952310235,0.03760284814536681,0.022758283036429766,0.04504226572841427,0.04500799567125639,0.05039271648651305,0.03499851795672231,0.06918755411430355,0.04699207738851327
single_library,151,0.02167528387282014,0.01938672224340249,0.023429362743629775,0.02220976663142815,,,,,0.05575830914016681,0.03337437708506361,0.06826755478751537,0.06563299554792146,0.0704882159825287,0.0704246466440914,0.06896648746096852,0.07207351384252621,0.081064452989984,0.06750002849176656,0.07500979982543554,0.10068353065274993
single_library,152,0.050297717973844414,0.04718747828603998,0.050439787729570765,0.05326588790592249,,,,,0.02674394783576581,0.030890395707701725,0.03157076431504173,0.017770683484553983,0.0627192001374721,0.09958846200510794,0.04490800271044084,0.043661135696867526,0.055294578153401386,0.05886577701508736,0.06017252773160903,0.04684542971350779
single_library,153,0.06530074083904833,0.05777725051232536,0.056599788475629076,0.08152518352919055,,,,,0.0644644120206574,0.07700329956643849,0.062358125535372046,0.0540318109601617,0.10489000530929586,0.09892378623463825,0.14554952890983514,0.0701967007834142,0.13494967581435757,0.08137910415465241,0.1490676865761495,0.17440223671227081
single_library,154,0.04826752849738505,0.04812867609267885,0.0447468750311691,0.051927034368307166,,,,,0.12115592186149966,0.1443355878445761,0.096256679700457,0.12287549803946593,0.04804853715738198,0.042967706455593994,0.054872902268537534,0.04630500274801442,0.09794189064693172,0.08907333459587044,0.05702751841029679,0.14772481893462794
single_library,155,0.21813662843003545,0.20810994390047785,0.2185167804713521,0.22778316091827644,,,,,0.2185526487075249,0.2139598374445201,0.2132259350568855,0.22847217362116903,0.3640213111462162,0.34262999708589154,0.3455069406752656,0.40392699567749146,0.41377140152678843,0.4318088281563069,0.4082991978521489,0.4012061785719095
single_library,156,0.009530386191959535,0.008239337522698295,0.006886608488163435,0.013465212565016876,,,,,0.012329799923922127,0.010379740151468302,0.01576344913510812,0.01084621048518996,0.03497420363289403,0.04475400502302034,0.028832511635151215,0.03133609424051053,0.11238008179962578,0.09191535528291063,0.05664459266989916,0.18858029744606755
single_library,157,0.007420842592820414,0.007110254857682247,0.008278406885814391,0.0068738660349646034,,,,,0.026653446939796446,0.03281150090834018,0.02393905310534382,0.023209786805705342,0.020944983918366855,0.02540200547899662,0.016462262466852937,0.02097068380925101,0.03086105137248667,0.04146209624799184,0.029470207659649115,0.021650850209819064
single_library,158,0.006759753699360768,0.006887079490171001,0.006375298588463054,0.007016883019448251,,,,,0.011507193963246731,0.011222660442463327,0.01041857491295395,0.012880346534322917,0.02647826026388019,0.038755150832364436,0.016416986328376414,0.024262643630899715,0.0275067405032785,0.0251493923842927,0.028738522526724226,0.02863230659881857
single_library,159,0.007211822007676327,0.007184881035662821,0.007374887449173581,0.007075697538192578,,,,,0.01481465777698212,0.010670061628766056,0.018707868454551253,0.01506604324762905,0.055343669340837585,0.07672717521492099,0.03735238906943951,0.05195144373815226,0.041502114292821274,0.0419246026795518,0.04975911268354401,0.03282262751536801
single_library,160,0.007940770389342914,0.007788009820078355,0.008239420931545012,0.007794880416405377,,,,,0.03058797675746647,0.023078774723230406,0.019788441318795945,0.04889671423037306,0.0545480892925256,0.0329956358099052,0.058568441734063365,0.07208019033360825,0.11568854194035709,0.06527606035611815,0.1771945907008332,0.1045949747641199
single_library,161,0.014422024865983861,0.014217118092067577,0.013441810779387633,0.015607145726496376,,,,,0.07319063524849727,0.07829198779243145,0.06958670054393028,0.07169321740913008,0.1965457218378143,0.14436792358738784,0.23894798607783338,0.20632125584822164,0.41216840778279645,0.4006999667293291,0.4709409087246593,0.36486434789440103
single_library,162,0.04776269691902141,0.05667935383443685,0.04449804110416337,0.042110695818464,,,,,0.09248246631155443,0.09484260454102933,0.09180220722051158,0.09080258717312242,0.11701802230933356,0.0927344834000853,0.1424196555431785,0.11589992798473686,0.19219345058153947,0.20301864572956047,0.16900335208072756,0.20455835393433042
single_library,163,0.00791027391539714,0.008134929561282844,0.00739982415642853,0.008196068028480047,,,,,0.010676855524627105,0.008666091806640063,0.01402441007184511,0.00934006469539614,0.016672980405795523,0.016129047038999096,0.020437926181771433,0.013451967996616038,0.04668201132750246,0.03736896332662025,0.06041305596255413,0.042264014693333
single_library,164,0.012959448321624023,0.014853770381853038,0.012329169091888316,0.011695405491130715,,,,,0.013571357296961795,0.012689496404098938,0.009173196744786704,0.01885137874199974,0.017316761749875988,0.006577776243709801,0.022416839617399577,0.022955669388518583,0.06238384654784623,0.034741401721946084,0.07900172495187979,0.07340841296971282
single_library,165,0.010493211140069214,0.010473861301032256,0.009649971090986325,0.011355801028189057,,,,,0.051384983996500135,0.025144051013518805,0.060927288400391855,0.06808361257558976,0.0935444049810805,0.08006810824420967,0.06337618708832317,0.13718891961070867,0.2046606967453943,0.2475511476993079,0.14347491290312692,0.22295602963374803
single_library,166,0.006632210499715533,0.00632095525677547,0.006806142640671219,0.006769533601699912,,,,,0.01705901979754379,0.020706226542043047,0.015182863841379683,0.015287969009208643,0.02810536225864473,0.030119604183021984,0.02543174954866807,0.028764733044244137,0.05310829549316141,0.05600210512162347,0.065978249655154,0.037344531702706754
single_library,167,0.07213010049925285,0.07669067949879527,0.060172666358006444,0.07952695564095685,,,,,0.15716245326367298,0.15531527282366922,0.17649222809530032,0.13967985887204945,0.28208854634802566,0.23307960993811194,0.2809595655828204,0.33222646352314456,0.36352311637144347,0.3636533899041728,0.382237897304369,0.34467806190578865
single_library,168,0.0061286330549628594,0.005724031825377989,0.006495868349612829,0.006165998989897758,,,,,0.027441076156573596,0.021412914246936515,0.03730112608839895,0.023609188134385325,0.12464664478282927,0.1483475671031842,0.09780524233590498,0.12778712490939867,0.11686385770423675,0.10185476625716458,0.12428681714474708,0.12444998971079864
single_library,169,0.015454890581163143,0.01660043795079941,0.01257317728290719,0.017191056509782823,,,,,0.0433788245015559,0.04396021472030957,0.04183728899083696,0.04433896979352117,0.07190566724598947,0.09151334029658607,0.040124906243404174,0.08407875519797821,0.0730762996655596,0.07280144902336921,0.08375682665107614,0.06267062332223343
single_library,170,0.10977243051896046,0.13339197181211532,0.1031924377389641,0.09273288200580201,,,,,0.12896058685467926,0.15482030982176453,0.0706256003686912,0.16143585037358202,0.12569757023502684,0.06867190868268869,0.14316158591732298,0.16525921610506886,0.19670860778025193,0.17725946009574495,0.08689376938407224,0.32597259386093863
single_library,171,0.21785039886819002,0.2252071327745349,0.21920803114712267,0.2091360326829125,,,,,0.19013192887580174,0.24182401461532899,0.1591386440410026,0.16943312797107363,0.20261617227696038,0.19443287848881416,0.19259821061218554,0.22081742772988144,0.2292273800272341,0.1617997033142107,0.22451286956526262,0.301369567202229
single_library,172,0.009788810605687542,0.008920963838045104,0.009596990782806132,0.010848477196211388,,,,,0.018237062280180197,0.014894770621607056,0.023554663898780095,0.016261752320153436,0.10035868122253129,0.10004551262656583,0.08891832113938015,0.11211220990164786,0.13129110695857513,0.1421784638170595,0.14972352898647237,0.10197132807219345
single_library,173,0.027532051477315887,0.02740396253675118,0.027537036469543977,0.02765515542565251,,,,,0.030965211639660994,0.027609879092475375,0.03559759058894865,0.029688165237558944,0.04603718405179888,0.05671243903463907,0.03639164616415939,0.04500746695659818,0.10214781475226971,0.07690868948676229,0.11548110709740994,0.11405364767263694
single_library,174,0.009931352436697858,0.011945219481719218,0.009155105167138846,0.008693732661235508,,,,,0.0413174886071346,0.053755831932568436,0.03381546762439193,0.03638116626444343,0.0659600228410738,0.0943966646373647,0.05144703592736989,0.052036367958486825,0.05127029440275597,0.0568674458678487,0.06448721392908183,0.03245622341133739
single_library,175,0.00881660987396221,0.008793870900308304,0.00808796532729122,0.009567993394287103,,,,,0.035419154310452526,0.03512746730287672,0.03217427515111607,0.038955720477364786,0.02156087068402478,0.01672760663220827,0.024812837336160208,0.023142168083705863,0.03917767479879483,0.03498927629246359,0.046536895470778286,0.03600685263314262
single_library,176,0.0540598651247611,0.05061925430202038,0.05189341145272693,0.059666929619535986,,,,,0.06687081385067531,0.053319116669478535,0.0716168824184881,0.0756764424640593,0.06960839296315469,0.06801902362203305,0.05028214215660368,0.09052401311082732,0.09587001105669855,0.09079052178359742,0.1119612456700524,0.08485826571644585
single_library,177,0.04503874388470291,0.044207995821546164,0.04716595250822066,0.043742283324341893,,,,,0.08077012180098181,0.06398215069956546,0.0863236597767457,0.09200455492663427,0.15006155174797,0.14078130252718704,0.09972635033318061,0.20967700238354237,0.1470492899829063,0.09933701494362125,0.20860623079085094,0.13320462421424675
single_library,178,0.006125479980819275,0.006134876664889759,0.006477986196801956,0.005763577080766111,,,,,0.010857256090787993,0.009060423239011958,0.0172710608476282,0.006240284185723821,0.025882158100459185,0.04717322603288562,0.014528483372669761,0.015944764895822174,0.03313175448871976,0.032303328817241024,0.01817000804525248,0.048921926603665775
single_library,179,0.006291949991382877,0.006125334933571806,0.006213850772575553,0.006536664268001272,,,,,0.015132310873317581,0.01213329744264621,0.013595446925748302,0.01966818825155823,0.0169490932470262,0.015599711061361436,0.012893956142232977,0.02235361253748418,0.0295708653303056,0.03102785467766168,0.0372314660575953,0.02045327525565982
single_library,180,0.016632752267323043,0.015965413293671595,0.015201766605329754,0.018731076902967776,,,,,0.024578545680019867,0.024837210439964518,0.0212466495568239,0.027651777043271177,0.0964951113617168,0.10866966267974724,0.0842779495974722,0.09653772180793099,0.12262351511880687,0.11265835434352507,0.11569816887510057,0.13951402213779493
single_library,181,0.1303951165295627,0.14551090389786348,0.12418839029119488,0.12148605539962977,,,,,0.17272171383650378,0.19155585699817657,0.14540308408907646,0.18120620042225832,0.21646017372225188,0.2661507040664071,0.18684068095676415,0.19638913614358436,0.25038435027066425,0.21897469992909632,0.27436455744537414,0.2578137934375223
single_library,182,0.07497426995351301,0.07263382517880207,0.0934869716523019,0.05880201302943507,,,,,0.09915911179419228,0.10326186473512543,0.12038265639384609,0.07383281425360533,0.06588489909826946,0.0653164759227118,0.06503635433981186,0.06730186703228475,0.0827916250235878,0.08672393974352673,0.07587345676389122,0.08577747856334547
single_library,183,0.011356010192475606,0.010795240869074121,0.014469113362388755,0.008803676345963945,,,,,0.015102029886644719,0.017685705583949055,0.012805442595590372,0.014814941480394727,0.042751184830681604,0.03305755249445963,0.023980541572679287,0.0712154604249059,0.03565125073518563,0.04255766732794809,0.02653934724408477,0.037856737633524026
single_library,184,0.004271525640177906,0.0048377342986899476,0.003917942982125977,0.004058899639717794,,,,,0.1168100180047839,0.08231477387315912,0.2057875993532013,0.06232768078799125,0.08907527216213507,0.1263207426231497,0.0912576082552424,0.04964746560801311,0.13236005844237916,0.24291636110480327,0.021236635600584412,0.13292717862174983
single_library,185,0.01912283775676736,0.018571698962049174,0.017941425139965037,0.020855389168287868,,,,,0.029297695723931195,0.03914438854800919,0.01783969659029661,0.030909002033487794,0.04538790895654634,0.027757040737633437,0.06510678841046476,0.04329989772154081,0.0823803622582517,0.08706264228479113,0.09545036105175035,0.06462808343821365
single_library,186,0.058183367358610155,0.05767341750698177,0.06028423684811428,0.056592447720734414,,,,,0.10794499888481089,0.05934101921555868,0.1638740973480219,0.10061988009085208,0.12131309436054934,0.15676731524859353,0.1464617237583057,0.06071024407474878,0.12642122252232718,0.11720878563279763,0.17148525755806635,0.09056962437611756
single_library,187,0.012072450290654893,0.011439479405918357,0.012618225281787127,0.012159646184259193,,,,,0.012490469415076108,0.01253810989225486,0.013328180730111867,0.011605117622861592,0.04353560279179904,0.03196779781055357,0.0644348749883536,0.034204135576489963,0.052799176747387565,0.03828480735723255,0.061795997120498575,0.058316725764431546
single_library,188,0.09492170526376904,0.08764017244679044,0.10245450922121999,0.0946704341232967,,,,,0.28985870116045204,0.33162748952552346,0.3174669279415769,0.2204816860142558,0.29773232211533873,0.33374666447136764,0.2885780225500837,0.27087227932456476,0.32324807844374615,0.32297351818748354,0.24148400712668713,0.40528671001706773
single_library,189,0.01672187550431521,0.015656253238727512,0.016452343606276086,0.018057029667942023,,,,,0.03250764341762364,0.026249100857295128,0.03355634916851508,0.03771748022706072,0.05112383092817874,0.050051081274653346,0.05069503595007629,0.05262537555980658,0.11860163489497584,0.09669356296368603,0.14292394824323915,0.11618739347800235
single_library,190,0.011641618822447379,0.011850602895878302,0.01101918704262511,0.012055066528838723,,,,,0.014861052849147799,0.02431563104379715,0.010386499918432664,0.009881027585213578,0.024252759599343227,0.039174607972166826,0.014728145868408031,0.018855524957454822,0.025031851367348396,0.022980043758679316,0.020517400349929625,0.03159810999343624
single_library,191,0.018805587272367513,0.01774801036654626,0.017133667626870148,0.02153508382368613,,,,,0.019638556540706207,0.02016555035607031,0.02176674935217073,0.01698336991387758,0.09924998408367026,0.1620563202458764,0.06714499022933734,0.06854864177579705,0.08845647465084984,0.0747977432955407,0.1309736634383499,0.05959801721865895
single_library,192,0.040119400067581946,0.033666910483133555,0.04841250150233386,0.03827878821727841,,,,,0.04513335488033732,0.030927621492700026,0.03433549200609666,0.07013695114221528,0.1521310513409816,0.14561258410042627,0.1359579798994803,0.1748225900230382,0.13469574123854086,0.18299532994882753,0.12402199306012354,0.09706990070667149
single_library,193,0.008170958340458619,0.007736485261414582,0.008308930071619333,0.008467459688341944,,,,,0.016689074181415225,0.01245050569427259,0.013292432735818894,0.02432428411415419,0.020127717340205364,0.01962185896288016,0.02615392249348847,0.01460737056424747,0.03263796255053305,0.0425858095125139,0.020040785699908307,0.03528729243917693
single_library,194,0.008917100644320407,0.008974791366012516,0.008155424380329528,0.009621086186619174,,,,,0.022111792014476325,0.01808094103287635,0.027184948600674507,0.021069486409878112,0.024127594801411006,0.021445856385997233,0.027723006760729144,0.02321392125750664,0.04418479707209303,0.04006406721890803,0.050941112201699744,0.04154921179567132
single_library,195,0.008128249506874305,0.008917605438431165,0.007365648511204022,0.008101494570987728,,,,,0.05151026337648417,0.05387285732596138,0.02939687230128742,0.07126106050220371,0.0643764513169972,0.08766856107318317,0.02541467464888672,0.08004611822892169,0.0809046442473849,0.0944487633699565,0.09069774499680056,0.05756742437539767
single_library,196,0.018067138939804796,0.016758021892554948,0.01922293162125391,0.018220463305605526,,,,,0.10947593328076605,0.1253867211478714,0.07353205018857854,0.12950902850584822,0.0981983903165591,0.07696255290167095,0.12141621956712872,0.09621639848087761,0.10627385645708931,0.1119954185789062,0.10525045645638602,0.10157569433597573
single_library,197,0.06779299545461796,0.04891662731585817,0.07893506390804625,0.07552729513994946,,,,,0.16956189425695714,0.19069593875324806,0.14970348047537982,0.16828626354224352,0.18020127017025464,0.17850078546585918,0.17579116479472837,0.18631186025017632,0.2537214313476072,0.2914840846749813,0.2552445117785105,0.21443569758932976
single_library,198,0.014663280480451837,0.0144225688223816,0.014734311499370123,0.014832961119603787,,,,,0.032176916747423574,0.0352787287688144,0.034807573628671096,0.02644444784478523,0.05845612874678877,0.06044467003786612,0.04941718457851177,0.06550653162398844,0.12405525735629813,0.11346694884205853,0.15880244960714648,0.09989637361968938
single_library,199,0.04258787262447172,0.033459132409754615,0.035450892105907045,0.05885359335775349,,,,,0.029137405613812856,0.030024046915748195,0.018394117164487255,0.038994052761203116,0.146768579286482,0.11659138241511904,0.11877486107504175,0.20493949436928519,0.1846202152102224,0.12884596020667252,0.14517422721050796,0.2798404582134867
single_library,200,0.0035857905038402115,0.003409215116031129,0.003104788989864184,0.004243367405625322,,,,,0.06929995921535999,0.09414101955968245,0.01974648568174001,0.0940123724046575,0.017023392241394934,0.032699978432539,0.005823845990638043,0.01254635230100775,0.09370311448018116,0.09380989848891579,0.0936849743939795,0.09361447055764822
single_library,201,0.028547334823557594,0.031901013734423174,0.02773339793980917,0.02600759279644044,,,,,0.05114371957832548,0.048699221843902206,0.05047910839773514,0.054252828493339116,0.07991778582393076,0.07699261320621362,0.06744428098398661,0.09531646328159205,0.08643470781265689,0.0916564277642651,0.07834851645721301,0.08929917921649255
single_library,202,0.010248520730419177,0.01065508325993933,0.009438238049589685,0.010652240881728517,,,,,0.03560463911784193,0.048068366313993686,0.03943585038764691,0.019309700651885194,0.06137335419667309,0.07381714910082314,0.02468935520829329,0.08561355828090288,0.05613644306123191,0.06749328361792344,0.04441160655618029,0.05650443900959199
single_library,203,0.008748748164243035,0.008551339115255635,0.009065530158132338,0.00862937521934113,,,,,0.023380479646240515,0.024497054486127007,0.01906056740826009,0.02658381704433444,0.05504046299311403,0.08355222949494136,0.03223084597482074,0.04933831350957999,0.04814987181977568,0.037612388592309746,0.0312722047730354,0.07556502209398192
single_library,204,0.0069282978416172715,0.0069640148026144846,0.00654265033096349,0.00727822839127384,,,,,0.016311360534281772,0.012915135252495984,0.016725596641391397,0.01929334970895794,0.02773934063001224,0.02590199563772848,0.03391102849384606,0.023404997758462193,0.041456287590766715,0.030015379477144208,0.06147525285939745,0.03287823043575849
single_library,205,0.0077114819511741066,0.00757759039115915,0.0075474073477944225,0.008009448114568746,,,,,0.03040664584765908,0.02729025427785062,0.030205270274373877,0.033724412990752746,0.04793784638527815,0.034978039047896585,0.0322081114090261,0.07662738869891175,0.056203551860981894,0.07545472560626801,0.048497945324745065,0.044657984651932624
single_library,206,0.007344581575332375,0.006867804234566216,0.007494757018379201,0.007671183473051709,,,,,0.015163867079499066,0.019260275540327124,0.008355665654095219,0.017875660044074853,0.02117495118499038,0.012545299382119256,0.03159852578884236,0.01938102838400953,0.021956566543605584,0.037627923245872226,0.012902159517941174,0.01533961686700335
single_library,207,0.10005365429418213,0.09891520874249334,0.11197712679173782,0.08926862734831527,,,,,0.2544697360782914,0.24939311979390105,0.2493103432928571,0.26470574514811596,0.16987394428376656,0.18934652402616503,0.1837207723905925,0.13655453643454218,0.1549702951411436,0.11512885399623227,0.15441813914996336,0.19536389227723522
single_library,208,0.02775792015745226,0.026904681308072654,0.029092672789365094,0.027276406374919026,,,,,0.1563123070637877,0.18153159283600293,0.1431478596383642,0.14425746871699602,0.14586968277208642,0.11439092675652589,0.1389206651098236,0.18429745644990977,0.2084852505324752,0.20627648763064704,0.2076459733889367,0.21153329057784184
single_library,209,0.0051648573734019675,0.004339722071012852,0.00625847515301702,0.004896374896176032,,,,,0.03879899424721268,0.030737696348029826,0.07156840031189421,0.014090886081714014,0.05658409335015783,0.04353632708920122,0.04652975994548019,0.07968619301579208,0.08690751882545326,0.09680724430972487,0.11038171712453183,0.05353359504210308
single_library,210,0.044295227032338826,0.04134490676743125,0.05421016659150313,0.03733060773808212,,,,,0.04901934515262879,0.053260954155095006,0.04000087221821104,0.05379620908458034,0.10653751421036063,0.11853015103168181,0.07272903825367036,0.12835335334572973,0.1101424203450083,0.10407761745897182,0.13880376392372668,0.08754587965232642
single_library,211,0.004203908547315292,0.00420037575171525,0.004375820728845217,0.004035529161385407,,,,,0.0053923146930865305,0.006385890346627984,0.0043964920686389896,0.005394561663992617,0.010147846312800154,0.011427570747562787,0.008663390857304437,0.010352577333533236,0.014882284031739496,0.01184657318416884,0.01077416757412372,0.02202611133692593
single_library,212,0.055319349191308875,0.05609300116197211,0.054821183707559826,0.05504386270439467,,,,,0.18365224178830553,0.16849513171473313,0.21362467860581016,0.16883691504437326,0.3035964082399034,0.28757943683279535,0.3153327386201484,0.30787704926676657,0.3091061854744939,0.36407675800534667,0.2876573645213576,0.2755844338967776
single_library,213,0.0684890209683921,0.06379168459643372,0.0682625869780072,0.07341279133073535,,,,,0.13546323458089007,0.14740664138929446,0.07892487106128429,0.18005819129209144,0.15595202751190942,0.11033884830877275,0.12676714587825316,0.23075008834870236,0.29060989578566504,0.33726069469258607,0.2421609150730139,0.2924080775913952
single_library,214,0.00688415669647945,0.006566587946440172,0.00656678652519356,0.007519095617804621,,,,,0.010192048673100841,0.006827639457884648,0.0151195589739247,0.008628947587493177,0.008991062078839695,0.008289428057357927,0.010127134077383318,0.00855662410177784,0.010932544196507327,0.010399201071873724,0.014520142503557576,0.007878289014090677
single_library,215,0.08599841686763267,0.08497074888045505,0.08920210206481631,0.08382239965762665,,,,,0.14417340630195952,0.12634983819268156,0.10561680522828233,0.20055357548491468,0.07575528695487439,0.06891862232795272,0.1011490743211667,0.05719816421550375,0.14881729244681038,0.09998491180375273,0.24952924717173586,0.09693771836494255
single_library,216,0.06887792966511533,0.07629853834245412,0.07791454393962867,0.052420706713263175,,,,,0.1789941226663252,0.23306706391471618,0.17542287024557812,0.12849243383868125,0.21817006125298008,0.20694061207247805,0.2702240581933003,0.1773455134931618,0.28247938868808814,0.3181398492629163,0.31869200918014634,0.21060630762120192
single_library,217,0.024347946398214915,0.022874271741810313,0.024830201755043222,0.025339365697791216,,,,,0.05942354355048967,0.049033604141097926,0.062334111099034285,0.06690291541133679,0.11234092267024638,0.1182316935406711,0.11015424172410067,0.10863683274596737,0.06961132904313364,0.09108040889996954,0.075883341046167,0.04187023718326436
single_library,218,0.01439994041353653,0.013800665581413008,0.015124225694171045,0.014274929965025537,,,,,0.06260644636046997,0.016657570499206777,0.03912148200206412,0.132040286580139,0.05192463921910325,0.05794340032472219,0.027405904376620046,0.07042461295596751,0.051228621293028985,0.04291866816247553,0.08024013027115479,0.030527065445456632
single_library,219,0.006412169524811947,0.007171426509855299,0.007020346029739113,0.005044736034841429,,,,,0.013144514801550917,0.01695485862755053,0.015011898292341572,0.007466787484760649,0.01775670469458222,0.01374892674087469,0.03160504942935188,0.007916137913520095,0.041434782549545315,0.022234101623101295,0.07525144209451305,0.0268188039310216
single_library,220,0.03617622666259235,0.039778762855469836,0.03137342700373938,0.03737649012856783,,,,,0.09496447804274954,0.1047805689156208,0.10723136108996187,0.07288150412266599,0.1910816870272868,0.2090821059256614,0.15994451756203254,0.2042184375941665,0.22519045690645734,0.1869654808517332,0.2787024564175725,0.20990343345006626
single_library,221,0.09334067229563209,0.10279096327187116,0.10247244656891359,0.07475860704611152,,,,,0.20688552940297997,0.1726167843543553,0.23220500258221408,0.21583480127237048,0.1733503976297258,0.17777709831706776,0.18994821122136257,0.15232588335074704,0.28736497465204075,0.24450754209565845,0.2821097998259349,0.33547758203452893
single_library,222,0.041268512942643054,0.04103491770171831,0.04032008312056495,0.0424505380056459,,,,,0.0466654586226102,0.028453769455644144,0.05872682072885988,0.05281578568332657,0.047357790936124,0.03270964718435865,0.07265952695214889,0.03670419867186448,0.07104180586409084,0.07182955908309087,0.06996252115561347,0.0713333373535682
single_library,223,0.06137768049670392,0.05133623496456267,0.058156431813452286,0.07464037471209681,,,,,0.25172680053972485,0.2345977598531652,0.26518709042769867,0.25539555133831066,0.2738519018593015,0.288067366908411,0.2859493851886886,0.24753895348080499,0.3229055971579355,0.3452884026899972,0.21256851694664547,0.4108598718371636
single_library,224,0.0579902915757712,0.05710454321571238,0.05798728545873147,0.05887904605286976,,,,,0.1452052551169267,0.15739330204104832,0.07741303480700001,0.20080942850273176,0.15803912749087387,0.1941463586269229,0.13755930235088124,0.1424117214948175,0.2678803987604997,0.231947369350721,0.2855002801586979,0.28619354677208014
single_library,225,0.031261997320749906,0.0307065334625675,0.034506778826541754,0.028572679673140467,,,,,0.15096887451445265,0.16356330812986547,0.17124786895348204,0.1180954464600105,0.09633751530891782,0.12636751133420449,0.04205361986332107,0.1205914147292279,0.2828400297735927,0.359236102405369,0.27027900623677487,0.21900498067863414
single_library,226,0.013787539451123139,0.009303678595177979,0.0167904023175125,0.015268537440678935,,,,,0.0422352118065194,0.04381184021428232,0.03586724648194345,0.04702654872333245,0.081279785757311,0.07484878025309534,0.06355035713049424,0.10544021988834341,0.12522891700740846,0.13095939321957642,0.17319442351839492,0.07153293428425397
single_library,227,0.0034498881678198413,0.002741141317107346,0.003803973062156146,0.0038045501241960322,,,,,0.020234855332004326,0.03270946864981559,0.012070118131341161,0.01592497921485623,0.029578955545050568,0.024062188573588057,0.03429770572790794,0.03037697233365571,0.04091411736487858,0.050366105971072085,0.03923457605957427,0.033141670063989374
single_library,228,0.024110097392524444,0.0200002479626633,0.022178307801131236,0.030151736413778805,,,,,0.045437413777228396,0.048246952739629645,0.040859797225670014,0.047205491366385535,0.035278219118443636,0.047731080272647955,0.029924898381804795,0.028178678700878153,0.030984629854172652,0.04369248010898377,0.01724081419634947,0.03202059525718472
single_library,229,0.02035038086901693,0.02119102092634974,0.016790179833313414,0.02306994184738763,,,,,0.039197874801991134,0.05520451777502187,0.02962855533474315,0.03276055129620839,0.02672949839903292,0.026566905588060786,0.021078250906936078,0.03254333870210188,0.09391007216458928,0.1250521380012998,0.08358187653710772,0.07309620195536033
single_library,230,0.0047247911659616774,0.004796464293877998,0.0047136646712329,0.004664244532774136,,,,,0.012096737059035906,0.012882489471869036,0.007864654775803058,0.015543066929435627,0.04806450817608467,0.03365138114413493,0.03449049157540319,0.07605165180871588,0.02859668180933893,0.029441038934758922,0.01911430361811139,0.03723470287514649
single_library,231,0.01163822964428513,0.009991394570384213,0.013672806881349782,0.011250487481121398,,,,,0.05185427219007035,0.04232228675635185,0.05291163587801763,0.06032889393584157,0.061196958475662894,0.061089118138199304,0.06693737415377625,0.05556438313501313,0.1332531859425427,0.17142012567585002,0.10523061365318917,0.12310881849858896
single_library,232,0.062026618291298456,0.05246489461110198,0.06576034814334043,0.06785461211945296,,,,,0.10324211533609622,0.09067707413402645,0.12804133375730853,0.09100793811695364,0.09691289406401782,0.08649375425123706,0.08779256873365372,0.11645235920716268,0.1360373489205188,0.12213222126395748,0.20190093283874957,0.08407889265884941
single_library,233,0.0925836737893655,0.09801870381616046,0.09088346545946493,0.08884885209247112,,,,,0.1376439267318519,0.08850928298994885,0.2378868178193578,0.0865356793862491,0.16845271476011167,0.15693219937263092,0.19033166570675078,0.15809427920095326,0.1733942225253402,0.1234757946232003,0.1805516628970479,0.21615521005577248
single_library,234,0.021838964128554503,0.020292724256661666,0.01811487741390059,0.027109290715101254,,,,,0.02732410772054571,0.027389649935448998,0.025842503561043038,0.028740169665145098,0.04980787906792374,0.03303285958157276,0.07378516371266464,0.04260561390953381,0.04214652080053632,0.04525607659327838,0.04380512687676322,0.03737835893156736
single_library,235,0.006145317110093689,0.006237239339282261,0.006036971984185282,0.006161740006813527,,,,,0.008756415096249527,0.008133950494434817,0.01009515960546501,0.008040135188848755,0.026170907043631574,0.03603972114322454,0.013203490937713485,0.029269509049956698,0.0176884663767703,0.015483856932509374,0.015172361800676316,0.0224091803971252
single_library,236,0.050996791298390354,0.05512511691588917,0.0493774901358888,0.0484877668433931,,,,,0.06225794628974405,0.03261839008388479,0.07362222827384654,0.08053322051150084,0.1035982895925196,0.11763792539593793,0.0735008277418375,0.11965611563978334,0.061967175446890954,0.07863373659343795,0.06395757550986687,0.043310214237368014
single_library,237,0.012285319738313353,0.011528683138442245,0.013174068071626905,0.012153208004870904,,,,,0.06329020797287478,0.06557887491672929,0.05868974820651485,0.06560200079538021,0.08022402971312609,0.07309633183963268,0.09137015076149349,0.07620560653825209,0.08446734042106956,0.09892635330755513,0.042567782181116315,0.11190788577453718
single_library,238,0.004121308710293456,0.0037086067065120547,0.0045458307478333905,0.004109488676534923,,,,,0.028215648407469235,0.005759328251129244,0.005319850475028237,0.07356776649625023,0.002704043413923558,0.002642770356326789,0.002090710520707334,0.0033786493647365505,0.0048882378265262035,0.009400727439474931,0.003489490422523011,0.0017744956175806687
single_library,239,0.006250114057822061,0.006929898947011758,0.006060175298176235,0.005760267928278191,,,,,0.015041679593755278,0.016578340474402587,0.014069022360546348,0.014477675946316902,0.029080248566385882,0.012211681845105229,0.03547970907975119,0.03954935477430122,0.06472637495267056,0.12103324885555303,0.03910662715387408,0.03403924884858455
single_library,240,0.014329874432452525,0.017606000797571172,0.01246347982089061,0.012920142678895788,,,,,0.08564539868283226,0.08798845122574597,0.11490951895735163,0.05403822586539917,0.06105663042719297,0.08274607075961037,0.07079178827876502,0.029632032243203526,0.05172327095703147,0.044252137139731536,0.04204489522864577,0.06887278050271711
single_library,241,0.013451547274323966,0.01431893560699169,0.012329716366567878,0.013705989849412327,,,,,0.013848628179688004,0.011056473742081619,0.016230764079849726,0.01425864671713267,0.020842632169289988,0.01293444419360553,0.021041747268492336,0.028551705045772112,0.03128787268060445,0.03674961578275802,0.03438872155096232,0.022725280708093012
single_library,242,0.019757800263693,0.01901464183053096,0.0208265734692859,0.019432185491262147,,,,,0.02066124853864316,0.021277043209685705,0.01395715447883957,0.02674954792740421,0.06075949000666864,0.09625775260227332,0.037036069267109915,0.04898464815062268,0.0780885442498037,0.06828338487630158,0.13447757920611692,0.031504668666992613
single_library,243,0.014433382756047018,0.01230918936865228,0.015373522625272225,0.015617436274216552,,,,,0.07044939062357101,0.02317441658619051,0.0949699792142003,0.09320377607032221,0.1414375321668282,0.15881231841304522,0.13760843503632555,0.12789184305111378,0.09520238595850279,0.11779715195430891,0.06694621744268821,0.1008637884785113
single_library,244,0.007043487294426554,0.00729958406615965,0.00668274213114412,0.007148135685975891,,,,,0.030382076777978217,0.013127348577844563,0.03636252998676085,0.04165635176932924,0.08947765859729251,0.08664454007175577,0.08775593460953826,0.09403250111058345,0.10491238603658483,0.1473141106741784,0.05040051194897153,0.11702253548660456
single_library,245,0.0037337658576934857,0.003838305109509512,0.0035962940287179593,0.003766698434852985,,,,,0.014659263000413853,0.016009890077655405,0.015057487236094593,0.012910411687491559,0.009725817855876893,0.008683609857849947,0.00808368656561031,0.012410157144170424,0.010536940613104095,0.011989222849378513,0.01091251229894561,0.00870908669098816
single_library,246,0.05834032716083889,0.07397137613612607,0.02447074393436442,0.07657886141202618,,,,,0.024661452231585626,0.01914194732178991,0.03043233685061323,0.02441007252235373,0.0412492742616954,0.04124524308544652,0.021414172173580815,0.06108840752605885,0.07920644379182686,0.06759552297854414,0.09550084312819572,0.07452296526874073
single_library,247,0.009677411643393589,0.011128869217350514,0.008444671407517125,0.009458694305313129,,,,,0.007916514742741075,0.006446153095903463,0.011106663308804117,0.006196727823515645,0.017893936153366447,0.011714779053878787,0.02669665977795283,0.01527036962826772,0.017232686338600183,0.02098763443061475,0.010905134484405455,0.01980529010078034
single_library,248,0.08254921318596753,0.09591464857860567,0.07489762535799352,0.0768353656213034,,,,,0.19253576899917693,0.25590632482076264,0.17395979475442624,0.1477411874223419,0.23044305212497798,0.2715061405299439,0.18305469923191206,0.23676831661307807,0.26065616728371266,0.28672071049726305,0.1559942410924035,0.33925355026147147
single_library,249,0.0038719782545002667,0.0036938875442785717,0.0038879760660759884,0.004034071153146241,,,,,0.010885340800407308,0.007475712178469424,0.011436797973622204,0.013743512249130296,0.016696645356685646,0.021687573085752507,0.013016733958146745,0.015385629026157692,0.08055331042412266,0.0639115576473189,0.033718972315540385,0.14402940130950867
single_library,250,0.007231084377882631,0.006559318757558519,0.007208517625574406,0.007925416750514969,,,,,0.01669993186325826,0.01892851646023821,0.01581596482801814,0.015355314301518428,0.027315468684869924,0.013971070936059071,0.04575230929509178,0.022223025823458923,0.01958518303308281,0.01768062733476487,0.021181947455412523,0.019892974309071037
single_library,251,0.017773202324719736,0.01698206591913802,0.018932018796030396,0.017405522258990787,,,,,0.05315066485470948,0.044640724360018945,0.058321515700480255,0.05648975450362923,0.07764146578585598,0.06009691118935164,0.07734347311149528,0.09548401305672102,0.1210627172553028,0.11419610910756102,0.15633893786364345,0.09265310479470396
single_library,252,0.00485185411621981,0.00526171586101369,0.004457954063972654,0.004835892423673085,,,,,0.014053622470086057,0.009992096050844414,0.018253377412655394,0.013915393946758364,0.036224949871430885,0.03142357313015124,0.041681647728271085,0.03556962875587032,0.09312094000077746,0.11307318083432172,0.13704753717926418,0.029242101988746463
single_library,253,0.007352397378311588,0.007652479793046768,0.007620485204876865,0.006784227137011131,,,,,0.04341251491939829,0.025704352163674428,0.07867973147649066,0.025853461118029802,0.06705765287326884,0.05004047685875114,0.04964972059583285,0.10148276116522253,0.06977942194468247,0.06399412657576498,0.04636504949298168,0.09897908976530075
single_library,254,0.04118815774051603,0.03854357308259016,0.04608416693107534,0.0389367332078826,,,,,0.10622970204836586,0.13647042172920718,0.12047237536347316,0.06174630905241731,0.04270265502858994,0.060649355786395305,0.03980066804811521,0.02765794125125932,0.09441697999336722,0.09550008805306949,0.10593622179389763,0.08181463013313452
single_library,255,0.019533083262679857,0.022842194096560894,0.015225507086176154,0.020531548605302517,,,,,0.07947247764223926,0.027835618184688892,0.0693334401739454,0.1412483745680835,0.08838978642818913,0.027666671770421838,0.1863976392188932,0.05110504829525234,0.13317691344940205,0.22482339950227945,0.058121067279007926,0.11658627356691881
single_library,256,0.004988581225456987,0.0050775712965465914,0.005075429999994252,0.004812742379830119,,,,,0.04298897085804169,0.09387629636465825,0.015935754267163788,0.019154861942303026,0.040399002550476515,0.05302323447124889,0.043493724430625255,0.024680048749555396,0.046242920511324816,0.037301859173377624,0.041106745337329394,0.060320157023267415
single_library,257,0.0069566072138451925,0.006266453231254755,0.006193094968313427,0.008410273441967398,,,,,0.021830941478296947,0.021403194610331217,0.014252939459695323,0.0298366903648643,0.04881322662990815,0.037924027616917336,0.03309301979167225,0.07542263248113489,0.046599796155678,0.0450514120197932,0.05268425969443803,0.04206371675280276
single_library,258,0.06897124429144937,0.06713241433519959,0.050459548193128166,0.08932177034602036,,,,,0.14009162271647133,0.12532883508137535,0.11790201059230508,0.1770440224757335,0.2710522861636272,0.308081398328544,0.26150090069363613,0.24357455946870143,0.3314109658725181,0.44937555297439336,0.2663971828498734,0.2784601617932876
single_library,259,0.04365855555668669,0.04896528308757553,0.05341666573458052,0.028593717847904047,,,,,0.02395359439135078,0.020377137661182734,0.034687080485096895,0.016796565027772707,0.07058600613690319,0.07199946158751486,0.09570297944722275,0.044055577375971954,0.11184698759709875,0.1402963898989438,0.07999940515137073,0.11524516774098169
single_library,260,0.13032856049087582,0.11587633251585265,0.1516618044919889,0.12344754446478588,,,,,0.09679211837922985,0.16504444962558,0.04417456156474676,0.08115734394736283,0.06680805606309158,0.0594513793309826,0.07998750877223301,0.06098528008605914,0.06733766807383193,0.11926210417553681,0.04016380713639795,0.042587092909561024
single_library,261,0.00976530639807616,0.011324329296355455,0.009908533174542083,0.008063056723330943,,,,,0.012306101252991383,0.006446855226048938,0.007360772221854449,0.023110676311070763,0.01141640809084502,0.008970640497826744,0.014730244765180521,0.010548339009527792,0.024892162934971207,0.051030172557372265,0.010386477266071625,0.013259838981469731
single_library,262,0.050356372583006605,0.04067795637818376,0.053702162284983215,0.056688999085852856,,,,,0.19479193574754539,0.24355658946473252,0.1658629965249207,0.1749562212529829,0.35753242712066147,0.3189696680414409,0.313214445037269,0.4404131682832747,0.5728609263216234,0.5233895368030743,0.6114377162807925,0.5837555258810035
single_library,263,0.05101279228600092,0.061918377714619235,0.04646865411739103,0.04465134502599251,,,,,0.053676459957606726,0.03655560277350424,0.07411579898208678,0.05035797811722916,0.17205390876442575,0.21735247833514276,0.12460446057099576,0.17420478738713874,0.2522816272228486,0.22617905460818535,0.1972826897298547,0.33338313733050573
single_library,264,0.007230171463391319,0.006723290341675318,0.008293204941205562,0.006674019107293075,,,,,0.040089790875525604,0.00742452714061064,0.01755418688537094,0.09529065860059524,0.05047176219975546,0.03510111234336114,0.03999930448052671,0.07631486977537852,0.11065702049688615,0.09802222721370991,0.12135680202370921,0.1125920322532393
single_library,265,0.008269597122965542,0.0081021230494598,0.008900133526304265,0.0078065347931325635,,,,,0.036677100188803054,0.07688721540742609,0.010087718959457502,0.02305636619952557,0.03733788083147611,0.018179117074564828,0.016581489164940868,0.07725303625492264,0.040818183276498436,0.05779506616937944,0.04460359975811834,0.020055883901997546
single_library,266,0.003964777031763088,0.0038048425031574217,0.004600489320400838,0.003488999271731003,,,,,0.004411918237808305,0.0030307101891180644,0.0034221959302219405,0.00678284859408491,0.009022929436595753,0.005487057880340483,0.009626986098658506,0.011954744330788272,0.006659560583006637,0.005843717062756535,0.005046218748789162,0.009088745937474213
single_library,267,0.02288330381908156,0.018641834781833302,0.02595342913878979,0.02405464753662159,,,,,0.0377247097633718,0.013278966539587942,0.02053136439557278,0.07936379835495468,0.020915414562181028,0.013178565178553836,0.01055609305317267,0.039011585454816575,0.015028643704586031,0.025198460533184877,0.004895754713091544,0.014991715867481674
single_library,268,0.01792823788365563,0.02145973387660925,0.014233495737368299,0.018091484036989337,,,,,0.04457239076555949,0.05326514458588123,0.03563569940057324,0.04481632831022397,0.04443939354720918,0.040197450666029845,0.03859078761112955,0.054529942364468134,0.07219519459126746,0.07489157327170828,0.06620878967004695,0.07548522083204715
single_library,269,0.02598977202436847,0.01881539682169893,0.03747176397504335,0.02168215527636313,,,,,0.0424377487861076,0.02481201791747226,0.09198843642583145,0.01051279201501909,0.033835184415606144,0.019161729781113183,0.048166131826432736,0.034177691639272506,0.03689073297135466,0.04633984633299775,0.025861539013310317,0.038470813567755904
single_library,270,0.01309332091033489,0.013264109473245288,0.014450373416809697,0.011565479840949681,,,,,0.014628580072363668,0.015338197785851406,0.015282443028711543,0.013265099402528055,0.030952145838795603,0.025826932973132967,0.03605956299410161,0.03096994154915224,0.07388350041134818,0.06825328615714712,0.07740336718383505,0.07599384789306239
single_library,272,0.012482694479992597,0.010670070836112412,0.013542356750215551,0.013235655853649829,,,,,0.027239723588028536,0.030303261173969177,0.02596314882087223,0.025452760769244204,0.04257797348648679,0.0390475986869457,0.026582012660078133,0.062104309112436556,0.0314904943420471,0.05363754898633492,0.018707303005098326,0.02212663103470807
single_library,273,0.0038453416168976085,0.003775950880957736,0.0036918970230003408,0.004068176946734749,,,,,0.012721572461623323,0.011572064390844907,0.011827463648262676,0.014765189345762387,0.017168561626649415,0.020729529520137166,0.018560702532251706,0.01221545282755937,0.04093035013159126,0.05439196540461042,0.022226674646488274,0.046172410343675085
single_library,274,0.003406995129133458,0.00300877563435733,0.003674410049896903,0.0035377997031461406,,,,,0.007172021033887591,0.0048792324517850545,0.00897111231430744,0.007665718335570279,0.060302841945614964,0.007769990932015777,0.14628304075467408,0.02685549415015504,0.06618825029003501,0.10385914605616313,0.036287081407540396,0.05841852340640153
single_library,275,0.0043549446617408396,0.004543987351381793,0.004199006203692716,0.004321840430148011,,,,,0.018928993260129857,0.01602399338572115,0.025556907771559334,0.015206078623109083,0.037989692150970804,0.08669030290998889,0.009955072516991882,0.017323701025931653,0.04885677948552991,0.033058601212751795,0.025125121698159725,0.08838661554567821
single_library,276,0.0024095902084805324,0.0019841233929524882,0.003124849126648594,0.002119798105840515,,,,,0.00639644642156532,0.009069162533165124,0.004837625002286698,0.005282551729244137,0.02034130272043494,0.03155101363087256,0.013554474424493779,0.015918420105938483,0.01984638510296431,0.026615697869333634,0.009031901654025086,0.023891555785534205
single_library,278,0.017367700173641785,0.015940626175932893,0.018083155592517986,0.018079318752474486,,,,,0.04820984123517889,0.05193175051525366,0.05645843406243705,0.03623933912784596,0.06885352603330279,0.04045676087710471,0.03718295811574693,0.12892085910705672,0.14389962590741137,0.14945278728426792,0.17869355836332176,0.10355253207464438
single_library,279,0.058361134906796175,0.04818895383034793,0.07975775498358727,0.04713669590645333,,,,,0.008634967768562285,0.009737563517809359,0.008117561155881282,0.008049778631996218,0.029676409325469322,0.017944394559396948,0.010711821981178404,0.060373011435832624,0.01919845306818699,0.023043048377129945,0.014099907930155468,0.02045240289727556
single_library,280,0.01628220499130219,0.011878892360172748,0.01317367448410131,0.02379404812963251,,,,,0.08529350675236781,0.10946878708768855,0.1086535714630929,0.03775816170632201,0.0913419011279387,0.07377519249217916,0.11874556777412959,0.08150494311750733,0.14052784697640439,0.0748531040612849,0.14119263807523796,0.20553779879269024
single_library,281,0.05920302382346084,0.05924419690046028,0.053554948536893625,0.0648099260330286,,,,,0.02646498451398217,0.029707437092018268,0.028105427946112132,0.021582088503816113,0.12337864460994168,0.13366168984504243,0.08516916977517064,0.15130507420961192,0.16301004994494692,0.1501074299718292,0.1952881822227833,0.14363453764022832
single_library,282,0.004142560789057236,0.004131014956831489,0.0040309841184217755,0.0042656832919184436,,,,,0.007341942493715965,0.005175659075841466,0.008873192330581627,0.007976976074724803,0.0073578383857879764,0.004872572370486939,0.006615131693992596,0.010585811092884395,0.008719102322989308,0.008128377348579095,0.006290758138397029,0.0117381714819918
single_library,283,0.007074305206779826,0.008075104436585448,0.005503180873187992,0.007644630310566039,,,,,0.012033135277006836,0.0072886881057486206,0.010105204421331403,0.018705513303940487,0.016289237182145918,0.016413975582816695,0.017618583479829916,0.014835152483791136,0.033705701666932326,0.018638416626080987,0.023359799741677827,0.059118888633038165
single_library,284,0.016046798839013915,0.014996044238331004,0.018420230775290293,0.014724121503420453,,,,,0.09993115948912272,0.09069447437330584,0.05587482820566357,0.15322417588839876,0.12230003970174315,0.06753189299929482,0.16491687068097288,0.13445135542496175,0.48199044195507385,0.7030827311469335,0.29280344594892876,0.4500851487693593
single_library,285,0.003123885233094747,0.00306931914361901,0.002873322865121633,0.0034290136905435983,,,,,0.02177708471446872,0.01016325220296368,0.009097008086278896,0.04607099385416358,0.007825934984069022,0.006780343424462491,0.007715938964468491,0.00898152256327609,0.00734858501327339,0.007263919855140244,0.008313365720936583,0.006468469463743341
single_library,286,0.05471626724854595,0.04534458765926766,0.05033221345377236,0.06847200063259783,,,,,0.020026868255926273,0.012269718680601354,0.02121183449493959,0.02659905159223788,0.0322319693448561,0.015086523760614296,0.025835727179515714,0.055773657094438295,0.045104925933326455,0.026984727647245906,0.04733179784044934,0.060998252312284104
single_library,287,0.0371141828712279,0.036473866713815174,0.04271098560628277,0.03215769629358574,,,,,0.0863888836887018,0.10909424125708779,0.09207109663782834,0.058001313171189305,0.09786655821247707,0.09896683786094242,0.1262150758086653,0.06841776096782345,0.13965150640734056,0.1292208126556115,0.20863959193699588,0.0810941146294143
single_library,288,0.005766295553348744,0.005503148292220659,0.005551073614211242,0.00624466475361433,,,,,0.012032196752138733,0.010824023620493083,0.015872617059481314,0.0093999495764418,0.013475292083670903,0.01577362240990195,0.011848792198420575,0.012803461642690183,0.016491157612672475,0.012093760132117349,0.02692401413945448,0.010455698566445595
single_library,289,0.02872669783769485,0.03241107705252632,0.030717776919857255,0.023051239540700975,,,,,0.07095251389122599,0.05300449384206506,0.10644322877828319,0.053409819053329706,0.08814547878503909,0.05835571110078623,0.11450506636425038,0.09157565889008062,0.19810747785038874,0.2936061934830178,0.10273983785306236,0.19797640221508608
single_library,290,0.024348754069390462,0.023467766598491546,0.019277643302732256,0.030300852306947578,,,,,0.041107212167249794,0.09181714352496788,0.015780882349942658,0.01572361062683885,0.09056646945415305,0.15557107481527568,0.05399404155061093,0.06213429199657255,0.13286172286974487,0.15208876111534844,0.16470997505284085,0.0817864324410453
single_library,291,0.06281106284550086,0.07187241509516193,0.051919765041787413,0.06464100839955324,,,,,0.06219701502260152,0.06228370682165563,0.07233130810320597,0.05197603014294295,0.04142955942187629,0.050555609960599664,0.03767085220441251,0.0360622161006167,0.06914756018274064,0.10732206580219221,0.04016830013000851,0.059952314616021185
single_library,292,0.01804867216285263,0.023522535543718002,0.0156637683439062,0.014959712600933683,,,,,0.028038784999620536,0.022623047592631,0.04535429214111521,0.01613901526511541,0.03639703192760148,0.03135224950563712,0.050773684537793996,0.027065161739373317,0.02630383952323821,0.03146226434139598,0.03084538225390534,0.016603871974413313
single_library,293,0.005526313501666804,0.004399935515466629,0.007621986458688798,0.004557018530844985,,,,,0.07212259646304271,0.1151077760854939,0.0640127608483428,0.037247252455291466,0.025062855225101172,0.021268293613812068,0.036529960382767734,0.01739031167872372,0.06425689520195434,0.13897425003183633,0.02767115912031225,0.02612527645371444
single_library,294,0.029029985806884456,0.029954756236070176,0.02666313795580757,0.03047206322877563,,,,,0.054932281292794254,0.069621235958492,0.057505980203156344,0.03766962771673441,0.11928653555487602,0.08576833702244711,0.19941050072122973,0.0726807689209512,0.07235433104433008,0.0595840722605047,0.10194045608339113,0.05553846478909441
single_library,295,0.14668879919770225,0.15010499782308093,0.16504007602986998,0.12492132374015592,,,,,0.5459764426101374,0.49029954650624263,0.48732966477405315,0.6603001165501166,0.5697393597741857,0.5601984126984128,0.7801122592167369,0.3689074074074074,0.6195488750376478,0.7233347045111752,0.7245918497817232,0.41072007082004464
single_library,296,0.010134333805389348,0.010560852981188952,0.009237630434755596,0.010604518000223497,,,,,0.046437757268329515,0.01449740538390821,0.041213657529273626,0.08360220889180671,0.024441275672649917,0.029894238168352887,0.03037925968472324,0.013050329164873623,0.04892750739176952,0.03547242332520116,0.040785149724893485,0.07052494912521393
single_library,297,0.018057744865170755,0.017732281002060497,0.017573317474533123,0.018867636118918642,,,,,0.04976583214307245,0.08463205187908918,0.0342641173608925,0.03040132718923569,0.050122302156101105,0.05866539766699088,0.026414019300715894,0.06528748950059655,0.03450712240383803,0.05448975250485657,0.03032824337423065,0.01870337133242686
single_library,298,0.10180058996829809,0.11403129365607304,0.10636990669808775,0.08500056955073347,,,,,0.1677432436455916,0.18930456694867645,0.13262437774384206,0.18130078624425627,0.29396136817395196,0.3248139413381981,0.32034946970573697,0.23672069347792093,0.44598994896049016,0.3555721904022933,0.49708685546617093,0.4853108010130062
single_library,299,0.004191523584922523,0.004188911428803257,0.004073198201104033,0.004312461124860278,,,,,0.009540013108273916,0.0046606292066145765,0.014279220617104882,0.009680189501102289,0.03231574575177973,0.03380791812971681,0.03939644653952318,0.0237428725860992,0.051688583663144494,0.03108120503552235,0.11557113126080641,0.008413414693104712
single_library,300,0.02424871692371197,0.020315789923686125,0.031938561208071245,0.020491799639378545,,,,,0.08721265920650846,0.0777330189642587,0.15957880670531682,0.024326151949949852,0.06128725478250526,0.14904395270238127,0.016362078707151624,0.01845573293798289,0.022809102312130458,0.03000274412300289,0.01682924254332806,0.021595320270060416
single_library,301,0.004093524393225827,0.004323264805803605,0.0038488461100472052,0.00410846226382667,,,,,0.017510956307529055,0.010297824994282868,0.013604741302333896,0.028630302625970407,0.022095752270366312,0.023777609409478238,0.019623256729284826,0.02288639067233587,0.03311771699533806,0.05230717944682983,0.027570578834003028,0.019475392705181307
single_library,302,0.0026366609366520054,0.0027253581077307594,0.002623434193472442,0.002561190508752816,,,,,0.0033623459592397893,0.0022064371751974675,0.0041982039925598826,0.003682396709962017,0.0031377728874762197,0.0034321436724369897,0.0025728347233049164,0.003408340266686753,0.0025442978981853794,0.002606774461789998,0.0027100540112245048,0.002316065221541636
single_library,303,0.0252430687733057,0.02644447723662827,0.021120627510454633,0.02816410157283419,,,,,0.17789804769047646,0.18194385426524853,0.17560869702092552,0.17614159178525532,0.10646285593337579,0.13816660505040632,0.07347639276242024,0.10774556998730078,0.13131924663117933,0.10373640209743482,0.15184486837130398,0.1383764694247992
single_library,304,0.027670191572516434,0.016527710254003722,0.045717980003498394,0.02076488446004719,,,,,0.012260277856520382,0.00799951515243984,0.008999433805870951,0.019781884611250352,0.06115888154109792,0.021351843758009165,0.05925898660468489,0.10286581426059972,0.05121177327201682,0.08299143124249776,0.014712757611347568,0.055931130962205144
single_library,305,0.06844013328864319,0.06963536596970869,0.06720201519663198,0.06848301869958894,,,,,0.21920544033361056,0.18381141705528387,0.15064291975873362,0.32316198418681424,0.1057338786777327,0.06466693205595594,0.17149099938147877,0.08104370459576342,0.16951991548177858,0.08755611814522776,0.27175709796458025,0.14924653033552765
single_library,306,0.006696285078418153,0.007050034149394191,0.006833648488587534,0.006205172597272731,,,,,0.021225858806170336,0.033498083266273286,0.015263608905585865,0.014915884246651854,0.028247606071553077,0.02482605705470425,0.019026835087098674,0.040889926072856304,0.11888141894809966,0.09926055120994262,0.08590388069900302,0.1714798249353533
single_library,307,0.011491388629745141,0.011520092068427652,0.011163421541661897,0.01179065227914587,,,,,0.026320913067106877,0.029356360743713405,0.02096182274872425,0.02864455570888297,0.04597587463894363,0.05990236235276196,0.03758509863460465,0.04044016292946428,0.06564749424738688,0.09541385182347692,0.05452565700448517,0.04700297391419856
single_library,309,0.0391737827268611,0.04596902833616266,0.04156209992894683,0.02999021991547382,,,,,0.01098523027167102,0.012931693015177072,0.011326385372500171,0.008697612427335815,0.016900959387433162,0.015185105197645175,0.019874026986301314,0.015643745978352993,0.036007786509301636,0.039995286508161476,0.051249859267942226,0.016778213751801194
single_library,310,0.016441362099636172,0.017176837088753078,0.015284903499930535,0.016862345710224897,,,,,0.07039465074717162,0.10598736654642951,0.04478956883672213,0.060407016858363236,0.06574238488440227,0.07387316964670715,0.07077160127934841,0.05258238372715127,0.10671724611952717,0.11731553920403472,0.11638002778959192,0.08645617136495488
single_library,311,0.0051884870543222154,0.005140059599950528,0.005663653657578313,0.004761747905437806,,,,,0.007147844204749468,0.008391162456940791,0.008346398941532192,0.004705971215775423,0.015210934347227185,0.012725496399179768,0.023638807622031514,0.00926849902047027,0.018102233099621088,0.014515180115971749,0.017946529568641435,0.021844989614250077
single_library,312,0.005127015791181175,0.005629843929076567,0.004632792996041413,0.005118410448425544,,,,,0.04083270954633314,0.06271416973151506,0.03680594915115868,0.022978009756325683,0.2217222990152533,0.2554331224592254,0.18561209648858382,0.22412167809795072,0.2713371740962958,0.20722214582656331,0.28373440143827217,0.32305497502405195
single_library,313,0.004477637481524683,0.004660357451157421,0.004845908974681095,0.003926646018735535,,,,,0.010519470447071834,0.006205867137547429,0.016939303678392158,0.008413240525275915,0.00880052115155153,0.00935577926405657,0.00771659265333014,0.00932919153726788,0.010941641522997253,0.00834788799530413,0.018608083348929712,0.00586895322475792
single_library,314,0.08230235524000655,0.056975215505281236,0.06366949073649181,0.12626235947824663,,,,,0.1012547252536598,0.14759841491825687,0.07044796004002614,0.08571780080269643,0.04576232436746042,0.0949250688267425,0.019369292829886135,0.022992611445752643,0.06499341094915713,0.07241376877499107,0.0917580369340275,0.0308084271384528
single_library,315,0.007216485005963474,0.006457961769153984,0.008565057390178207,0.00662643585855823,,,,,0.10617190294235697,0.07830057679854799,0.11091309177369374,0.1293020402548292,0.21989809698566679,0.2941468868320248,0.18600951573351662,0.17953788839145898,0.42753323149895595,0.3417392382471871,0.5159490097638322,0.42491144648584855
single_library,316,0.03855832921748437,0.0458539632941997,0.03573268533629892,0.03408833902195451,,,,,0.07116686149985364,0.08749315655550945,0.08453228568337115,0.041475142260680296,0.052326349863609234,0.04168983729290361,0.09346928637704048,0.02181992592088361,0.10788654996388247,0.04051063125049924,0.16112461177246268,0.1220244068686855
single_library,317,0.0077518870543496965,0.008355834226042403,0.006925374123420163,0.007974452813586523,,,,,0.014452837926444473,0.012437475203822861,0.018458873533982866,0.012462165041527693,0.018931358994226943,0.018557865370897434,0.01748903195939478,0.020747179652388613,0.04742100985004149,0.033762497685264965,0.06396000495465118,0.04454052691020832
single_library,318,0.011799702498936039,0.012020055706358682,0.011899256935993353,0.011479794854456082,,,,,0.03912627411812413,0.03986089679300275,0.05630587708398842,0.021212048477381222,0.07720137996888159,0.0937282248755376,0.04789778707401777,0.08997812795708936,0.10859941361663794,0.08766502303901716,0.11758015132091768,0.12055306648997896
single_library,319,0.017710913560901986,0.018557503533758502,0.015929536914746155,0.018645700234201295,,,,,0.14923208442017877,0.13433241356745604,0.21339205143623444,0.09997178825684583,0.25871161444907576,0.15794023149177866,0.39385430122489257,0.22434031063055607,0.3328966778404768,0.2469389024316398,0.38507533765733654,0.36667579343245393
single_library,320,0.006543629995735431,0.006024532056930231,0.005222831982632438,0.008383525947643624,,,,,0.13981487733943443,0.20963429028426406,0.19242201454158386,0.017388327192455345,0.22395653538081675,0.18610411467759752,0.044298867473956914,0.4414666239908958,0.1339894310664326,0.13667392701563952,0.1375862068965517,0.12770815928710663
single_library,321,0.008281927835955867,0.006830600688842508,0.006259057372131622,0.01175612544689347,,,,,0.015541992747186296,0.01466546100292901,0.01940501406178755,0.01255550317684233,0.02101658427041582,0.02727263059752721,0.02255213665245712,0.013224985561263128,0.02739027560232171,0.023633616733067055,0.032580235899345514,0.025956974174552554
single_library,322,0.04477788271249975,0.06663947115172326,0.030305320941308715,0.0373888560444673,,,,,0.04242862276851203,0.0542931588856069,0.035098947571254105,0.037893761848675094,0.07466279568230273,0.08666951957392106,0.04503170077630601,0.09228716669668112,0.103869043763008,0.19076452453285492,0.06771758052785433,0.05312502622831478
single_library,323,0.004544816975277068,0.00512697601657862,0.0042645402891028925,0.004242934620149691,,,,,0.01382952345775716,0.016569895943478984,0.013397720451833465,0.011520953977959032,0.032025260430305666,0.015121488016318626,0.024447436327135526,0.056506856947462845,0.03914955296327397,0.01808357619208121,0.03582570195008351,0.0635393807476572
single_library,324,0.002516577226726584,0.002784948011628624,0.002008052206881728,0.002756731461669399,,,,,0.003607400903610737,0.0030357732245757264,0.0029450342084913895,0.004841395277765096,0.002807115520211116,0.0032406205494671016,0.001636203522823866,0.0035445224883423805,0.004442505118955471,0.002353616766449911,0.006430143569707722,0.004543755020708781
single_library,325,0.0020159267607268512,0.0021724311508254683,0.0018602792301917837,0.002015069901163303,,,,,0.0029807757820460245,0.0024714969000937115,0.0021735836072363595,0.004297246838808001,0.004195255973113218,0.004226079142966589,0.004123664368172396,0.004236024408200669,0.006942372169621391,0.009365150313053792,0.004759291252606399,0.006702674943203984
single_library,326,0.007436047691393742,0.0063569247106468885,0.008951452140079778,0.00699976622345456,,,,,0.012505541884293078,0.014293903962614641,0.007179707796556187,0.016043013893708404,0.008911613645419115,0.011445354629071276,0.006272722471729947,0.009016763835456118,0.016248389119644255,0.010546724867245756,0.008434716939280678,0.029763725552406327
single_library,328,0.005868288276923805,0.006171319360467601,0.006196009084307244,0.005237536385996568,,,,,0.026896893694338415,0.05117736515764248,0.01790677134622137,0.011606544579151399,0.08640018781229358,0.09396588577638056,0.08021249761605052,0.08502218004444966,0.1625748612006792,0.047037558243687515,0.313060605460153,0.12762641989819715
single_library,329,0.008614602781107617,0.007237671420472949,0.008921728403685946,0.009684408519163959,,,,,0.021786626239073365,0.022753427220440554,0.023920583198296146,0.018685868298483392,0.06685215223034849,0.07306754976277346,0.10645592206134635,0.02103298486692564,0.09280061221845674,0.05829984734425183,0.1335853709432286,0.08651661836788979
single_library,330,0.004299819606949141,0.005276093129364115,0.0034668786047802984,0.004156487086703011,,,,,0.007739767152383284,0.007989371169815478,0.009725956873586046,0.005503973413748326,0.013009313175397242,0.009592165695022735,0.019613260034738778,0.009822513796430208,0.02905044224007168,0.012458332760560747,0.04910126719808123,0.025591726761573064
single_library,331,0.0032468100497365458,0.003181097146757439,0.003301412958147336,0.0032579200443048633,,,,,0.008587751609132265,0.007551307134765012,0.009885353325999185,0.0083265943666326,0.015600270776678067,0.01166219020307823,0.023967006477877043,0.011171615649078927,0.12245516518659501,0.07037097526839692,0.04108369678687016,0.25591082350451794
single_library,332,0.0028827925726846344,0.002521455221883681,0.002809792304632983,0.003317130191537239,,,,,0.009968952563234228,0.010381100906760988,0.005071325164151968,0.014454431618789728,0.0014387681116508962,0.0017084526335687587,0.0014622165909240017,0.001145635110459928,0.002407337814505009,0.003133107078986451,0.0017138334276972326,0.002375072936831343
single_library,333,0.004827681550202322,0.005045567556773194,0.0037389708133460345,0.00569850628048774,,,,,0.007641735497486877,0.007197619983077282,0.00638933085355493,0.009338255655828421,0.01653081905665327,0.017927293312564086,0.015445980750989373,0.01621918310640635,0.05342832226392136,0.05678674447772326,0.0383330400790049,0.06516518223503591
single_library,334,0.011302059311569834,0.01044777430126641,0.01224505988863765,0.011213343744805438,,,,,0.0308300407626089,0.025678085401119353,0.036820989448788345,0.029991047437918996,0.06563161184047887,0.14578441182757854,0.016973130615509698,0.034137293078348376,0.02926829323628481,0.01995798711621373,0.0065911930730714495,0.06125569951956924
single_library,335,0.014744510526446215,0.01523202848858895,0.015455677295718307,0.013545825795031387,,,,,0.060193920266689814,0.08543045840298025,0.040228292291956805,0.05492301010513238,0.22845753082287149,0.13631123957100824,0.19641876092469196,0.35264259197291425,0.140864602705988,0.07251233231412489,0.08422876123842858,0.2658527145654105
single_library,336,0.010461094530720666,0.009778132346182737,0.01155600518568167,0.010049146060297585,,,,,0.00993815938277434,0.012190140271076833,0.011132954224500637,0.006491383652745551,0.020135810973406002,0.014766740948829713,0.027738666044841678,0.017902025926546616,0.10356185759877747,0.036711746659593085,0.09272607128318298,0.18124775485355635
single_library,337,0.009950065454766475,0.009151417605378942,0.010415159414520772,0.010283619344399713,,,,,0.00632138301623168,0.005933113480553262,0.007040475552389523,0.005990560015752254,0.01734099304781972,0.014214214200384214,0.021180983445778845,0.016627781497296105,0.09984487354704104,0.039758657369761585,0.15426662721499124,0.10550933605637033
single_library,338,0.018255378939720998,0.018821242044732067,0.01865418556221567,0.017290709212215257,,,,,0.08203781746408063,0.10959785069228936,0.09479859425509794,0.04171700744485464,0.05606274461655723,0.032678805550373786,0.04069376655559726,0.09481566174370065,0.06182695789610593,0.060604885486960955,0.03838111087344714,0.0864948773279097
single_library,339,0.0027986352312687306,0.0018594267454234638,0.0025285178367601057,0.004007961111622623,,,,,0.009946508725390322,0.005861904200264604,0.007412741023480438,0.016564880952425927,0.002461643244108838,0.0021076584320416807,0.003375029709757984,0.0019022415905268493,0.005131864103356905,0.002529585364261065,0.009177814534449694,0.0036881924113599564
single_library,340,0.05404122280847485,0.02647062281451401,0.04712640082874753,0.08852664478216302,,,,,0.06029063987060288,0.11225836587380619,0.030805033409061114,0.03780852032894132,0.06746019449797906,0.10343773429287105,0.017871327061050227,0.08107152214001591,0.12220739997578495,0.12245484262090438,0.11056129555736913,0.13360606174908135
single_library,341,0.007717736143162328,0.008608581442910249,0.008238840519685653,0.006305786466891083,,,,,0.023149302751830525,0.01142459649091552,0.036414809520432155,0.021608502244143898,0.05758280535764967,0.035638915079411,0.10203589265835405,0.03507360833518395,0.15509963789020878,0.13329041379672754,0.12915085398822831,0.20285764588567048
single_library,342,0.025432033139974105,0.02076226686385793,0.020677327313227988,0.03485650524283639,,,,,0.023138071709953384,0.019436026326155237,0.02433834018299138,0.025639848620713536,0.04140820701391176,0.03870072256044295,0.04407019850662508,0.04145369997466726,0.06325600958620824,0.06030283045529563,0.0896147564977885,0.03985044180554055
single_library,343,0.0029058944649216784,0.003374996155819338,0.002653584010653569,0.0026891032282921287,,,,,0.0026160451530162516,0.002915236749888255,0.003373246568226158,0.0015596521409343416,0.0021835610896267757,0.0018233020921098115,0.002442865139500567,0.002284516037269948,0.001995803789899231,0.001627017813022647,0.002477118238043949,0.0018832753186310976
single_library,344,0.019174368267767916,0.01747421008806587,0.02464330079027658,0.015405593924961299,,,,,0.04317097740662004,0.04954562632023061,0.05892110845651794,0.02104619744311158,0.03284313914887908,0.029085651395349688,0.0399895912014483,0.029454174849839265,0.05120035824370139,0.047379447800860314,0.041065751483854766,0.06515587544638907
single_library,345,0.007359829470968392,0.006523480946918283,0.007734462422062276,0.007821545043924617,,,,,0.037603296684149086,0.03672252603813966,0.02698831957642437,0.04909904443788324,0.06473952921567505,0.07003841488058021,0.06640901956833112,0.057771153198113816,0.08267889048610463,0.15771250184605903,0.038343644166036334,0.05198052544621853
single_library,346,0.07892561647052786,0.07751259145010793,0.079189092223135,0.08007516573834063,,,,,0.0508111663085998,0.07652765973089071,0.011999906820029462,0.06390593237487924,0.038487355945972704,0.027088512131181252,0.056523653825311694,0.03184990188142517,0.07817975288399508,0.08398161660162494,0.03345802814385549,0.11709961390650481
single_library,347,0.012135226710570941,0.009422548935998006,0.013592932463914239,0.013390198731800577,,,,,0.09614353783456138,0.07646633607586285,0.1756317165698086,0.03633256085801265,0.047576239641353414,0.044101660946410624,0.014320060872365228,0.08430699710528439,0.08867111878755222,0.13608544907729045,0.038800917026429294,0.0911269902589369
single_library,348,0.003488215173584256,0.0036604544119689135,0.0032833244511840487,0.0035208666575998076,,,,,0.011957217192610267,0.010703061309023373,0.01738799435780633,0.007780595911001097,0.011533979191940222,0.012238660278384175,0.009121586047855177,0.013241691249581314,0.027634164354721765,0.02773434779763003,0.02900226194771989,0.02616588331881537
single_library,349,0.0029918449883053148,0.0030183054942127738,0.0032029376411857498,0.0027542918295174208,,,,,0.005805640888858418,0.004777713874165861,0.0074257549983605215,0.00521345379404887,0.009470540994308442,0.006218462927080748,0.011088556436605033,0.011104603619239543,0.033261241356205534,0.03583818837046133,0.04390815759572713,0.02003737810242815
single_library,350,0.008739372492001761,0.008819501000254863,0.009558581256687336,0.007840035219063082,,,,,0.012678094011917487,0.01630250798253298,0.014284525280713648,0.00744724877250583,0.01268948908227137,0.0151110823862875,0.009924826813652955,0.013032558046873659,0.06369296402857184,0.10754457654100295,0.036719475231001004,0.04681484031371155
single_library,351,0.0015547532489389136,0.0016654517006425712,0.0013435557224990512,0.0016552523236751187,,,,,0.008928749385428801,0.010974000862739195,0.0041089369296284295,0.011703310363918779,0.062165723228498504,0.008235778378801874,0.006932799262333179,0.17132859204436046,0.13616517905003597,0.2536179790736376,0.11976725762260947,0.03511030045386084
single_library,352,0.05721100728756865,0.032964852253918375,0.07505956608798255,0.06360860352080505,,,,,0.19635200737950761,0.13862083879958526,0.2528291818903619,0.1976060014485756,0.09638328692323063,0.07016187571737713,0.12144931159514527,0.0975386734571695,0.11821237884588798,0.13862994618933094,0.03485507351946347,0.18115211682886953
single_library,353,0.009253084039974638,0.00955629674552327,0.008686850220192792,0.009516105154207853,,,,,0.0190601979650257,0.012631825923561258,0.028569685013035927,0.015979082958479912,0.08521521825992506,0.10277086772518326,0.07361213646067193,0.07926265059391999,0.06226249165791966,0.092406028665099,0.031249207864784367,0.0631322384438756
single_library,354,0.026538613867160304,0.03145934153733062,0.02382097273752105,0.024335527326629244,,,,,0.09409408330826881,0.09954027357585475,0.07281706468221706,0.10992491166673461,0.06597773128838431,0.07612317680283558,0.04820103746531403,0.07360897959700334,0.13121363429139546,0.08685781326085755,0.16608087422483472,0.1407022153884941
single_library,355,0.025308632955684224,0.04599310156122331,0.015748014541994027,0.01418478276383533,,,,,0.06837166800615203,0.08076030147952865,0.08265194590165396,0.0417027566372735,0.07496492114118687,0.068039479951093,0.063163210196843,0.09369207327562461,0.07659017693549965,0.07793060630542217,0.0663631582277398,0.08547676627333695
single_library,356,0.18711797400633548,0.20997371003945087,0.12786496012662557,0.22351525185292997,,,,,0.16787125463633057,0.19594028416543613,0.20391349112559726,0.10375998861795827,0.36151358216451634,0.3924678694340994,0.34902049617725583,0.3430523808821938,0.341386486070391,0.40825025025013323,0.3922670470389543,0.22364216092208564
single_library,357,0.029584473389085708,0.03138768299907924,0.02834890457406814,0.029016832594109747,,,,,0.26717811329853847,0.13994084284704342,0.33209299612867593,0.329500500919896,0.1806189379648809,0.11187305151060951,0.22636788875454367,0.20361587362948946,0.15159083098954182,0.12501760652023747,0.17443448380328375,0.15532040264510422
single_library,358,0.03122722723902462,0.03193506051901268,0.028475927209902833,0.03327069398815836,,,,,0.09359428819525471,0.09001006044072586,0.09661408516784856,0.0941587189771897,0.060895245892356065,0.08636142240563391,0.05983894356640159,0.0364853717050327,0.14545986656824916,0.19837771561418133,0.0962844097212786,0.14171747436928755
single_library,359,0.006273534352178562,0.0067362747152490245,0.005616615386691465,0.006467712954595198,,,,,0.04634395426560708,0.025122265288718453,0.08941129291768317,0.02449830459041961,0.027879541722229517,0.018383865600336332,0.02390144767072831,0.0413533118956239,0.07150844848613519,0.041352178697387186,0.1037148353768014,0.06945833138421699
single_library,360,0.20733443564146734,0.20811131814376543,0.20594662257705837,0.20794536620357823,,,,,0.09419228765820269,0.07511753086863657,0.08086620315735608,0.1265931289486154,0.057393451536077396,0.019199917890632873,0.0267539040146799,0.12622653270291942,0.15621523546161883,0.10479315306256587,0.12537860072743795,0.23847395259485266
single_library,361,0.003412021249436979,0.0036637307544315108,0.0033390909070381038,0.003233242086841322,,,,,0.020108138936179618,0.012461815178473263,0.019047270240202786,0.028815331389862798,0.03570594435987017,0.02583680248287748,0.046461844944926674,0.034819185651806354,0.04666703282654625,0.04927599824495044,0.03157778405814203,0.05914731617654627
single_library,362,0.03215562451971576,0.024569775930862,0.040931949486265336,0.030965148142019932,,,,,0.046414107005467005,0.04100679724244087,0.038145976663391104,0.06008954711056904,0.16705673839016236,0.15898393544585043,0.16159663195860557,0.18058964776603115,0.15745210340894242,0.17233159356802658,0.1489615810545737,0.15106313560422693
single_library,365,0.007571169689922331,0.007455956942619666,0.007068351387630749,0.008189200739516579,,,,,0.08640642546870408,0.09006991179535344,0.07710418954235954,0.09204517506839927,0.08425158971600906,0.09348208657368297,0.06493945248950357,0.09433323008484068,0.05413746915736825,0.09909962688056115,0.03312360393112826,0.03018917666041534
single_library,366,0.011853499719068529,0.010913212830098313,0.012858540631031604,0.011788745696075664,,,,,0.016460116710173212,0.007969930046166968,0.016997863299406554,0.02441255678494611,0.015542531719117786,0.015165155301410502,0.01453192305122128,0.016930516804721584,0.04067936771340183,0.03379283508019836,0.06784489668125578,0.020400371378751368
single_library,367,0.008858825043990761,0.010283872590730984,0.008335814098834745,0.007956788442406553,,,,,0.01202410047433375,0.00677528669014748,0.013407920471349253,0.01588909426150452,0.01955104002388849,0.01668299939836588,0.027039588448468904,0.014930532224830682,0.03678893839687067,0.014441565347389095,0.027763957591359953,0.06816129225186296
single_library,368,0.03301502443266386,0.04489474103664403,0.02259282286009965,0.0315575094012479,,,,,0.1040838347559242,0.09898746425483218,0.09088379224547471,0.12238024776746571,0.06831264093487184,0.03514522060951634,0.09216030828442835,0.07763239391067085,0.08079636269217301,0.05106186059176982,0.11049543518215561,0.08083179230259359
single_library,369,0.013051631923832664,0.013095865781115535,0.01231734555079389,0.01374168443958857,,,,,0.09356204223086133,0.11692980249728382,0.0760677992282081,0.08768852496709209,0.38878433947264845,0.5050251790020925,0.3418645437393511,0.3194632956765019,0.36328093752274704,0.3402875257303283,0.29556448785392914,0.4539907989839838
single_library,370,0.019471215944365603,0.018270452723470013,0.023757130673912403,0.016386064435714394,,,,,0.01082589872945621,0.006936512289078381,0.007960765576776788,0.01758041832251346,0.005513082981718238,0.0044336206717524584,0.004941228262784098,0.007164400010618156,0.00781991063870351,0.005434960847821064,0.009435494061430133,0.008589277006859332
single_library,371,0.009414441344603357,0.009452858725230093,0.009531518185629629,0.00925894712295035,,,,,0.06758987919116943,0.03185287238386722,0.07104459772323192,0.09987216746640916,0.10110057232046483,0.09485380716356077,0.09558215362540443,0.11286575617242933,0.3022479301078634,0.43695363686751176,0.3439270624897519,0.12586309096632656
single_library,372,0.05157360663544061,0.03939192310875338,0.03968858197764143,0.07564031481992703,,,,,0.16747007034923267,0.18011189043195927,0.15138632574607652,0.1709119948696623,0.17379563203663428,0.14395515556667993,0.15391366585817398,0.22351807468504897,0.23426581965212454,0.23836045041154583,0.2802661182747743,0.18417089027005343
single_library,373,0.03215111655232975,0.039932094328088134,0.026079032732671682,0.03044222259622943,,,,,0.0575965310241619,0.018517581950377882,0.10046944279711476,0.053802568324993076,0.06584703790787119,0.015513971158838031,0.07021048166683429,0.11181666089794126,0.03416494135462253,0.03283965579606329,0.03478898519724367,0.03486618307056063
single_library,374,0.0045383158781495915,0.004192629659833193,0.00508090907462193,0.004341408899993652,,,,,0.007924278528123841,0.009598183750017985,0.007230438198058286,0.006944213636295252,0.11247184894522211,0.18687987097169584,0.09980566338307699,0.05073001248089348,0.3069771701110538,0.359221413159059,0.25982324553971214,0.30188685163439033
single_library,375,0.003324044279974694,0.0034900545517361392,0.003132930484604486,0.0033491478035834574,,,,,0.021492970883773815,0.018890269487353527,0.030481236414508908,0.015107406749459,0.052159114680422204,0.05491886497135139,0.03142247320103296,0.07013600586888229,0.1481772984504184,0.2155443891610252,0.08851504488625345,0.14047246130397656
single_library,376,0.019755541651231116,0.021543646655944354,0.01714607942900604,0.02057689886874295,,,,,0.1263211054800527,0.08763162877147468,0.044558368754280944,0.24677331891440252,0.22645298453792292,0.2525000321951032,0.1335184288878806,0.29334049253078504,0.37879785377244785,0.3893970235486303,0.36289427619763626,0.38410226157107696
single_library,377,0.01615015558642011,0.015767135385189153,0.017273451354283244,0.015409880019787936,,,,,0.015810194684705604,0.016478819946511958,0.015883032976061175,0.015068731131543679,0.06326799110286972,0.04554069593393367,0.12081241173822511,0.023450865636450404,0.18884705429223944,0.17011298796999733,0.20277323631476304,0.19365493859195787
single_library,378,0.01628085471584952,0.014945671639359228,0.019377258562469975,0.014519633945719354,,,,,0.09186970766944068,0.05125198353061318,0.18949764990134382,0.034859489576365046,0.039234514744602024,0.028273019256285024,0.04413054897031628,0.04529997600720479,0.07284209228809728,0.0705210587029826,0.10167473356272819,0.04633048459858103
single_library,379,0.002336653477630846,0.002396803598304958,0.0020455376200683045,0.002567619214519275,,,,,0.007727321934351094,0.009282555471099472,0.004761418992282241,0.009137991339671572,0.008253574025840454,0.006843174150072878,0.006896675510216922,0.011020872417231561,0.06236287381628954,0.08661179062967742,0.011993779318505562,0.08848305150068562
single_library,380,0.012981376912614752,0.012488865657159008,0.01277302054775521,0.01368224453293004,,,,,0.05235211496711951,0.07705848451130742,0.02569161059404926,0.05430624979600185,0.19492121372569016,0.16606819619159907,0.2894172138990476,0.12927823108642375,0.3111996178918218,0.4035508527228603,0.2579859109716084,0.2720620899809968
single_library,381,0.06833367181595477,0.033713624331122544,0.03594254465450826,0.13534484646223352,,,,,0.05986652886943586,0.0959658971134743,0.05764390991495557,0.025989779579877723,0.07003199369910361,0.06982943230837173,0.05790162128303057,0.08236492750590854,0.07748712204688508,0.0543198277000628,0.06401702874231689,0.11412450969827555
single_library,382,0.03135270405950737,0.03666392164161105,0.03139753393216118,0.02599665660474988,,,,,0.04327215736825085,0.03054649785582664,0.05919902580358114,0.04007094844534478,0.02911421101272352,0.04400805685455515,0.02455752726693756,0.018777048916677853,0.07142371181468772,0.08383086453931078,0.04829620357871189,0.0821440673260405
single_library,383,0.024407103123948035,0.024763743905678925,0.024429470201643436,0.024028095264521748,,,,,0.20235848112460908,0.4019071588619967,0.0941692808520823,0.11099900365974819,0.3801149642153801,0.6053520553520554,0.15590972431313568,0.37908311298094927,0.5020994991618303,0.5490507670141538,0.45589058502817015,0.5013571454431669
single_library,384,0.006626020470883331,0.006321512584482188,0.00503464221934911,0.008521906608818696,,,,,0.009336451354118208,0.010834991067421876,0.008350373374270994,0.008823989620661754,0.0834754748746806,0.045841754665031015,0.10162853593385397,0.1029561340251568,0.09251806700362487,0.10291272012029522,0.1091264068993026,0.06551507399127682
single_library,385,0.009308192991078896,0.009079210143124588,0.010165799759753525,0.008679569070358575,,,,,0.04946171144131923,0.06832479799677846,0.0473999832964469,0.03266035303073233,0.14226477511671845,0.11717110774914423,0.1389649744949278,0.17065824310608332,0.3922552236099763,0.4712510938493807,0.5021899912025106,0.2033245857780375
single_library,386,0.0048656794718038784,0.004835703847139554,0.004410490706178783,0.005350843862093298,,,,,0.11343621800437677,0.09585784792735255,0.057943989954294284,0.18650681613148348,0.13247229512096262,0.12209801560307564,0.15583162402761874,0.11948724573219342,0.20261326492027373,0.2725658898469958,0.20938230593998483,0.12589159897384053
single_library,387,0.01723861258954441,0.019456450878349605,0.013205357517121236,0.019054029373162393,,,,,0.09573447179765819,0.08699883556106469,0.08294672671808909,0.11725785311382077,0.07634195835737904,0.08400559540352713,0.06034061048090175,0.08467966918770825,0.05185530908297248,0.04964914941507075,0.06590084200356361,0.040015935830283074
single_library,388,0.013421490879098559,0.014907121218676316,0.016200767962377887,0.009156583456241473,,,,,0.0239249495518423,0.04874796381526061,0.007735499915814758,0.01529138492445154,0.01688357729677747,0.01562753098366063,0.01056648478879454,0.02445671611787724,0.010660025336599079,0.010718402202751422,0.008709327244864595,0.012552346562181219
single_library,389,0.007977593734536352,0.008792937067653677,0.0065937960784524284,0.008546048057502949,,,,,0.011679515979478874,0.014920537063275783,0.012330440031364553,0.0077875708437962895,0.03949718385725446,0.0346060517338242,0.036741562389891416,0.047143937448047755,0.1033133658297611,0.15620038818297524,0.05585696929182032,0.09788274001448775
single_library,390,0.0049375297571179425,0.005499829285347204,0.005718101281124042,0.003594658704882582,,,,,0.029258207648076098,0.015432973044755948,0.03381151837697518,0.038530131522497166,0.07986117143970049,0.07209978281182003,0.13486865987776073,0.032615071629520695,0.08435474518519803,0.05084777578504133,0.06971122650845757,0.13250523326209523
single_library,391,0.012686238452610736,0.013896061731939045,0.011926604722272006,0.012236048903621158,,,,,0.030864304779279584,0.029908054307856525,0.05098985023737224,0.011695009792609989,0.0433879175007584,0.07222692745557653,0.026012258639211482,0.03192456640748718,0.02855669937121438,0.04754673929800155,0.014322135507099204,0.02380122330854238
single_library,392,0.014899949670816199,0.016366970772197904,0.01155507635032897,0.016777801889921725,,,,,0.06375147992504919,0.08091452836045497,0.05644316281544543,0.053896748599247174,0.26032574241589945,0.1731984782189494,0.18309819061657298,0.424680558412176,0.2644918607530951,0.13354896768596397,0.336401402217909,0.3235252123554125
single_library,393,0.004924580221454848,0.005865154155958184,0.004692387630498212,0.004216198877908146,,,,,0.0017228167526293317,0.0015439946727494947,0.0015343791671158253,0.0020900764180226757,0.001466741952214686,0.0012822304476085248,0.0018835121603549328,0.0012344832486806004,0.0025501021212090465,0.002583135591209877,0.0030072839699529477,0.0020598868024643154
single_library,394,0.005614949741736327,0.0057937474885892395,0.005130285597027527,0.005920816139592215,,,,,0.03944230079269353,0.02131991841121795,0.02720486428154101,0.06980211968532163,0.01877236113470349,0.03033452990014558,0.012965807486660376,0.01301674601730451,0.017879657457684113,0.005655729304045175,0.03589391208427522,0.012089330984731946
single_library,395,0.32297245316745643,0.30770512065049255,0.3349430368675882,0.32626920198428855,,,,,0.3983633780504318,0.5547662671626027,0.3170380598412217,0.323285807147471,0.5092883312470804,0.515128858710582,0.48797583172181674,0.5247603033088424,0.8124534296466305,0.7941481225220681,0.8216081905921478,0.8216039758256755
single_library,396,0.0013857965324472709,0.0015886974815751912,0.0011496174331929528,0.0014190746825736686,,,,,0.0025346584133726373,0.002870805071624629,0.0022303551502148825,0.0025028150182784,0.0032171558721067854,0.0024180489874190145,0.004539025652941947,0.0026943929759593943,0.010914651385014873,0.009744934304791278,0.01631139633649664,0.006687623513756706
single_library,397,0.09954056147708408,0.1252130539249024,0.09557323785463072,0.07783539265171914,,,,,0.06364833968717498,0.06809815536197598,0.0669090207220543,0.05593784297749467,0.05354062322936685,0.039172023092928644,0.05931550714301465,0.06213433945215724,0.07551255115972288,0.012878074784863688,0.03348019925021963,0.18017937944408535
single_library,398,0.008729335850507438,0.009668084506532018,0.009090407707004554,0.0074295153379857395,,,,,0.05935171077651513,0.07505713566875216,0.052881459793086026,0.05011653686770719,0.06668254891144398,0.056581105019914986,0.026114564801036882,0.11735197691338008,0.052089141824594364,0.05281915913600741,0.05153215249196989,0.051916113845805766
single_library,399,0.0020641874857550637,0.0019431424544862626,0.001900208799952102,0.002349211202826826,,,,,0.005988850937583588,0.0063662146238964625,0.006486816149211855,0.005113522039642445,0.011264479488952395,0.005469068466863856,0.010664483700554842,0.01765988629943849,0.020172797538207835,0.01073414570744128,0.011347122847249385,0.03843712405993284
single_library,400,0.005571059606540113,0.005451014904346572,0.006338109631162825,0.00492405428411094,,,,,0.14711237480831144,0.17992872340882385,0.1060570258174228,0.15535137519868766,0.18798362507353708,0.15217189656815683,0.21369222611036545,0.1980867525420889,0.3235055879148917,0.32616802913686793,0.36317190919060593,0.28117682541720124
single_library,401,0.0071559710471842215,0.009754889675860474,0.005442367793171835,0.0062706556725203545,,,,,0.007978610956851982,0.010150691966639279,0.008328641646548543,0.005456499257368122,0.03329276936030557,0.022850603535992643,0.045811124966688974,0.031216579578235076,0.12033563144017549,0.07332703923999005,0.24267382147801161,0.04500603360252483
single_library,402,0.0019308607417760524,0.00189201098253208,0.001864298534237111,0.0020362727085589663,,,,,0.003968047133614817,0.0032896207786733286,0.004502084611468408,0.004112436010702714,0.005571905217205586,0.004275448237500019,0.0038375170125792757,0.008602750401537467,0.005310694914378344,0.007591525201680018,0.0032565252287154317,0.005084034312739582
single_library,403,0.24490184146604413,0.2698719710552923,0.21575686878989173,0.24907668455294835,,,,,0.12051408640765811,0.1447586184221416,0.09154517008620335,0.12523847071462937,0.3723260307023229,0.23275478855068374,0.4363409396903794,0.44788236386590563,0.3756010080534094,0.4349405312298175,0.32961154441123436,0.36225094851917633
single_library,404,0.04383778358719845,0.04348912682615554,0.04182651175484484,0.04619771218059496,,,,,0.05010153440880707,0.04195835324250496,0.05150687130635822,0.05683937867755802,0.04555296071446128,0.030827915086550653,0.04217109296525927,0.06365987409157393,0.07121063443528973,0.06853642589035026,0.09107644142726365,0.054019035988255276
single_library,406,0.0352227430148326,0.029290765025989977,0.050647701905986386,0.025729762112521443,,,,,0.006658110435243357,0.007777421636063447,0.006555275083357984,0.00564163458630864,0.007371542727611269,0.006668256917289443,0.006103947684348155,0.009342423581196208,0.024467484980754767,0.014209889548892171,0.04214196159170031,0.017050603801671817
single_library,408,0.003102372826036611,0.002787270580805854,0.0030694815061060444,0.0034503663911979346,,,,,0.011628710244127387,0.013471752654672384,0.008929701375837821,0.012484676701871955,0.0219527991985137,0.030285043149677743,0.013034136098441205,0.022539218347422157,0.03818449915910272,0.030822977277824924,0.042093641815158324,0.04163687838432493
single_library,409,0.0115258499405328,0.010497377365303588,0.010495590269390854,0.013584582186903959,,,,,0.019746252152308758,0.024000148078338515,0.015246390777651334,0.019992217600936425,0.022048144072369557,0.01724073599821799,0.01529067840638018,0.03361301781251049,0.030082395640452463,0.015795875689795992,0.04550542376859396,0.02894588746296744
single_library,410,0.05933691941919882,0.072844599657482,0.05258409280498014,0.05258206579513433,,,,,0.1458266410109023,0.0838258052658,0.1283897113441811,0.22526440642272585,0.15618381084627397,0.30325311575868613,0.10040653841170069,0.06489177836843506,0.21566443188675719,0.25072227302850125,0.18728905471844315,0.20898196791332707
single_library,411,0.00858129223340511,0.007415192632142767,0.008192327699183209,0.010136356368889354,,,,,0.02953062463072062,0.019483919393766043,0.01602531340835895,0.053082641090036874,0.009910376862642614,0.004297283665478323,0.015106391722909169,0.010327455199540352,0.017893048140670952,0.030956651523387772,0.005908216036146661,0.016814276862478425
single_library,412,0.004091462033277707,0.004018481803094133,0.004286673472456921,0.003969230824282067,,,,,0.00912972742174696,0.015831426441606847,0.0035341201085118167,0.008023635715122216,0.015132898049394416,0.01441070673843313,0.00877188722884573,0.022216100180904384,0.02623941899263242,0.006828039351721209,0.045141880614655905,0.026748337011520153
single_library,413,0.00464083162965175,0.004554842772444934,0.004174811688464821,0.005192840428045496,,,,,0.02568442130800351,0.039974789465357555,0.022896320799691446,0.014182153658961525,0.01015329978499231,0.01489419572925127,0.009145796044650017,0.00641990758107564,0.015804182349097227,0.0112198433355437,0.017177340091277124,0.01901536362047086
single_library,415,0.015832827121198243,0.016620705726713456,0.01605352131901163,0.014824254317869644,,,,,0.10065875065315279,0.059353016778560426,0.11551491663238994,0.12710831854850801,0.14358652250338202,0.08011123347332676,0.15643236099853633,0.19421597303828297,0.16531649540291174,0.15891000969186986,0.18015538051203422,0.15688409600483116
single_library,416,0.012960108538913032,0.01169993425196033,0.010770022732916312,0.016410368631862456,,,,,0.02935933571436926,0.04336853777802939,0.024663252451094683,0.020046216913983696,0.03837674588090686,0.03338034716652847,0.04677566217611416,0.034974228300077945,0.19450411975126622,0.19206289294923085,0.25258029683555255,0.1388691694690152
single_library,417,0.00529556271935586,0.004020550283230498,0.005172312833921726,0.006693825040915356,,,,,0.01328832414271243,0.017800917919291316,0.01647752533245761,0.005586529176388361,0.0236216493572531,0.027196202194460763,0.02151929657267294,0.022149449304625597,0.031644302983690135,0.029868688103812397,0.03821169494069532,0.02685252590656269
single_library,418,0.0017028102535026825,0.0018148567168398374,0.001672463237758619,0.001621110805909591,,,,,0.013089123694109866,0.01030124380811261,0.016246211716811662,0.012719915557405327,0.021464399026655586,0.02363262453196837,0.018212344028441525,0.022548228519556863,0.022952481355071063,0.022329412990886904,0.01332107585090688,0.03320695522341941
single_library,420,0.008072784366183796,0.007717724480529549,0.008553444540646406,0.007947184077375434,,,,,0.029770392868589176,0.05135353761632651,0.01795517016518445,0.02000247082425656,0.03262589190333024,0.042403473326383126,0.02466992002716064,0.030804282356446954,0.06407230326839124,0.04179337661550431,0.020759788499734456,0.12966374468993497
single_library,421,0.05243162611970248,0.04414057087544734,0.05026710050082918,0.06288720698283094,,,,,0.10099958474420061,0.060427877918876036,0.10761826047378564,0.13495261583994014,0.07674903283617472,0.0660879197809808,0.0939926755843229,0.07016650314322047,0.11339725507551612,0.06050406519755809,0.12739120950268554,0.15229649052630473
single_library,422,0.002577995078982036,0.003042629173713888,0.002457708598844898,0.002233647464387323,,,,,0.018869597092743287,0.011313077490544127,0.029460265589417726,0.01583544819826801,0.02773987641451366,0.02805955626045529,0.02517257970848126,0.02998749327460444,0.10232980822581787,0.09955630072536954,0.07183021878101853,0.13560290517106557
single_library,423,0.013959602219794897,0.014494315913648696,0.013544531800567824,0.013839958945168169,,,,,0.024498212019429266,0.02951724288848618,0.01899494744105905,0.024982445728742562,0.015337298214107647,0.009205418087879967,0.008583865429924916,0.028222611124518057,0.012717960290337602,0.019022904021639184,0.009906902578840495,0.00922407427053313
single_library,424,0.0014534061997127409,0.0014875456165419406,0.0015120377988520188,0.0013606351837442627,,,,,0.009518688213861945,0.008880382802444568,0.005952537918500638,0.013723143920640628,0.07194471564426065,0.08370149594090458,0.07823680915421334,0.05389584183766403,0.12824358634774471,0.11209721566463683,0.11377030218879663,0.15886324118980075
single_library,425,0.004150801662635084,0.0033380679969810326,0.004558928440822777,0.00455540855010144,,,,,0.00790783995841221,0.005552711537303249,0.008960039141974728,0.009210769195958653,0.02011039646009984,0.024727326322327516,0.014299102511654178,0.02130476054631783,0.08065233389852748,0.15005423485989408,0.02494487464297693,0.06695789219271144
single_library,427,0.07844938939586375,0.07936465293678964,0.060232326055229025,0.0957511891955726,,,,,0.2209559640309308,0.32052283644552454,0.1642371603199413,0.1781078953273266,0.15185485722230352,0.2340276518932005,0.05830501216981216,0.16323190760389786,0.1709127237129525,0.12238729675566533,0.18877796369379055,0.20157291068940159
single_library,430,0.09881752228588407,0.047070905228762304,0.12439580082211234,0.1249858608067776,,,,,0.08717342401748095,0.13403486433958206,0.0599914716854001,0.06749393602746066,0.10507613231145342,0.06491481267027244,0.1605869370754703,0.08972664718861753,0.18106953554244506,0.1510870799210685,0.06993041486806924,0.3221911118381974
single_library,433,0.016103660548316353,0.015492773109660116,0.015297213556891882,0.017520994978397052,,,,,0.040451861653162766,0.026841652301494146,0.05340188493861206,0.041112047719382094,0.2419063925927087,0.3839123726159687,0.16611043905215966,0.17569636610999773,0.48344770242139523,0.46106074947818065,0.5155071068532607,0.47377525093274436
single_library,435,0.003135080800987093,0.0029182710111585377,0.0033169899112814615,0.00316998148052128,,,,,0.009130596871465798,0.011521802706537665,0.005758389189542611,0.01011159871831712,0.06086486077194028,0.0072030074094551234,0.1559335764216657,0.01945799848470004,0.19446974939952377,0.34350207441991926,0.024013346684225615,0.21589382709442642
single_library,436,0.032339651025983886,0.037929306437052564,0.023930312466946664,0.03515933417395243,,,,,0.20920332345949802,0.2521974003290526,0.2297002997002997,0.14571227034914186,0.34560835726422595,0.34341805148256765,0.46158730158730155,0.2318197187228086,0.30581761649908307,0.37891156462585035,0.2716176626846188,0.26692362218678006
single_library,439,0.0046922669851501425,0.002867641755852225,0.004329928686375557,0.006879230513222644,,,,,0.014586957941647319,0.01674934774346419,0.01944375184543128,0.007567774236046484,0.017315742576474925,0.008208161617243597,0.008124507951250533,0.03561455816093065,0.009033453119938318,0.004949317189912942,0.01207778194573925,0.010073260224162764
single_library,440,0.008418015865247569,0.008966723463991235,0.007955794717346951,0.00833152941440452,,,,,0.014510783879555386,0.019411174270171836,0.012618296917712364,0.011502880450781962,0.018022803683769056,0.012136484602237808,0.018532423181182676,0.023399503267886677,0.019626605561202593,0.02120262373129826,0.024158622433183556,0.013518570519125963
single_library,441,0.0037334695221326567,0.003573837117010111,0.0032735377104576957,0.004353033738930164,,,,,0.016937473727215685,0.01347274756715655,0.013505278623996763,0.023834394990493744,0.09011674248270485,0.14890336004744084,0.05893917676011327,0.06250769064056046,0.0655707432396206,0.03371916399824052,0.11926824467118617,0.04372482104943513
single_library,442,0.301465270446308,0.320158816353117,0.26838700402288057,0.31584999096292643,,,,,0.2117993703727994,0.19868837805013237,0.22385804122568545,0.21285169184258032,0.20053432824681794,0.24352939489325748,0.17008712852154692,0.18798646132564942,0.1289870923690644,0.11538862111876345,0.11318161369451074,0.15839104229391895
single_library,443,0.0020256472547331623,0.0018126819866797997,0.0020315157060057103,0.002232744071513976,,,,,0.003003972604996208,0.004601403023861571,0.0016540922119149398,0.002756422579212111,0.005219873995291874,0.004231957869790654,0.008460345862074631,0.002967318254010337,0.016571280431319845,0.01615891964326298,0.009135504737958365,0.02441941691273819
single_library,444,0.005909662127459087,0.005058634493892196,0.006014679913404347,0.006655671975080719,,,,,0.023098691120160216,0.028427069460061825,0.026380935142040013,0.014488068758378814,0.03250609036883522,0.016154460851165182,0.019518147242803364,0.06184566301253711,0.08942478676716502,0.04588361688984942,0.16612425849323614,0.056266484918409444
single_library,445,0.020773822754897957,0.01007463265315613,0.026066080861011125,0.02618075475052661,,,,,0.022797284609921236,0.01748246044780021,0.01859347910197578,0.03231591427998772,0.11616706295449764,0.17128896473306104,0.09244350235119289,0.084768721779239,0.15789667453458653,0.23950398302428452,0.07507205065429605,0.15911398992517897
single_library,446,0.1192217553823915,0.1378966787757114,0.07239392018293729,0.14737466718852582,,,,,0.05080695629854673,0.06602268299982772,0.053447757309963366,0.032950428585849095,0.14343347295576206,0.19896258400401118,0.15851221083847872,0.07282562402479632,0.1616300121644986,0.1523974385451532,0.15317432045493082,0.17931827749341178
single_library,447,0.005205214251722198,0.005086687436786223,0.005501545490772484,0.005027409827607889,,,,,0.0058832971224017025,0.004168330171348601,0.008283160462196988,0.005198400733659518,0.005650423159367812,0.005394713380227763,0.006133398764063976,0.005423157333811698,0.009047966138813488,0.013951924368661033,0.007924752858660494,0.005267221189118937
single_library,449,0.0031417565617322305,0.00276265680690067,0.004026641534480459,0.0026359713438155624,,,,,0.001929167096016391,0.001579531071947386,0.0019516464824758022,0.002256323733625985,0.0017797305889895969,0.0013996487456396011,0.001595639298540118,0.0023439037227890713,0.0023605114479527275,0.0016950943402167635,0.0030247387762199246,0.002361701227421494
single_library,451,0.001415066486182215,0.0016225773417932908,0.0011565306711904537,0.0014660914455629007,,,,,0.007472594970517187,0.005420520465974366,0.010062081084088357,0.00693518336148884,0.019708551050186308,0.03426838708387076,0.004547709694563542,0.020309556372124622,0.015102240587573717,0.02475658334218334,0.014911124757374286,0.005639013663163527
single_library,452,0.0037051689275080326,0.0036348785087445155,0.004235601001973393,0.003245027271806189,,,,,0.013954012912044303,0.009738382788346933,0.00853528985943733,0.023588366088348647,0.05342546450755047,0.029099397140787128,0.10527690143434229,0.025900094947522,0.032878256711776084,0.009823347992850631,0.05409801261642284,0.03471340952605478
single_library,453,0.12938673813606205,0.0739441419633478,0.10408867890219176,0.2101273935426466,,,,,0.2615779568864565,0.2623895681771337,0.3738261855893375,0.14851811689289832,0.2595174342155575,0.2609454271218977,0.17407855624874022,0.34352831927603455,0.2962107605467711,0.2603332927752462,0.33334446744959206,0.29495452141547507
single_library,456,0.006442520839130716,0.00687622646724833,0.00634847951989094,0.006102856530252877,,,,,0.011536358427518018,0.006763879131129621,0.01161295147699578,0.01623224467442865,0.006866879430367754,0.008356296573582138,0.007089343974471994,0.005154997743049128,0.007825373195292704,0.008347478188969503,0.008172289981630531,0.006956351415278076
single_library,457,0.004128664351576943,0.003533466658924711,0.0043652080170167315,0.004487318378789386,,,,,0.07377718953184331,0.05768673039085262,0.055313254203194724,0.10833158400148259,0.21104543004994428,0.21006685337034822,0.18775347195363978,0.23531596482584485,0.2024475596144499,0.06532110343458174,0.18912700629836363,0.35289456911040434
single_library,458,0.036433803636498896,0.031058144462681524,0.0482463526604351,0.02999691378638006,,,,,0.13165471878338328,0.08662389806195116,0.19306243259291572,0.115277825695283,0.4140740258310453,0.39238823636529174,0.5057106713653203,0.3441231697625237,0.37686427829508684,0.48662280701754385,0.4458261037208405,0.19814392414687598
single_library,459,0.01695551673955143,0.02616317949504386,0.013329327106058607,0.011374043617551831,,,,,0.03713540798723725,0.06756234006421921,0.03875080133940521,0.005093082558087358,0.03595558146540731,0.03254968551811649,0.039867034576142935,0.035450024301962514,0.08398988057925755,0.036449932146125075,0.028126267279085695,0.18739344231256186
single_library,460,0.0028715533627491174,0.00298472659421159,0.002574355404184376,0.003055578089851385,,,,,0.008134189274341808,0.012942328066480234,0.0057024730282966025,0.005757766728248589,0.0920755209743324,0.12119583528159539,0.12116215129066138,0.03386857635074041,0.14394398957480634,0.0933177030737248,0.19679552663633898,0.14171873901435514
single_library,461,0.010269273570035995,0.009857974748789243,0.00966392242063621,0.011285923540682532,,,,,0.04446104029809265,0.03175470266117803,0.058952318931931494,0.04267609930116842,0.05011396473813765,0.024000463762898664,0.04373404616689666,0.08260738428461765,0.11357352334264974,0.09676571605541925,0.1464240019744578,0.09753085199807217
single_library,463,0.007920328535987727,0.008523510438151992,0.007109736578291089,0.008127738591520103,,,,,0.0905460674151,0.11611087137169518,0.017147166681226032,0.13838016419237878,0.0866699057964944,0.025410595880533217,0.11693449793190488,0.11766462357704513,0.04940561317793344,0.02153562741859056,0.011543000209913355,0.11513821190529641
single_library,464,0.002640943998917223,0.0027644331651223712,0.0025081323937578043,0.0026502664378714935,,,,,0.06331242469816824,0.012541482234658546,0.04477685251030092,0.13261893934954527,0.11025412424281655,0.02971842922280548,0.03924271618439448,0.26180122732124966,0.14399988003506572,0.21176811364501302,0.10184472669846686,0.11838679976171723
single_library,465,0.2016508132570742,0.20774151672466837,0.1965122882590517,0.2006986347875025,,,,,0.31657857631225617,0.24158386052412464,0.2980268144724411,0.41012505394020277,0.36577461294583785,0.2673829693711096,0.36667255582781916,0.4632683136385847,0.5380151567999465,0.39959905089570485,0.5510400125321427,0.6634064069719919
single_library,466,0.0035993019914687765,0.003405486653200628,0.003424438606546206,0.003967980714659497,,,,,0.014885123555129628,0.015812133629699247,0.012326993127108861,0.016516243908580776,0.06924241085642092,0.06568316635689461,0.02288652190268597,0.11915754430968217,0.07288925981842916,0.033413490958629256,0.07097337482488607,0.11428091367177216
single_library,468,0.004962671637171125,0.004420973577677088,0.005929336936492044,0.004537704397344243,,,,,0.006349115077756137,0.006179026462616227,0.0057206436990317995,0.007147675071620388,0.019983838480820883,0.007492804285134857,0.014482727938679022,0.03797598321864877,0.02536477989821258,0.01918015162119674,0.031626716718461664,0.025287471354979336
single_library,469,0.22383561564944746,0.2291925391905467,0.19552230654532482,0.24679200121247094,,,,,0.287082893498831,0.34568782976545254,0.26846404872725516,0.24709680200378528,0.3758400145843808,0.3788344195584792,0.36105399436087143,0.38763162983379174,0.3640657633522137,0.46984674434556045,0.38379079361932,0.23855975209176059
single_library,471,0.0851078920015183,0.11419419775207437,0.11537759193675384,0.025751886315726676,,,,,0.013085454676329373,0.008566787990308753,0.02247135893768967,0.008218217100989694,0.013549717840228006,0.00532438570220042,0.018477579143469577,0.01684718867501402,0.025659974684772092,0.02161598864714938,0.0387739660883817,0.016589969318785206
single_library,472,0.004236570531928518,0.004213400678042177,0.004511871040416843,0.003984439877326533,,,,,0.014834836800113285,0.01923560804942754,0.01391133532019821,0.011357567030714104,0.02759040573696329,0.029259317408906835,0.01573232243822935,0.037779577363753696,0.0505326326293803,0.05683228341055096,0.0625428643106402,0.03222275016694976
single_library,473,0.03574740692504538,0.03471279934940633,0.03602497011186615,0.03650445131386366,,,,,0.03423530441461916,0.02401407652512218,0.02056933979108831,0.058122496927646976,0.025877728981600873,0.02126952525663699,0.021401487070841774,0.03496217461732385,0.03275396032423495,0.025679002636038385,0.026393283941103195,0.04618959439556327
single_library,474,0.01716431978688644,0.017459807077568515,0.011807916820004767,0.022225235463086038,,,,,0.03386808730383061,0.031710510066699775,0.013420552671761628,0.05647319917303044,0.1155298473143872,0.059572854634386115,0.2296510477605751,0.057365639548200426,0.029117796451435318,0.022102464962767535,0.04929685546294189,0.015954068928596517
single_library,475,0.034807136764990664,0.0250410548965676,0.03857045120635054,0.04080990419205383,,,,,0.02567978514149438,0.03405310961293033,0.02080556126129961,0.022180684550253196,0.018243516112272682,0.01534533937420164,0.013211844832824792,0.026173364129791613,0.030589783285582872,0.06151510721991211,0.015083678066723224,0.015170564570113287
single_library,476,0.017432874706490995,0.012124606226986856,0.020774001266233744,0.019400016626252393,,,,,0.09397382550019802,0.0859928955407495,0.08604980722052187,0.10987877373932269,0.07570002241400677,0.03190060833504616,0.09057994034179659,0.10461951856517755,0.03454359770503104,0.07520956174739972,0.004426128162429008,0.0239951032052644
single_library,479,0.002999530993865814,0.003051478300638781,0.0030042333918172087,0.002942881289141451,,,,,0.011999867596130693,0.010958022047283978,0.005966526908926687,0.019075053832181412,0.02014640780936314,0.026148584517714176,0.0166212952000834,0.01766934371029185,0.01565789926610216,0.01808991653240027,0.018771104668752973,0.010112676597153238
single_library,480,0.00441587349359518,0.0055022668882129065,0.004756063939199771,0.002989289653372862,,,,,0.01643970249242406,0.006976440196142154,0.03427327119807935,0.008069396083050675,0.038829792175707305,0.033323683385475825,0.04379222886053526,0.039373464281110826,0.0643843937326908,0.10215837090718921,0.04908011668487721,0.04191469360600594
single_library,481,0.004598819559723463,0.00310749392420024,0.004853913088368101,0.00583505166660205,,,,,0.005178499774060703,0.0023518534467895863,0.009577689377824848,0.003605956497567675,0.013564942260494747,0.004619453283744206,0.015698520380727148,0.020376853117012886,0.009018282916579629,0.0075174865522708734,0.011092681269028393,0.00844468092843962
single_library,482,0.003093883308572194,0.0031653340648404543,0.003026269903800211,0.0030900459570759155,,,,,0.007614965362272749,0.005387039737604788,0.010492228020496623,0.006965628328716837,0.009842193184398138,0.009082647014841351,0.0038104523532986657,0.016633480185054398,0.0053510259350827245,0.004049913276429863,0.006228750607782415,0.005774413921035898
single_library,483,0.023750308485734426,0.025214396151348517,0.020630739104996305,0.025405790200858456,,,,,0.20488601559588906,0.2281709168215485,0.18356873577124255,0.20291839419487623,0.30024976128674047,0.34512099930107726,0.24814200758921778,0.30748627696992636,0.31081575621880736,0.2655095154738755,0.39267687354624564,0.2742608796363008
single_library,484,0.021919388676616965,0.03081874240059577,0.024826897831659756,0.010112525797595357,,,,,0.045997700518578044,0.04041516755834922,0.07255602767050438,0.025021906326880537,0.0300684801118437,0.02764559169883921,0.03506801414690122,0.02749183448979067,0.08526654189763228,0.11322962073018522,0.07848735661998266,0.06408264834272896
single_library,486,0.004042445467348108,0.003919864385230865,0.0045940341599269435,0.0036134378568865146,,,,,0.030784971244243422,0.03888798153653122,0.01664198470124651,0.036824947494952534,0.012287008842686666,0.011317674904873166,0.015079880437023293,0.01046347118616354,0.019068123730502307,0.013399325509226049,0.029061807346976627,0.014743238335304248
single_library,487,0.005778522666326741,0.006929290111341548,0.005521131887293295,0.004885146000345378,,,,,0.012445007099437492,0.01675569112644918,0.012399045760604932,0.008180284411258362,0.02068493904793164,0.005282536900330053,0.01097706737538552,0.04579521286807935,0.016952524097981272,0.015549990337028773,0.014974431281317412,0.02033315067559763
single_library,488,0.006749808112467713,0.00547599134028713,0.006815872222352306,0.007957560774763704,,,,,0.05023973021803332,0.011797136527670619,0.0832286419546852,0.05569341217174413,0.0940845490504012,0.09763939324902429,0.095950386775652,0.08866386712652731,0.2129918188399126,0.24676335669848642,0.1438446657719465,0.24836743404930497
single_library,490,0.005408432288727859,0.004389466385177052,0.0058334747100417935,0.006002355770964732,,,,,0.03462172002604803,0.03610530593289214,0.03653563055870439,0.031224223586547573,0.03542276155625562,0.025672863156659988,0.04008755355899814,0.04050786795310874,0.27083231345702125,0.26394002534572064,0.24153417911633243,0.3070227359090108
single_library,491,0.031149392810039502,0.02810551683219478,0.03642962203896898,0.028913039558954745,,,,,0.038988535371239245,0.046533491299804546,0.015692744180133673,0.054739370633779524,0.1033975178299188,0.10395119510327719,0.08634020116627719,0.11990115722020198,0.07784343671042604,0.03630720709154601,0.0767472172478437,0.12047588579188842
single_library,492,0.42886651682745,0.38561706811962804,0.47586945379848533,0.42511302856423666,,,,,0.40559947965801396,0.44064255273687325,0.5129066599527614,0.26324922628440706,0.32226113505361076,0.30495476929913595,0.2627986343172747,0.3990300015444216,0.4208045462247481,0.4244804281513142,0.4138619309253347,0.4240712795975955
single_library,494,0.007833178544495589,0.007088885317886702,0.008996256347644673,0.007414393967955391,,,,,0.025105092366674117,0.010689869432605545,0.05061009278465132,0.014015314882765485,0.013481457251332681,0.011832879684550473,0.0146981954985656,0.013913296570881972,0.09545449745490019,0.025865526939980295,0.1364297951252526,0.12406817029946764
single_library,495,0.010864056632273458,0.009191235081196838,0.01152314304172788,0.011877791773895658,,,,,0.016604569459285807,0.021506746542724324,0.016015989960197836,0.012290971874935264,0.06153444437653746,0.08010749925050523,0.0306264120284864,0.07386942185062076,0.09467748365673366,0.051764483807894834,0.1351603362640946,0.09710763089821153
single_library,496,0.012572235264123427,0.010673082066621088,0.013711843723820429,0.01333178000192877,,,,,0.048233666790852,0.0447333196672035,0.022951077512730244,0.07701660319262225,0.049225383077761524,0.11461960314539896,0.018537542849612298,0.014519003238273317,0.054758283196102264,0.09061380946097307,0.027015713487756977,0.046645326639576726
single_library,497,0.056495843570947,0.050032059964455845,0.05818903009230018,0.06126644065608498,,,,,0.11628118289034861,0.1067414163486637,0.09277062371136595,0.14933150861101616,0.15399434609353876,0.09671109373207304,0.1996212809376828,0.1656506636108605,0.12512354739017983,0.09593644799994169,0.11586362179329951,0.16357057237729833
single_library,500,0.09711241168135738,0.11303119349957881,0.06765598771294203,0.11065005383155133,,,,,0.10974899472006212,0.12096911596888191,0.09390301796087407,0.11437485023043044,0.14560362078145933,0.1417955799289576,0.1969005358613036,0.09811474655411677,0.18109527780261803,0.11733859564748582,0.19146002626262318,0.23448721149774515
single_library,501,0.004805112967405436,0.005766313457493957,0.004739636958930371,0.0039093884857919784,,,,,0.10958332321357055,0.2187674635707894,0.030817637419759424,0.07916486865016277,0.01531730794252386,0.011074169225488926,0.013285687431291776,0.021592067170790877,0.05183917007250685,0.10957344373058572,0.014109244733238829,0.031834821753696015
single_library,502,0.001972836692800127,0.0017103380439234522,0.0018512092740214055,0.002356962760455523,,,,,0.048888677605738846,0.09841111508129909,0.023785654616279676,0.02446926311963778,0.044630039026598504,0.03542846553651874,0.03860824695033394,0.05985340459294284,0.0996621420157291,0.0668944040250384,0.017522106777397812,0.21456991524475108
single_library,503,0.06186201217003499,0.025127636072249764,0.04799027630431381,0.11246812413354142,,,,,0.29481102332225734,0.223781330041422,0.22714567645239914,0.43350606347295084,0.23331777590542144,0.19104548981243416,0.25901283174092404,0.24989500616290608,0.22893148271759967,0.2647239460264178,0.3037727613325028,0.11829774079387838
single_library,506,0.03025889360240829,0.03743586772072212,0.019349481661721672,0.03399133142478107,,,,,0.16565362038013062,0.12548195394456968,0.16941340535010688,0.2020655018457153,0.15069740527742326,0.10399085090316715,0.14481154470441765,0.20328982022468498,0.27856895510834884,0.25891291635492497,0.28376800852967177,0.2930259404404497
single_library,507,0.005912453481158247,0.005480528079415648,0.0060826807150694846,0.006174151648989609,,,,,0.017098873018102798,0.012492792675331947,0.02370525365949168,0.015098572719484766,0.018726245092700284,0.017368369493308052,0.020339405117316234,0.01847096066747656,0.031523363198878974,0.028002151559682026,0.042559406837006215,0.024008531199948682
single_library,508,0.005836016597961888,0.005122065534000921,0.005524232297634093,0.006861751962250648,,,,,0.002270943314177137,0.0023015435513371856,0.0027551860918510517,0.001756100299343174,0.0028570375260762123,0.0027486001978601934,0.0032434464445735087,0.0025790659357949343,0.002747914366176963,0.0027908261854871354,0.001983409868194074,0.0034695070448496792
single_library,510,0.0059086514257217955,0.005691670591162583,0.006602517214050475,0.00543176647195233,,,,,0.007405849516400006,0.012405104797177373,0.008109572832743,0.0017028709192796433,0.06926568692736022,0.16835148376706444,0.009777810621960438,0.029667766393055798,0.03937594990906319,0.021047617476167985,0.08526527404245675,0.011814958208564846
single_library,511,0.29597219151918186,0.2789207376606527,0.28256508611545045,0.32643075078144246,,,,,0.4684029798138905,0.46114122110530553,0.5083314362547987,0.4357362820815672,0.4433125372375826,0.49563880953448886,0.3587964717157782,0.47550233046248086,0.6284182742518738,0.5856237892511398,0.5848650653628391,0.7147659681416425
