target_index,M0_seed2026,M0_seed7,M0_seed13,M0T_seed2026,M0T_seed7,M0T_seed13,M1D_seed2026,M1D_seed7,M1D_seed13,M1R_seed2026,M1R_seed7,M1R_seed13,M1_seed2026,M1_seed7,M1_seed13,M2_seed2026,M2_seed7,M2_seed13
0,0.8613276269749252,0.8573148529914799,0.8541915985067905,0.8659191880675253,0.869574483708005,0.8666042441748227,0.8623450606257343,0.8664794062867189,0.8673860763694017,0.8873772556451516,0.8856994886037136,0.8918141661245393,0.8931652127307829,0.8889069490807233,0.8880541305801416,0.8904393810535357,0.888734303963611,0.8924287880415602
1,0.6980160554637179,0.6968384999836859,0.6942365527383276,0.7215355608782642,0.7206124711623478,0.7191997625916208,0.7060221368236753,0.7117342643468776,0.7117820659255237,0.7221360472508616,0.7338095634376371,0.7293519690547781,0.7519828030381009,0.7441749047005902,0.7522956286842395,0.7544400097225509,0.7455347585498847,0.7535305322980362
2,0.4936942689721505,0.4969391045440153,0.49385246960150875,0.5364737743451896,0.5542211776276788,0.5455666892864572,0.505215695077187,0.4776709230358632,0.4921652641202387,0.5210322633482911,0.5113323943422735,0.49767484099032994,0.5970930467360647,0.5817971333422274,0.5940700000141836,0.6011886857805397,0.6009196996655047,0.6111429945841405
3,0.3917032550819366,0.3979352373331485,0.4115884284667567,0.45317067560824964,0.45447686483420996,0.4471867902246907,0.429783257506637,0.42195531982468204,0.4307889400852219,0.42544507960847877,0.457727373163147,0.44648012444562846,0.4835026813163904,0.4811070124383054,0.49592847703497484,0.4768971669458371,0.49546060426554467,0.47462042316846265
4,0.31850160046178616,0.33028060237761675,0.318927557104936,0.39819120864510754,0.3914200233903135,0.39445124325777087,0.3554563641028407,0.361576158125577,0.3752052224624393,0.380671879286659,0.38800564837085166,0.3529020154908831,0.41941037651135066,0.4230556547599068,0.38674095755971744,0.43585473798838786,0.37997899277618197,0.39865418368860844
5,0.57941414012759,0.5578622710707839,0.5580275421914501,0.6545874426059574,0.6609407163554741,0.653339716849438,0.5645144151685425,0.5689550438027652,0.5462370726489907,0.5375023224173792,0.5326667339246295,0.5284416820710818,0.5610719411748523,0.5414155776978878,0.5840687333881829,0.573061458574713,0.5950461660021131,0.5384647614638206
6,0.28816568244507296,0.29514478780874015,0.28501489628395676,0.33470669971082495,0.3330316430331104,0.3201697356057503,0.24879736644841427,0.2417561347520438,0.2408356089964204,0.271911278328459,0.2625732020233422,0.26722456135521233,0.3001804950868195,0.2606168731488198,0.3102158965566356,0.27415335250172995,0.28756337222207856,0.2839710011373538
7,0.19358646441927937,0.2047683685743723,0.19343948171751707,0.29502253864165445,0.3076825612613944,0.306433920013095,0.22277096946969357,0.22417305188128442,0.21520930295405402,0.23445094121764598,0.24961359946963949,0.21408858581248985,0.2079471126915604,0.2169621320418803,0.19907766129521154,0.19058426277252968,0.24397596628947674,0.22254360115686683
8,0.5237479882362575,0.5314645989570946,0.5313879183556144,0.537968560283312,0.5468198052627874,0.5384719402487541,0.5074775599839473,0.5076242063268195,0.524208225798434,0.5239559297710984,0.5417939237752528,0.5275873607049388,0.5789652121961657,0.5506234488642519,0.5370852194153078,0.5863336676035447,0.595553036198005,0.5779548650605438
9,0.2792365245400912,0.29048767894862026,0.28751093916646087,0.39780016737870016,0.3922032774005411,0.40563604063196645,0.3499325559997144,0.3322087526750159,0.3535265134074732,0.3467198803390547,0.3507811188870409,0.34628906779506186,0.3660694257535247,0.3808908559148886,0.37879387260808745,0.3793625024976895,0.3883270086954473,0.3647500228449125
10,0.6475236728648249,0.6714906742056083,0.6468871487552683,0.7267630849741747,0.7270563003051028,0.7446700678039617,0.626976126283444,0.5894570960362568,0.6235286877557826,0.6303588612692649,0.6300286743207899,0.6504286473602976,0.6731569395046766,0.6083596470207746,0.6379188013436417,0.6981297182705307,0.690839496931618,0.7293384395540281
11,0.17405225334521568,0.16962373850117457,0.17124874399533638,0.3084622973606893,0.3016295390065767,0.3044556630067531,0.17766025484818404,0.17307203701684143,0.18919757333105464,0.17418887468927835,0.16623357813785558,0.17256877752859393,0.15169877059019854,0.16366760559670426,0.183124404470697,0.16824987567571828,0.1613097971934985,0.15996152985886464
12,0.24832506240008756,0.254229094143053,0.2380987158369901,0.4779280082206119,0.4769178398281312,0.4609590702677213,0.25025241923010827,0.31706775099588874,0.28465324559221744,0.21294824376793253,0.22249070556509887,0.2576733647625925,0.2965513609487299,0.2693435780915677,0.2530615679448783,0.3105324874249211,0.3266342853718958,0.25250951639525093
13,0.2407791525607452,0.21906433074784498,0.20761908264094164,0.3139221689866973,0.3019565975331438,0.3043667453064001,0.24642571682471973,0.19836812005644705,0.21219543811132627,0.3019711904918673,0.2778681932406624,0.2530735199275844,0.2201995303813227,0.16864105901431772,0.2218817686563399,0.1734101154640177,0.19932094132052647,0.1599231049890274
14,0.5414545498452727,0.524897027225336,0.5332348543702401,0.5665282688898219,0.5701803237643651,0.5714087207100778,0.5347907050571983,0.5079629142327841,0.5492180737502711,0.5407400928608792,0.5367236195793877,0.549192240798667,0.5467039818681213,0.5584369892233594,0.5497164075334939,0.5448538714195645,0.5447594986633285,0.5223406948444915
15,0.15949695792690138,0.1645493920222511,0.16343851935807574,0.19517506269566987,0.19298485254275152,0.20300887118445388,0.1606408994435889,0.16434867955422136,0.19238196862695384,0.20093002555582443,0.18103623531826893,0.18590477036389094,0.1859400422595209,0.21422195479841186,0.21673021083773533,0.1871701859849676,0.1849214779935026,0.1848825325670115
16,0.7452068131999591,0.7324885750938955,0.7610389111294136,0.8415693715954271,0.8231057872928997,0.8356018623260348,0.7992332522176785,0.8029154690181605,0.8249813447613119,0.8392097777393778,0.8091191291705252,0.8283925381998933,0.8031893746935844,0.8313432847455615,0.8148629395742568,0.8362125778482431,0.8325961819732258,0.8165107762752158
17,0.8166057823961637,0.7562551021756159,0.67595109980756,0.6470410210949404,0.6493109989838612,0.6539642710011091,0.6345981826799733,0.5611490454613789,0.738008451161206,0.5729829800734652,0.5494532667529636,0.5981845558631077,0.7192923543311759,0.6902135742366793,0.6264804094123873,0.7405474676810673,0.7274481181424021,0.7247162938739582
18,0.1393930165597043,0.14244722594342027,0.1254742922665576,0.12449182803190639,0.11813190044892583,0.12258733166357128,0.21323956080051393,0.17213278519998837,0.17864229401547657,0.23504258198130604,0.20227635891230777,0.21084784866850756,0.21855725515959615,0.2390243745376836,0.2233451225054821,0.25687432219504247,0.2173119815074648,0.22151423716758725
19,0.16109846575502154,0.16602933772761927,0.158492070785437,0.317213544064419,0.3307064020985791,0.32492062866866417,0.17678619567243795,0.14715003379140784,0.1589047165669491,0.18429607067597734,0.20220787734197715,0.16545269508931004,0.31898496383130703,0.23924006735888304,0.24505979298692085,0.33233328254266287,0.28287274103359294,0.27499353375247254
20,0.2673920485088566,0.28038906837640715,0.2664719698971345,0.31817247528482995,0.35868969673642015,0.3304577272005056,0.20123374967803462,0.16794013951631512,0.17413416020821054,0.16882711804871647,0.13028783126374247,0.17185305034513873,0.2157808005234972,0.21113905467230007,0.18206831444980276,0.18987020314403483,0.25728928900654185,0.24483648123150517
21,0.3066842508824397,0.2990957547878155,0.30335945051064006,0.36771446638173066,0.37352737371512723,0.36775285910198857,0.3196402507007504,0.3048524807777443,0.3210453075172119,0.31584767285896564,0.33658899820037363,0.3025548314868712,0.30881432865244546,0.28888661569489527,0.33208488072233744,0.28375683389510736,0.29697129546308726,0.3172731301714099
22,0.10025558830203671,0.09928393730878404,0.08954716733132659,0.1438605314110392,0.16068546755238713,0.14562509103799504,0.09615961477877652,0.10070405951870329,0.10431178628006996,0.13018067405538933,0.1294429793216971,0.1271136651539449,0.11744496195286695,0.11563099495832654,0.12590997190111086,0.15280794869423756,0.12983275798133637,0.16385804597800038
23,0.325956772119522,0.31869708758365767,0.3451929207806071,0.5680285014629519,0.5605014150891774,0.5717716662493789,0.37444498320393677,0.37782571656064473,0.3408873166952386,0.4577213509010645,0.3708694977012624,0.4425126424165938,0.551752825370449,0.5315525554234151,0.5877507189806712,0.5308392516851601,0.5274098006504867,0.6098390933076111
24,0.050004293960443334,0.05085406316100118,0.04416043413442526,0.08621959130423996,0.08380731920425777,0.061233385940652196,0.07580224017027504,0.04796387684285533,0.05854680793196287,0.06464626920783154,0.08333530175874668,0.061311268467838506,0.061312117359834606,0.07694137974394596,0.07228736294231473,0.06970690318114404,0.07302129052079623,0.09234697779502195
25,0.12827906384188156,0.12432931063153606,0.129719925430684,0.21837967148507037,0.21100919229516352,0.20112864851964835,0.14157624846209566,0.1434066708444646,0.1447800595478783,0.183178526562032,0.17819298278363213,0.14222133938549716,0.14648334001106972,0.1524268253137257,0.1949765730836818,0.1624997477112648,0.23606450137878482,0.18788591064078114
26,0.9211381141696843,0.9101077395143126,0.9409823978045322,0.9176314949431567,0.9147984106064417,0.9161504866750466,0.9599922084263861,0.963444778404432,0.9806175079690734,0.966553001456344,0.9649363501752812,0.9591520397096484,0.9730524694662037,0.9695990051039916,0.9649176561955444,0.9786357763831632,0.9736016998638761,0.9695362535923738
27,0.20175143392460473,0.20084744127413895,0.18765549843347853,0.24351108520263776,0.22736674782194596,0.24615526151615735,0.1745871306091171,0.16465431655942506,0.1487671081134899,0.17381900739903008,0.16560307912310912,0.17356924214849798,0.12753060105022135,0.13264434714868753,0.11497437176605467,0.12663850665326024,0.12322039722136054,0.12678309640318075
28,0.061720562719033,0.05581932911625462,0.05897442054567764,0.08648496946768638,0.10559298347860305,0.10933413545677392,0.0629592383638467,0.06294212029027371,0.06997711716435014,0.07056321709404179,0.0722988294396796,0.07556189536811864,0.08186021798174471,0.07517759197496854,0.07004551065176165,0.07876026357823769,0.08480159466577548,0.08906235559668356
29,0.07171256666283005,0.0773913702215352,0.07159114324589727,0.10603187680504421,0.09827335015159262,0.10269689069639477,0.06977870925488915,0.06855130078071646,0.07712523782326507,0.0950617794145455,0.10786892493934136,0.08543318324875922,0.1140444083441891,0.11783140533304018,0.1272689635969219,0.11903401544588292,0.11834158020846755,0.11842979872343379
30,0.06097045091692027,0.05735156061542035,0.06213977859229309,0.06417506749354834,0.060805637190717306,0.061154404673167975,0.07109278229557962,0.0609337263505629,0.07411251695341373,0.07532632587621359,0.07871597202867511,0.07345416297883015,0.08473915515350894,0.07345667071690676,0.07657127454823295,0.06956346256127384,0.06314148656632368,0.0717096489365237
31,0.2515653052665933,0.2574780729620247,0.24380505703653457,0.32986864843913355,0.35724957670774965,0.35003440450398016,0.45704512329986124,0.41141581199206845,0.4710700001472798,0.42942658888056556,0.4395395343641234,0.4543391812689182,0.4443044584487801,0.4615576815678757,0.4934487649065901,0.5196762460138818,0.5678843791532177,0.5192326212572533
32,0.1477758474899525,0.14810669975515225,0.14482161228799442,0.29542200572052424,0.3228292408903329,0.3022817912164069,0.22591905401239545,0.20764747059855101,0.18959488761692825,0.22882866974042762,0.20508312958093972,0.2044165358246835,0.18114890186121516,0.20060860188099006,0.21650422461601643,0.2154954806774495,0.21263141665212662,0.1731124161352956
33,0.060820733329772766,0.054442076268122364,0.06850179535072927,0.10890148963457967,0.11195954549989065,0.0936833475395402,0.0657341388412483,0.07986878158724237,0.06712906872207432,0.05781206210354793,0.058150528884767336,0.05737379015424521,0.06428064142784087,0.06476468234933194,0.08676526087013414,0.07115391730165924,0.09879477052153561,0.07340374931031357
34,0.1851228948860235,0.18119926493024366,0.18774136908547276,0.20262028170142524,0.18432346087969473,0.22848914147516503,0.1807023529935661,0.1638992116827227,0.17581663246599397,0.2254175024115517,0.24332135632742377,0.24646158645163294,0.23958550418256083,0.26124409432064244,0.2480411598178843,0.2570432238977477,0.22870450660603064,0.28104154863871894
35,0.25705180621170487,0.2518114053949143,0.23941565533428516,0.3493866048880233,0.3682036510627703,0.3607843313870037,0.18213003996459795,0.17140827644896742,0.1934488042130276,0.1656721275662179,0.1656761461664171,0.21836197772965854,0.24907906527449325,0.20469057459320056,0.1934138946774119,0.2566035268092869,0.21239234020442815,0.24917308764691884
36,0.13184074477188115,0.12326374692573093,0.13793482645719918,0.14627635702155178,0.15483365671669452,0.13692155974655804,0.15352893803313802,0.14947381755522832,0.13936615844325212,0.20714329361654457,0.16742033416494245,0.20117947747817197,0.18280457264319655,0.19865225616383492,0.16972954557385964,0.1892541850668042,0.21630552672517625,0.18067433572379776
37,0.18613063303607277,0.15631615553796252,0.1552501665667446,0.18502734057571615,0.2007653095877922,0.18255086050901237,0.23291120656503633,0.20080242779867646,0.21010726842582708,0.22952965637692174,0.21107134868145694,0.22035057663460128,0.290466374136652,0.2640568966658632,0.28359410092982046,0.3069004836373761,0.2710359841629677,0.3215262862104307
38,0.5103790264597947,0.5097743777633688,0.5104254561712206,0.5603462985008832,0.5758291968158658,0.5289515955474261,0.5979505034230228,0.605269512809223,0.5929536799023294,0.5510872748111925,0.5922860427484362,0.5652878319195009,0.486797414095403,0.5158078758855705,0.5445779722157067,0.5380477374144653,0.5372792595435862,0.5479288014985151
39,0.29449375492702784,0.290330573484754,0.30996236715727193,0.49166810070441697,0.49840680624390404,0.4843214416100029,0.22900330042873085,0.17077573300416735,0.19323217639519202,0.21623460528315588,0.2503191694200903,0.1748974145403481,0.2854203202517509,0.2559744622345623,0.23422315266270546,0.25400121187539193,0.27254856801745286,0.26778125279413123
40,0.32940715049361274,0.32852111872033024,0.3226802859523478,0.4497492334651415,0.4412668616680427,0.43209842205361687,0.38339100604735227,0.37759395673139495,0.3437867891761732,0.3347812671053099,0.36560858677511654,0.3536905004433103,0.28468396246627997,0.3148684271129462,0.3026786121766324,0.2882786499563393,0.26500256057268934,0.3228647742563341
41,0.16612156383860907,0.17425770107846036,0.19652146693055447,0.32788640234860456,0.33589828092632834,0.31431346589855763,0.16209210208407507,0.13801730967675646,0.16594958967957257,0.15533446513451893,0.149300776358047,0.21032308830318155,0.19226317491743689,0.15222677222798958,0.15795542498172704,0.15954678203476302,0.1489435510486956,0.14480265577259419
42,0.3445406644382037,0.3828409311037211,0.4002259981287569,0.6152499493754179,0.5674127721914882,0.6250009002531344,0.46468165126920785,0.46404980466333434,0.4448038712751921,0.399124801004434,0.46096701556051733,0.45226581162021445,0.44971636333492476,0.4147162818969679,0.4484268256414343,0.4702485525499781,0.479834562894456,0.4768476185913337
43,0.07637329378297725,0.07733523946832956,0.0728329841747987,0.10205976550991772,0.10900883298126103,0.11250076329123228,0.05814494769801359,0.06327124019984284,0.06387156251318121,0.06121658396416211,0.07052524596367955,0.08573794664052946,0.10494222531559964,0.07004369164966716,0.09446791259065641,0.09808075214967066,0.11161048142188315,0.14369865650375035
44,0.3039728885677067,0.32016841227726617,0.28945175988781896,0.5210234156997086,0.5181536963675801,0.5272895288144445,0.3342305501480112,0.31251702819232835,0.32883092606026826,0.36209852803344633,0.35960421990402963,0.33538773906339686,0.2954456718395017,0.338744142823625,0.33632675272938944,0.39647953106135925,0.37611810736199724,0.3440460754201302
45,0.9224952169308818,0.9160316090045795,0.9449694283468594,0.8887742030654846,0.8928841335227891,0.9042579949105278,0.9236650426129738,0.9506484089289056,0.9574779028559365,0.9515115913079987,0.9427219693542429,0.9387238425412151,0.959689488993922,0.9637960396519349,0.9533467608221392,0.9613176946951726,0.9660271236061496,0.9505435500398518
46,0.15362804282401357,0.11851099387423304,0.1361361874223959,0.2833870883870681,0.2850392213840021,0.26045297075037244,0.07012279340504021,0.14637344947180916,0.09878772791196817,0.10320598124403534,0.11083666503393398,0.1131162707500576,0.14737243997015875,0.17114213141857024,0.17423039909970944,0.1670015335101432,0.15735384783163436,0.2094008945410263
47,0.12695813925154117,0.13222880371481865,0.12813854438960837,0.16679882227166862,0.1898038117702497,0.1893962914618768,0.06491319105896938,0.09810768732982048,0.09250672784770345,0.08064649019022292,0.07984945368523975,0.12750528528644228,0.16211902554010388,0.19888732582999863,0.18951964747707944,0.1480842057425977,0.2252189418582694,0.2571750012151181
48,0.26142039123837285,0.283893016732138,0.2488665346548569,0.45584021435487787,0.48240549162369084,0.44769284223375305,0.26809673679608587,0.24156342306986764,0.23974128540765943,0.24815850209080956,0.21165140505542754,0.23537230722808983,0.25242318464111824,0.28350058385092414,0.2611032701401346,0.3235500054369192,0.28494309343152213,0.27879059685684315
49,0.8206424995390109,0.839943279925082,0.8483469678068793,0.890584804848829,0.9009374311256281,0.8971393836240928,0.8569955796887634,0.8845951861509733,0.8402703583392989,0.8743321962567542,0.881155166944278,0.8569914833666934,0.871216782635937,0.8724232683191714,0.8687890791438582,0.8631394033121688,0.8826228755028573,0.8238760167295458
50,0.19856981357316322,0.20629591218240115,0.21325625304731602,0.3503876841593752,0.35931789319962015,0.3296411408889557,0.18305680713970654,0.22008354601492397,0.21618822632637688,0.27221767066896596,0.26142021382868613,0.29587399081627447,0.3390998933755902,0.2799070494407214,0.2819022415635684,0.27923989920456643,0.2532018356941793,0.28446068999634017
51,0.3892509408556638,0.38582394410084214,0.40544366298999446,0.5737258814607196,0.5797835650313172,0.571095500198484,0.3429582863053372,0.30137064707099126,0.326223891513603,0.35493793759608533,0.20511912792698767,0.3072664534146937,0.2712996972093895,0.30242182080524466,0.2883760162972812,0.2649878004199347,0.29660178832726114,0.31443692417254293
52,0.4277340314284773,0.44526926328675753,0.3957683473222389,0.6136225480428636,0.6254346190582252,0.6362817649324748,0.3860349436301858,0.4189520973624059,0.4153131083811493,0.43112652437965715,0.3766840352508321,0.41840441837548686,0.4068301019927986,0.40924558242535525,0.34803117590163724,0.4034684628196237,0.4331183091789975,0.45098462552720403
53,0.10249895346356863,0.1031683646714951,0.09808909268747869,0.1427337254376089,0.15920712249085747,0.1664711240021938,0.09031263038559208,0.09303561757136286,0.08182155198700666,0.11390269877440283,0.0840712627753501,0.087516449306827,0.11550848982563859,0.10108060242939644,0.12067295024263609,0.10442901587635796,0.10918348940075127,0.10973001596247271
55,0.9681698017688698,0.977423352273094,0.9733776333032185,0.9650900897759961,0.9744466182860975,0.9722272339784295,0.9823631328863115,0.9868185688238608,0.9815550302579649,0.9892225709623855,0.9869510202253944,0.9863013006805744,0.9844945165705288,0.9871556158553745,0.9860422000330048,0.9908710585011697,0.9836742513922166,0.9697397966200362
56,0.06283524957291242,0.05303130089310682,0.06289357118346829,0.15033269849080466,0.14204602178450035,0.1233200096665047,0.1343724111139807,0.1649600846066193,0.12861012067976343,0.11830711984557513,0.13122943435953532,0.10358822707197375,0.09001291556032825,0.11537939670650416,0.13607673416434599,0.1271074024856449,0.13672279247133845,0.13833502880417933
57,0.773943911945063,0.7584211994928337,0.7599738594862796,0.8039421149410518,0.8080850388612131,0.807760950003119,0.680992989988326,0.6928928820033641,0.6796605155473608,0.6861528623474967,0.6857020066974822,0.7305113956104182,0.6024164061452212,0.6567197628096854,0.6275921565422262,0.5511167409302462,0.7358191568415705,0.48508448968931955
58,0.0879753703715808,0.08159382721369643,0.08783158310785238,0.1628604549354348,0.16303429815884815,0.17139145101306644,0.060981925781390146,0.05434878157431749,0.06643682386020221,0.06013981253362272,0.06383710113130822,0.06386619770132643,0.05712379034722221,0.08680080063736685,0.08158057606846364,0.06860022829533646,0.07235483586991809,0.062819260835924
59,0.8027315989028255,0.7652254290580002,0.8137914949010271,0.8341141315774497,0.8397206888920552,0.8440887557502164,0.7641432777572038,0.7213680126635226,0.7278289100970946,0.7365634257806838,0.6808806136601598,0.6474759593270684,0.6420848524460118,0.6458224802192636,0.6393334726878919,0.6977119444137937,0.6608075334668895,0.684015611331038
60,0.8087698794047189,0.800086828809026,0.8147052130855631,0.8687299795829506,0.8746342618266495,0.8815253543582785,0.79243863347792,0.8141789443206243,0.80071660320602,0.8362234139002936,0.8157395840105126,0.8194713842370029,0.8237564573199707,0.7912816699013926,0.8427293568076877,0.8315801248544125,0.8223823130129948,0.8193711378603763
61,0.07363453688916498,0.07610994287903461,0.07621983375415162,0.31838756998832535,0.3421696119751001,0.30376744301976577,0.10330417042104952,0.10213766820387972,0.1059549981249271,0.14261196114469346,0.09922009245347357,0.20176792337714644,0.1424100715571762,0.12060925000443369,0.18659091616600207,0.13977744375367726,0.12486747044750328,0.1573654474813701
62,0.18913651674198134,0.16465526303687347,0.16249569504417205,0.2212580111165088,0.2341688034741877,0.2208742969222265,0.15401330226313403,0.1592714760240243,0.11181573574230548,0.22527839092578766,0.14451724745049438,0.20198712698354437,0.1501266208095365,0.15566143458422804,0.2556536495441458,0.3494291576244956,0.2527590661064284,0.2298587216282084
63,0.34474263175017617,0.3631961934070832,0.3649413399342331,0.4458846586752136,0.4583111873108817,0.4307696518208998,0.34090557983129693,0.3617230589884574,0.3926480912408245,0.4067751013131089,0.41634392273434884,0.39572025731949134,0.43925920888060543,0.42082748634235967,0.4503396382177705,0.4194018502257515,0.42375686175179395,0.3836901467690661
64,0.0880784324875671,0.09152164318528146,0.08419647980108123,0.2116310633284803,0.2028174409073204,0.19448966698794587,0.12350611075215953,0.12928531656726686,0.10718728660445134,0.1502009147173225,0.16334742122564092,0.11927757445830513,0.19809262219620383,0.11770059245173706,0.211596882643412,0.2170149682667047,0.19084685735038828,0.13997048412005852
65,0.23864408210962132,0.22621590411833686,0.19285409127043995,0.3091001356335929,0.3006203847410763,0.2768717571146569,0.12726658726339934,0.10297122364218896,0.12043627441862911,0.16059631051554862,0.12378681745399929,0.16278308665318944,0.15775254940369154,0.19515391024070664,0.12779313394052774,0.17787343157848756,0.14564321665090943,0.17832035745244268
66,0.05423456833843362,0.06327996848689088,0.0609223323915287,0.18508670927277934,0.24112655443679848,0.17351212844237734,0.12062981909021683,0.08676359525291852,0.12415027221472277,0.07828018363786692,0.058129841671464476,0.06613818180605752,0.14368469035704756,0.13839050080324483,0.1588499370545848,0.15402130438184328,0.1467900432629226,0.08740531461454143
67,0.32402398118040415,0.3148821393364506,0.3331219795771681,0.3390060803921636,0.3365171431074603,0.3168512117288776,0.28837152437160807,0.28701859691835235,0.27855802142032554,0.2867583156434485,0.2915365134631064,0.2598043854748119,0.3312167004910906,0.37320241868191223,0.3046654748559232,0.3154004228738816,0.3505138771197549,0.3162695227037371
68,0.034055043667185016,0.027108126438276006,0.03042677321993518,0.057301386073010635,0.053322815813794916,0.050439039299447236,0.0396990770154822,0.03432944160032567,0.04455854159381029,0.0332712751468501,0.03227654740376989,0.025615434201763057,0.04592208249272267,0.03190630020211926,0.0339329468969209,0.025216296287992043,0.03142422809050579,0.02786333767748099
69,0.5491749369707968,0.5056645860283099,0.5668287704218895,0.6328984515754942,0.6124488286453807,0.6500333803416656,0.6214246818894061,0.6319537057391401,0.6541144374369379,0.6456271829511826,0.6433579393675033,0.6125310137354335,0.6139658243788466,0.5879241155742884,0.6179890818321222,0.6574401615860896,0.6255106981250378,0.6388531141260343
70,0.11193664934655377,0.09850862395440703,0.12809621462622695,0.14946552989193054,0.16614070143612644,0.154331290038118,0.1001996114518379,0.08987190299655652,0.05718962968463046,0.12622263390851943,0.1262536019139221,0.09385149285681867,0.07048762319099532,0.1241582011015073,0.10063448976479888,0.07535337579059327,0.09349206256778111,0.13612452553443177
71,0.05465296183531059,0.06379346619251026,0.05736134491055794,0.12461429633560868,0.10669476223874498,0.13053440916875172,0.0594074714120548,0.0625187253167972,0.06772364133945635,0.07542560930771748,0.0562539143045585,0.04867133952080774,0.06121208577750323,0.02956401289005158,0.03875199874736951,0.05879349315666583,0.0438488072816419,0.04580731647698704
73,0.11540984358188629,0.09577960006408877,0.0879506969300208,0.1806220248721481,0.15962068351296624,0.16803793900781466,0.05005856631943453,0.055434372072970584,0.07287973428201364,0.07101653646568053,0.045320270650439046,0.02915045235350724,0.06313199108140854,0.049160679477316734,0.03892845408396675,0.058051009498995006,0.07022304295867973,0.06691290856588067
74,0.0708174316648657,0.09571616934827103,0.0877286716942832,0.26654107252144504,0.24632772336663616,0.223707436722491,0.08343989865761577,0.08136776528719133,0.0725552602458698,0.061475547366825666,0.06049344334212344,0.06168414737151284,0.0725105012545016,0.0471432724278447,0.061689476247058554,0.05689096490147352,0.059657777963298,0.06789523499812407
75,0.11888656086683344,0.11239226094793707,0.1114602246269143,0.3563867390983717,0.31187750392552477,0.32111893897477506,0.1474555647843427,0.11468728189439815,0.12172206306080624,0.08138396604643211,0.10050002780664473,0.06820338073817037,0.12064427054988555,0.1428663663828575,0.10692635033349263,0.10370093156288739,0.2114931099325912,0.08698319995105795
76,0.06843845975728262,0.047984281846235696,0.05519271517755914,0.06618548102555069,0.06714948520026423,0.06557374477101585,0.06041402797986142,0.06740124621091152,0.073763361618648,0.08673102990331191,0.08620002280367328,0.08698476489417184,0.12424225871659789,0.10884817507836642,0.08142768748538469,0.13526882386843334,0.13113534705049268,0.13846820984051977
77,0.08601516469091282,0.06252297609009685,0.06100677057751782,0.07975507909781432,0.05212843085532163,0.08109227621152369,0.08514139457068223,0.054827634552893516,0.08237748591776176,0.08229724315051248,0.07915076967713669,0.11886778284364667,0.07419693537594613,0.047221630016581674,0.06232050707451603,0.05946621975346295,0.09302359901996542,0.058937867286329756
78,0.04663624786246154,0.02335666629562787,0.07621913681407236,0.12436573097958399,0.10358804144074683,0.11156672294859954,0.020544993768366736,0.03533236909585911,0.07255622224744745,0.07385723387507752,0.033072817265099703,0.07967821379257378,0.03497246378618847,0.04505538393264348,0.07722690832917208,0.08257215193235067,0.07859333989784498,0.07776797743913692
79,0.007016667031695455,0.0071453825947713975,0.007357199878690553,0.008499643276520245,0.009567153728925313,0.00816340463058817,0.010113343309072428,0.012993870097540813,0.009851745139053817,0.017846671004258907,0.012057968027132078,0.00968011200229765,0.017639750902786282,0.01200444316012043,0.012583613227630663,0.016096534776826977,0.012684603694373292,0.01227780469137311
80,0.03194096932746296,0.02594122021926768,0.022890266390680335,0.1571795359988228,0.19431185737190282,0.17294380502457604,0.051102133244796476,0.042619592485050053,0.07379859963806938,0.11479282298766585,0.04868378617832313,0.05276408125908023,0.044834288473746806,0.0538315855665289,0.12936228027990565,0.09923385195381529,0.1666240387635055,0.261402247746689
81,0.017458512567212033,0.010032278844578219,0.015087623392755673,0.011634682263198188,0.012033125768767134,0.013785542356206807,0.014356179190406972,0.01243456271680264,0.01314563925843741,0.00989530346295459,0.010797517180543356,0.00882145586286702,0.029410687533604027,0.017927048018615797,0.011650360824622613,0.026949243033492366,0.02497517155771259,0.021342738516812204
82,0.019152396553283244,0.018059747223562194,0.020158509902937154,0.025227698947689343,0.021107271495848217,0.023161254683054362,0.015637658325616734,0.019955155611085757,0.014159479556726667,0.025597798722556495,0.01937138986678213,0.01606067538272534,0.02207789560908215,0.02117357129050932,0.016896694920974682,0.015239470265206152,0.02393881506979495,0.025190951562024673
83,0.4116494837612103,0.4365092038561525,0.39012150600472273,0.5723769771114555,0.5161450649854273,0.5153271754914517,0.39503209011186174,0.4022383351557255,0.3597654942335671,0.5396865355944034,0.4515866320122569,0.35985040792027534,0.46111543503709934,0.4134035081551947,0.421920856519291,0.5101121025592299,0.537744008225054,0.5179788972093423
84,0.020678250505162574,0.023183800322290456,0.030852510474129267,0.019389051157912705,0.020339254994545846,0.01959414655976676,0.019390936119508487,0.015571453970527916,0.018038809939406746,0.025727826924207584,0.0180381680620864,0.022891669872042737,0.040860221221441145,0.025154832326322197,0.03318320465349386,0.03009511034337944,0.02211465090862819,0.054550496243679976
85,0.022488213552245145,0.02298791453085294,0.026752808074780747,0.156064226943045,0.13586052069798168,0.1413500149164049,0.09054724868991079,0.11155631130843212,0.06746721455734139,0.04879051943143199,0.12975389182515817,0.09069812748841614,0.14129743882193438,0.11759552637415002,0.15820526696654974,0.295188279366371,0.07989965444704608,0.13129054030916415
86,0.24375598447985372,0.27337794432712414,0.27410892198415515,0.4226028344201563,0.411948103518061,0.3947118708829613,0.2924983795305102,0.2977709662881362,0.29881389828411686,0.3500058029376932,0.3606741623373954,0.35388237992955063,0.4166228364626188,0.37175900605424905,0.45493898886763534,0.4914615408864865,0.4239715672952465,0.4385599479681274
87,0.13957379028230762,0.14722976321222944,0.13745817022713042,0.17304081549474268,0.223258379289464,0.1586944028388942,0.1948364930409953,0.1851485323875988,0.20686346458347293,0.17291227234170234,0.16675441660261328,0.15740316477525887,0.17646047303024828,0.16613488943092758,0.16491973730406986,0.17264913745599622,0.1452737590231636,0.1330204412808252
88,0.07199563196802525,0.06680697127355699,0.07159958684823585,0.05002472271172338,0.07953734092161936,0.10282340644532757,0.08714432973760086,0.0766525758983604,0.07348186226503406,0.18232855602557396,0.11084462082085178,0.11294860805667627,0.083204606139858,0.10985193762792618,0.10609245313240846,0.12767763584196484,0.060660174359956916,0.09739520730777716
91,0.026296721890577628,0.022669589464561865,0.029543665112907118,0.06500138065450171,0.06714820369347918,0.0817772023870752,0.10209178159269373,0.0608987017475822,0.08540339190171962,0.05838825066334211,0.09597042095310225,0.07983729970869789,0.10124295246080317,0.056567333277787846,0.07260212168028962,0.08361163121878648,0.11203091384432165,0.0547833960002151
92,0.1632659359971434,0.17550685105730787,0.15216371060492132,0.18653135686112923,0.19520827665670287,0.23143674949570206,0.12943762544568635,0.1347424507415736,0.10290735048302325,0.12504471831938535,0.19187589935148186,0.1337466754961088,0.17752257087834972,0.11081700907781908,0.18578248130918004,0.09610388012180286,0.1237326336256566,0.17849166533206157
93,0.17767039486922453,0.16356190556863703,0.1670993552516752,0.5779484191372324,0.5780046772486386,0.5673738338309203,0.29980352721966513,0.2910796603483344,0.33848252358046094,0.35249338120513185,0.25759849382548733,0.21402698219682637,0.26349067021683686,0.224391687748379,0.364662554272773,0.43580762347176255,0.3279289543566538,0.49433972914828456
94,0.2856153978877663,0.28924245679253546,0.278194385876896,0.6363821936223867,0.6148196048958696,0.6350904426163686,0.4015535568378746,0.3647849402146611,0.38066380510040465,0.3067450939470505,0.24961659728991115,0.2863412639108589,0.360838336069312,0.28119784035754675,0.3022586028880098,0.3123362649914044,0.29090876861161,0.4109494429748717
95,0.024480992822718307,0.025941167381770422,0.030973924989356003,0.045974567741352446,0.072533310887973,0.084170076518152,0.03552488845378266,0.027842791934577615,0.03911508961921079,0.02408878782543651,0.035651981953166156,0.03997031146239925,0.06553461830457565,0.05288773346280122,0.02534026893808838,0.04604728971892559,0.05804727533378162,0.049736137288420475
96,0.47351630582723003,0.48614313051061664,0.4805643746599041,0.6608382866835055,0.6642912394335986,0.678650286166451,0.5432975563989719,0.6156476583745858,0.5160605640666052,0.5763214100233267,0.5453189966956719,0.5886995209174014,0.6316289878045808,0.6465867936694184,0.6453006392731657,0.6491899731098658,0.6945203194714242,0.6757241755902378
97,0.15009384208024346,0.11094919716562254,0.13827610455743883,0.4066817109437756,0.4259354172353151,0.418118711435183,0.1628190550142161,0.14021837428764192,0.09403451974003504,0.16300409298330024,0.11315362943758894,0.10941919309209204,0.10927947055939405,0.17761622789113177,0.15007170002908166,0.16093585016249323,0.20577248089203873,0.21493208149032206
98,0.06300576735931195,0.06334860531633224,0.06683386476296947,0.2652051036573157,0.21043880222354674,0.3113881832489472,0.08132389718150708,0.15966906290750327,0.11529532923951759,0.10447220065913419,0.3039935371329351,0.12605275717766795,0.23051874675067627,0.3303092592267947,0.18175699874566012,0.29073139849491475,0.4287994605055992,0.19773702853301817
99,0.02971475336405845,0.025199318376201558,0.02498519350835011,0.05930654861075487,0.0631177013870702,0.11527253565837568,0.19344091993779478,0.03791660541780907,0.06935213507193333,0.029334025923783476,0.04195338605607607,0.19329527067154717,0.07690288224126533,0.06271941954368358,0.16084675745524177,0.09679069711964448,0.13478809085997787,0.26387925799690504
100,0.4842927226179977,0.49441515843175543,0.5141549442505016,0.5712387979507426,0.5877674938549623,0.6003485346471287,0.4752295896498488,0.5375958157723268,0.4630842534790439,0.4601025520428923,0.482469458610445,0.5230614078121857,0.44992161334965414,0.4635133375798175,0.4974556225004282,0.5115286478237985,0.4830607465303137,0.4967890817789464
101,0.12270706083751311,0.11647673370557345,0.1315716848266553,0.31137895456471787,0.35672909182753193,0.304297084702929,0.14288778312230752,0.18490297727200622,0.17739762842280116,0.1874411959099534,0.22736521526495426,0.1948660942834454,0.16953740876268036,0.1946819203906396,0.18696177923055712,0.22553537953282762,0.2444055942285647,0.2598906114447718
102,0.040065576087106924,0.04142797918446752,0.040782096590525736,0.07143772775316955,0.056841360247672154,0.06030894998044941,0.04405556735678687,0.04802891083065805,0.052775373824337536,0.03639644230366548,0.058658168902831105,0.044002195197902216,0.05537037430746178,0.06331520776044845,0.060347239833530714,0.06456342455240087,0.08204635063795128,0.070557437694617
103,0.04918145994036056,0.043382387783236755,0.04634355649423123,0.033748244616194516,0.0323933017203348,0.03390503212115656,0.04778440205731907,0.03266849225192773,0.04107001151016605,0.036733746607455195,0.09431813363207182,0.044848351174117305,0.041369597895057494,0.07763250785515032,0.04042431259874027,0.03875348880208698,0.04230044424912674,0.05198485407669613
104,0.3172082460380733,0.2890308107301894,0.296161121936783,0.6642922236721233,0.7258243438976281,0.66604445151745,0.249920747165927,0.22436646860643528,0.20234011050270556,0.20053035243490933,0.2035817659257512,0.2159052783034333,0.3224512421458138,0.2070845519932967,0.2043979759742995,0.24246094620310954,0.2386303828661927,0.22184902155068753
105,0.026458904600657675,0.027494298707599524,0.03442622097923822,0.0651870043791032,0.059431920944355184,0.07792169676902733,0.051472723700131534,0.038124241118398634,0.03938924972453157,0.030658921785361625,0.03234926846441634,0.038145756489566834,0.04660791809574763,0.05389138617518439,0.0382356199142529,0.05173965802267117,0.05191998627037682,0.03436786222966167
106,0.13960806485112592,0.14461443028320276,0.12291881526745489,0.3311508119197834,0.2340543708323794,0.3302448048469077,0.10758911748634986,0.08131358104996535,0.08977265153150811,0.08909627749857002,0.08996677524883753,0.14255445133683312,0.15204710269264346,0.11949738107575171,0.15754189199909366,0.14846056873582825,0.19871144215046466,0.16436594378725802
107,0.4033385581185678,0.38935667519809775,0.39280096493562117,0.5183329944869741,0.4870054801300544,0.49068456500056534,0.4368813215304928,0.43141790833895544,0.3623441368503347,0.40296888871259123,0.3442276466920119,0.39032096539465827,0.4587222305494441,0.3980570280513063,0.4946583237692164,0.5018267793757509,0.48264375885647876,0.48524620879616503
108,0.06161391174485802,0.06104093250579776,0.06197481355705279,0.058082970402264254,0.07214325837421882,0.051236787782201226,0.10413440660207844,0.10826241359613956,0.1818103263155969,0.11091365500608752,0.10058528190368293,0.05345591839098705,0.21155158113022068,0.07864597305670754,0.17605794660529941,0.24169894873114556,0.16236330986773193,0.22603968947697384
109,0.23239001835172152,0.18594689534937814,0.206518298107841,0.4794795858365342,0.46639438474081607,0.4730828074901691,0.21780317370440008,0.20309093048189136,0.1869644893676598,0.25720826994373175,0.2638982705258467,0.2563726534390903,0.25747414048324907,0.24069890722454965,0.15093713584867494,0.3099134459689568,0.25324775744703043,0.3411370780297697
111,0.13151026587706985,0.14622497166430426,0.1507701128861888,0.4731852153664727,0.5235649103615122,0.4805381353989098,0.128235879827227,0.1365427572624792,0.13733438883287416,0.24674076452868743,0.1715126487467479,0.23054426408353032,0.17345353851370587,0.28882297801644624,0.2529348350122716,0.35723643835909014,0.21647134775905474,0.33776882092897464
112,0.017347416329482643,0.01846119650313684,0.01970880901580906,0.11390366016929569,0.10664874875104076,0.0847597129148038,0.12320760771224415,0.0704374119372217,0.06258567572597047,0.11910943807117627,0.048176315874176374,0.07614983839444353,0.025289044238145632,0.03542779632755601,0.04235728138120077,0.025079740114607597,0.03456461222323842,0.07090935693832405
113,0.22376597258702402,0.23549105240326043,0.21928694582988748,0.4244447080047165,0.3723155352870375,0.38415809675442,0.19652419683815303,0.1965146899747178,0.19688254423140708,0.21681479698132144,0.2049906437434263,0.2685692596563767,0.24071691296881473,0.19761611251915015,0.1848721055682739,0.27039599777701,0.25704418219099007,0.21665987996297734
114,0.03407016118897293,0.03155943094495002,0.024577913981469628,0.11241271001212241,0.07606456296223821,0.061700912160470536,0.026112144105024937,0.021706795974157818,0.02767437339703432,0.02239956568972457,0.020761873570867225,0.020983765313120403,0.036859096065966546,0.04856019897264793,0.034816296607957764,0.06819611155042725,0.06942439071714623,0.06050015680202993
115,0.043453189405520704,0.05061232299165602,0.04155760499543442,0.14321291536212796,0.11126323757441099,0.10575167934669784,0.133703701154955,0.2293479169779913,0.0646831240410062,0.05190505658837526,0.05671282723564174,0.3203367547695316,0.1011850427959084,0.11461574499910564,0.09115060322002246,0.056890551566632634,0.06624224157851949,0.059291555187023025
117,0.012917119162426011,0.0112950727262193,0.012205892372027129,0.02811125662004842,0.02836338755999942,0.06620089531286599,0.044058702822983645,0.02799738181626076,0.04467073951181387,0.023065530683195123,0.0373579692432743,0.03249806534664355,0.03212691000570951,0.027579624877813978,0.02817144070275257,0.03144544671646243,0.017440956044401375,0.0782552430618039
118,0.21387146193018058,0.21668373068511448,0.19474920730340659,0.4750188507589707,0.5116978148703991,0.4956428416873977,0.19165506065660481,0.19330680330595104,0.20189997583525954,0.26934115580450163,0.3157051173911317,0.3398111715183487,0.305506781964292,0.32551003965339553,0.2511700852404413,0.24382157139487906,0.21690111220530894,0.2219328106624812
119,0.23711401164072834,0.28107304182566234,0.27226063057702343,0.5546955802575517,0.5855245050856543,0.5894157684840017,0.2909923094762164,0.3122236613332347,0.28042579310753885,0.28400526568332,0.249810040107617,0.30602881215470484,0.2862484483104127,0.27246907572247336,0.3099110315894736,0.3469074314732474,0.3900252765203055,0.2687874221774833
120,0.10059993540228963,0.09787249579597541,0.1033452385513679,0.2588638298082366,0.25094374642079914,0.24062063577838402,0.053836747148439175,0.06170878833057971,0.07452913027781294,0.11454420778611896,0.07915323977726264,0.1060983862791553,0.07728963508525327,0.06349108290848499,0.10206145529684782,0.1279311098116797,0.08127794717211055,0.0903747158633036
121,0.09109052582790984,0.06507631829253793,0.07949091918132445,0.1784071839100745,0.18380427778433026,0.22879180993434517,0.07639073594103196,0.0922943649592146,0.06870914710810469,0.05944008788904406,0.11788053906632807,0.09942472222639498,0.09170327103354088,0.11581788638567847,0.14421324597569443,0.07354939316111853,0.09062633340621118,0.12063496851282064
122,0.12389539959852104,0.10842849303370417,0.1295701073365125,0.5608151094219853,0.534044411298055,0.5074205227679696,0.2538048852957443,0.17152845132612712,0.22246781513336766,0.2152928951158624,0.36193671097584157,0.3069635937542518,0.4288798497100206,0.3692523181915038,0.40902987022182213,0.5139247701047398,0.4464627203731167,0.529331304362254
123,0.15521296686619124,0.16626843106741865,0.15317025404456544,0.2698430294646164,0.29168797853557243,0.2894775662451622,0.23748756697716045,0.1867545473271194,0.22049055434502654,0.1952533546589253,0.23361843688845935,0.27946408091118186,0.19180902676853967,0.20287574701391595,0.18484357104229113,0.20120147378056885,0.19422115096952033,0.22221795735025382
124,0.1739440132652123,0.19643745756581094,0.2174050062237074,0.25500026297208583,0.2422630033866411,0.23102538918498994,0.10609719267592016,0.11361934061597871,0.1605415723622596,0.15990336540427405,0.12976063867628596,0.09938175355121436,0.12173750838779049,0.13508267743303715,0.10035222123042718,0.1621703862796496,0.12623220345361172,0.14475976191224718
125,0.013860192916465165,0.011326296418043195,0.012338016430141251,0.019988002263350346,0.03011311535216427,0.02253380939579678,0.014738132699879492,0.011063267205957012,0.022424396716006538,0.014540305078897656,0.014880617459376423,0.009598385034210287,0.02130760157417266,0.018651164095560835,0.031371374260911404,0.018679743227651226,0.02587493875949507,0.04988384659005066
126,0.01789277991079871,0.01575573888844854,0.014485498175725116,0.02644834331815456,0.0252888940409485,0.05617756516708209,0.029406874770971675,0.04815952857728646,0.02768742491980169,0.04400868925561285,0.04449630345534722,0.0508729119761283,0.028874346366650618,0.034418045156938824,0.05089093826358252,0.023477857333555223,0.025638034488750825,0.028375284245532546
127,0.03815858541894554,0.05655427362748587,0.05375054314131899,0.11208276685214583,0.14403022766082835,0.09022795812126991,0.021561949930626496,0.022983830351165715,0.02780252893060904,0.03044666818149703,0.038760187955061545,0.043689964462505206,0.0321548855762198,0.033798684033800146,0.025517385509175473,0.10567098449650292,0.050982772518211546,0.07222519735144539
128,0.016995422570270754,0.014796506058222548,0.02057115855889734,0.15437693701163105,0.14677374228492301,0.1472844221327444,0.04280632846187509,0.04892608079169833,0.04228485897595808,0.02296531243601833,0.03728917021713111,0.04183494205974646,0.03487141583405306,0.047159714318047816,0.012981434681073756,0.02028069746695692,0.013264657639481122,0.01049763951969415
129,0.1142021685366522,0.1281860244744303,0.1259230285438579,0.20284896926188886,0.19556954233015478,0.1984892486675702,0.1249667759908037,0.11502173242851145,0.1270856807640194,0.21632145178781542,0.14719780482147363,0.11107991243206519,0.19551191300752377,0.16359662773126582,0.1806553448418017,0.15620355528378885,0.19709536713707207,0.1953881554363558
130,0.31811937309413174,0.32206462668682967,0.30432329759226573,0.34792950022236385,0.34527410605129305,0.3569717079953132,0.36189035612001036,0.38297699056927986,0.35083115929477443,0.35497747735713825,0.3419639759869697,0.3408959711023447,0.3607849819851416,0.3904873663166115,0.3717259193099236,0.4553825655109588,0.43993522256216494,0.46158214286386423
131,0.16327376399790958,0.14960306626505737,0.16920506560243628,0.5078921556165684,0.7855748945147678,0.5356267999074671,0.2819053118400603,0.23119822656339514,0.19206469217840272,0.21066701098644203,0.21512006070195722,0.20408808597663086,0.19452336674399984,0.15093167753560116,0.19342285574298917,0.31293968412323697,0.180588754944332,0.2781323229921724
132,0.29420349941168294,0.24172401867616938,0.28012667686372855,0.67007654235394,0.6717208366888541,0.6684625109799922,0.22555555264962487,0.18489526071177903,0.2317898821625591,0.2027825224909644,0.2430941880096543,0.254228376197521,0.37136874776074097,0.2840394045992223,0.38273567804047026,0.28565260669344394,0.2339311905215362,0.28579132803763274
133,0.17267503051805064,0.14456740468910445,0.14147561562906003,0.14040612897354476,0.16299402981224217,0.2678135793914884,0.13480587894833498,0.12959026740494706,0.1288143253333632,0.1322336070674578,0.13264334743915587,0.13219558149052396,0.13009858478675138,0.07508921857870789,0.10791756141991711,0.15180568815588072,0.03759074268113481,0.08491549747313706
134,0.01892632731004553,0.04441437438601114,0.016929032853846986,0.025821587744822086,0.02722116579149265,0.02249446145189929,0.01607218822384891,0.02805645293413165,0.01854382283497799,0.013966303823495873,0.033065830498306505,0.05313484053818869,0.05495113837113173,0.032340778347371216,0.02743735162525411,0.04679080384797325,0.041666919911233,0.05558361758231124
135,0.34317050981976926,0.3002160715681557,0.31316527245726167,0.525597723179147,0.5525788009316718,0.5729107578952851,0.11814102418359664,0.15733290310642445,0.09134861737071526,0.13783580918220806,0.1274805635902579,0.1125868678473153,0.3059131294149794,0.16678322527036235,0.13932903381019285,0.18333734151153872,0.176215394121929,0.20935385565792325
136,0.2698338371413285,0.27141448466813606,0.2701853908402654,0.43572032797329224,0.4396832226369043,0.474314056838789,0.23566338804048367,0.2431067235587991,0.18904170190447925,0.2715779367418213,0.3401710621535804,0.27457705068427574,0.26862939638627903,0.20830321196600146,0.25738097614802824,0.31633198055468037,0.3936818663804461,0.2934043489172619
137,0.09168819657976116,0.11101018813801147,0.1024060824629343,0.28310450697904727,0.31257372574370323,0.30196385410051985,0.05912603004792506,0.05171801985134948,0.06528119626564279,0.07019059444505266,0.06451561576473583,0.1043593854166033,0.06293540913063782,0.059331598779960984,0.06256122109376636,0.08825868078810815,0.05987336172341812,0.05850265946649022
138,0.1982529422864256,0.22020261299194957,0.21499069953035999,0.3030338216926443,0.2712781643100343,0.2796586394991134,0.2029826803110735,0.1793684836801677,0.19590413796648085,0.19456482257128543,0.16086255059712648,0.16391926963068437,0.22991519533482424,0.12196279898568095,0.2218395600175426,0.1519243014830716,0.17023843786633586,0.09816694017751039
140,0.29246700889505656,0.30496949121413697,0.35371283909899537,0.29924588914156786,0.269140622452417,0.2840242817087883,0.18635188390688676,0.17746332930949327,0.1757469593029203,0.19217739438487363,0.15899445777578977,0.2964621399861395,0.34152682282639685,0.3280035731825764,0.34636146493825665,0.3967737707863596,0.28697433599136607,0.34216900939800615
141,0.1291416253972853,0.07837436411154812,0.0930735473687106,0.07495358388184502,0.0583071819591919,0.08712384018082929,0.02085474197966594,0.02057758110365664,0.019704327324053434,0.01719639364022902,0.021060736389669373,0.018418237740014262,0.02591228693311064,0.029906075833344932,0.03575954043872556,0.01970283620790102,0.044826018833809635,0.046490516106535075
142,0.011689494563380833,0.009459160319090923,0.01178524652282778,0.007515014253134916,0.008238174081607465,0.008754859792834266,0.007803664375423095,0.007021605543004999,0.006783446987740267,0.012173008237629708,0.008255762479196797,0.007225875823818286,0.010303699686789161,0.00968275935026053,0.012196583201313602,0.01032246917102488,0.010621599530409257,0.00914282985054117
143,0.15077981013833566,0.15684477481697942,0.1444382017986218,0.3811885958043032,0.35472620659137516,0.3279912035613583,0.22119962014609454,0.24834051554355022,0.28927884630085565,0.33517366897291806,0.2518036723136839,0.24610775400628468,0.3739263824910925,0.33467653195263714,0.36934190468150085,0.4152862322053392,0.3741536400920098,0.4524432968929018
144,0.009308720529251472,0.008273124998557804,0.010091807926152486,0.021342679919379944,0.04558941684460668,0.02292141043605738,0.009635482595800538,0.008857288181585583,0.01352642925744551,0.019778874587191735,0.024261278419589978,0.032434210458425386,0.012347896542044625,0.013731606445205153,0.004168798617181965,0.014911164869185376,0.01017213174721098,0.007352691185097067
145,0.05364285608942928,0.0746593299412848,0.04968313425100605,0.052288187269610154,0.04252813156489958,0.04602255116997917,0.016042378437182182,0.010850041987751137,0.008474081795102034,0.01265004206904292,0.02259914604048111,0.0310967135765421,0.06397495451701501,0.04911581433147373,0.014954047865012397,0.025552777558326002,0.03098101994385797,0.08419799415555432
146,0.3049128541398845,0.3340753514508453,0.33378584033115055,0.531009254354214,0.47595024284319587,0.36489254605511995,0.3952787533148671,0.17481573128033145,0.15569181148313282,0.19868705149581348,0.10755669228472049,0.06389193261666289,0.11035302496523185,0.12233948476458989,0.10218168550277497,0.1963127967585784,0.15206348982945214,0.11947937040222206
147,0.022410541592714783,0.0458234522778748,0.063144448855295,0.14596085394180885,0.17966609221997984,0.12726392247458215,0.017505749844884864,0.021323431011525888,0.09771358801851425,0.030720582503947047,0.0453866683896019,0.033045457465525924,0.04597415728482492,0.03841445259638006,0.04058519258532366,0.11981936777085049,0.041349056398406484,0.08992483207509085
148,0.15123146045916339,0.15304037213493424,0.16622676233392464,0.43515108402540054,0.42850324470324797,0.3991241284085065,0.16927323725159815,0.19780747533640183,0.15818775304891353,0.23290869519427196,0.14222674791755882,0.1935682406298522,0.3817036306720045,0.27224603366599237,0.26744030679046016,0.449652108533303,0.37015489176905864,0.31078024155982914
149,0.031676040029864294,0.029671107334382624,0.02629344431127796,0.019656652822025174,0.01729866590871594,0.020274861570178486,0.020667624112092504,0.023050819009331546,0.01994123260790294,0.017896140995156767,0.02050975351104746,0.015956972713593958,0.017042215999351382,0.02292620363413578,0.01657688933805507,0.017421237754415397,0.01798885908780913,0.019335897057129098
150,0.40567279860133265,0.306894712298356,0.28671473673757214,0.6452856514900936,0.6434145187239078,0.6707028081210641,0.5189915190148199,0.39893357095967963,0.37957154320534503,0.3826013206864484,0.49745712750811794,0.3249984827299842,0.5675438094409271,0.49892273430438583,0.25978565374376045,0.41630800612290064,0.4397611020546902,0.2690928565245972
151,0.0865773757362894,0.051849063891630694,0.043121292662666955,0.09310732029139754,0.11333696258189947,0.13457342089216787,0.09889819570651753,0.039268595657480164,0.0673620774191797,0.054174083334117,0.07215420901821562,0.10860012916639343,0.07467175156010725,0.0544562706362174,0.13879412143535882,0.0725917350868118,0.10845634113849409,0.07307216811440186
152,0.06783764361459754,0.12046306074493666,0.11753558441341551,0.20616799234584243,0.20760554571211778,0.1167604618683507,0.14578352040356293,0.14475691164515306,0.06898300803562471,0.19368493451770422,0.13265923518795875,0.21175434048726594,0.2686810415529186,0.154045432296941,0.15590846558936888,0.25239958870649476,0.18950378559648626,0.3054203675936081
153,0.31779933066630656,0.45860969817169545,0.321428267992626,0.48841980314739203,0.5499161961636273,0.6321775900333293,0.2509741632361329,0.17388499662949414,0.21292638592202306,0.4483912480457046,0.34215040444649675,0.34296355816934276,0.338125286240326,0.41669422051502003,0.4454881826316016,0.44478027860964015,0.40856420922362496,0.5490859386205985
154,0.051646759742393494,0.03611721996497094,0.048260644735137595,0.04179155423096916,0.05522712673434887,0.07755017380753056,0.04151579383315151,0.056125067933194175,0.04904864023348817,0.08100775274197311,0.051491646729105674,0.09992583846592705,0.08925441829784093,0.10131379316369171,0.07826116483326166,0.06457818816748373,0.0657336871838095,0.07271946953716296
155,0.03522366892563377,0.03252681728436807,0.032919478570411546,0.03914849037077294,0.049671579022702604,0.04522880589902698,0.027912175733098333,0.01921739593660407,0.030382705939855082,0.03492913889137277,0.03340925239504167,0.0458499415980746,0.03650420259377669,0.04555248193440676,0.028175956136620463,0.025526694569123983,0.02723662425803196,0.04276863250180409
157,0.08813138539418927,0.08948757645602907,0.0823958617561351,0.3971219630457933,0.5049055102338069,0.3936904439916739,0.20600509022703442,0.22119007520593845,0.18420643185731225,0.15097138398225327,0.19527403264561174,0.14806507054033358,0.18928468833616563,0.17518359067449749,0.20467576818282004,0.15266053840475627,0.17050146527369037,0.17137828694498228
158,0.04649646513510882,0.05433245500981795,0.05558942529190297,0.10542486687634708,0.11489404914336328,0.13992638915623629,0.03770700163178841,0.07760281278417659,0.018259223482366777,0.042832644886259756,0.02659867963422887,0.07090470259750288,0.06100689898557611,0.07583033092352351,0.028370215631876,0.09712928571016251,0.21271178645747496,0.17973397050474865
159,0.3125487841821101,0.30834831612145275,0.36188035828957205,0.5387271710333622,0.6034739511442987,0.5902913781610092,0.4643257058118052,0.3562905884402551,0.21642237326678013,0.4286912163253547,0.34763304879074475,0.28641409141024426,0.5354234227287118,0.4682721587120043,0.4479116220301102,0.5497095027495649,0.5563902462291102,0.5725371798247549
160,0.03548815215704565,0.026861793346890213,0.032591786003073955,0.03804129741774504,0.041540671605233226,0.032061421439797476,0.0360800037371068,0.018973093041447207,0.02914797384644171,0.019773205428571316,0.023002235393669933,0.026158748494408073,0.025126637622319484,0.020407308809960688,0.03668259156607441,0.019857853674061485,0.05258868036207243,0.016039734715717766
161,0.19991378473556312,0.21263641821066387,0.17510453482094687,0.5478833528438911,0.5235085337200495,0.6213720361954449,0.2986650337712838,0.3899847843569803,0.32544726795023265,0.30284116328211536,0.16645143963159917,0.2754515795145806,0.41138070965512213,0.26997572560905964,0.3571270798626491,0.5484421709017344,0.44646968272109344,0.44457900416828067
162,0.2086816517698176,0.23236710908412578,0.17597381223697367,0.22535845363364898,0.28911984857315415,0.3545487600446002,0.23444934157556047,0.23905993460766897,0.20196255615004247,0.29830726048440237,0.3037249920801312,0.2679747836800205,0.302909065152751,0.29278487377855816,0.30247656038681725,0.12109801173170275,0.32777002298835456,0.2862338556986962
164,0.16107802595829795,0.18817483465547605,0.1541860965265536,0.4664337253741076,0.45260115976523585,0.4428221956136242,0.23034412526392736,0.22549046507072132,0.2359209760846859,0.29503033682929647,0.26672452567896276,0.1589942098187687,0.1956859498640389,0.2796846932317613,0.32076524917888494,0.3488929494729451,0.4117027915136199,0.340960192516
165,0.10141310546581861,0.10565294678744791,0.10593925724100996,0.13323406222663578,0.11395167066162709,0.13170905905553754,0.09312094272892259,0.11288858450047821,0.11602647676217555,0.1060290999936832,0.0832332682094596,0.045444133048518874,0.07018606414185699,0.09971005357406668,0.06366625967238665,0.12694617379134035,0.13208431684550365,0.135839220888208
166,0.08608597278225466,0.10703632137274528,0.09732711515817886,0.20400490702137045,0.205944733129545,0.1960541894903416,0.21922730483703012,0.2573694262207,0.15408944447970116,0.16465841645952062,0.17394224739631237,0.13872796160503953,0.12314517767839697,0.1280097746722774,0.11734052361694125,0.13192851572389772,0.16631170281536364,0.15604324177122214
167,0.005677579184586204,0.0061430135227346205,0.005689956943214482,0.009017071994145956,0.006477895392596244,0.006378782512440328,0.010644874800250448,0.0065275332981691485,0.007203984233432998,0.008081304128701556,0.008022459149629619,0.008357370496221758,0.008358579698238144,0.005931754440790405,0.0093490150885314,0.00541826763589749,0.008248487795160594,0.010029180108664633
168,0.07191187604692548,0.0707595849492519,0.08091351322311324,0.3999897119607902,0.3143640313991014,0.35467172212507847,0.28211324063586385,0.3192530181873547,0.26104086262169635,0.2479135401120875,0.18468370733738487,0.2500597969374086,0.23888335718066722,0.21759612967107897,0.21535088042806771,0.31693483716577897,0.30037794581225197,0.3311664175738255
169,0.32990615371050963,0.33709990124496536,0.3545283677187911,0.5016257368671974,0.5071354624120809,0.495842501710603,0.39849003903917496,0.4135422176470616,0.42553381125606804,0.38171631814483303,0.40518134999390476,0.5247361388981346,0.47318198444308046,0.46850776372666,0.5389226979730598,0.5788274304119876,0.5512653897762377,0.5565922238803659
170,0.02892892203411826,0.03491092255488647,0.04552010472327628,0.059787446102979334,0.05467353138147065,0.06772541710970746,0.037774188023994106,0.035264863180476114,0.0266037847057661,0.027729633254118022,0.02111941538786251,0.04562054581167446,0.03352945241858383,0.031465901170788166,0.037905044035025405,0.04097059120712405,0.035167984130193536,0.03644061878667986
171,0.15233024381631208,0.10711565216948196,0.12026651358330136,0.2747056502157226,0.43312809516962575,0.30828614814858735,0.18831772605173566,0.11656449325329897,0.17873347339639317,0.14808543398812105,0.1249147804333356,0.1470496717703219,0.2064413576075264,0.19694567407467725,0.2887417212266938,0.31019057679422884,0.20927948893973602,0.3038678235881024
172,0.19951113931347678,0.21745347369521983,0.2523643295891687,0.47848456077462986,0.43987785484414105,0.4755088529264735,0.35083305546010946,0.3030751680374497,0.27990989374766934,0.1955396879204903,0.15901180575544918,0.2023222680518863,0.31987875596661997,0.2877972856868394,0.39724712040603083,0.4935423429478019,0.40516891320225146,0.40949041417283333
173,0.4287617010661198,0.391517262749411,0.4024732479632819,0.5331297668645999,0.4819932650536989,0.5794601454793511,0.49414547503911965,0.40873401835124246,0.4941206906133373,0.5518217670506125,0.5007047619961241,0.5041153208820114,0.5441985398574763,0.5783059827224191,0.6005219827077997,0.4791667154125063,0.6208365151013151,0.5863309781160884
174,0.013378811865805479,0.010845410341597651,0.012593003355351063,0.017931640301955074,0.020382673267886196,0.01692000655826932,0.013900187894488398,0.011603113230565556,0.010868547670709532,0.010097882671854214,0.010375287319836309,0.007997249176487805,0.028017698513454325,0.014478714590062388,0.019635933835455473,0.008518786718089769,0.010076673067529466,0.0234506884378037
175,0.2585133276540622,0.1924664726128301,0.20072508313972137,0.17150056306790057,0.18869715606066,0.16380134116790318,0.25878924839465,0.19103935946319409,0.2330121149026549,0.203746226125092,0.19245041967063806,0.27608433921963593,0.2123038154569658,0.21286595801615169,0.22089318086525872,0.18416185575922991,0.19632016635692873,0.17978549370730607
176,0.1489198670365926,0.1270804181244078,0.16029205873575145,0.5636651172582083,0.48248774553399526,0.5496508203906018,0.3541470417514702,0.30685453341888697,0.3438895463476951,0.37120014805739776,0.2457891293156411,0.3054762421009925,0.22442512713702592,0.26714346209042245,0.2534905495257311,0.31340578459513996,0.38717471619868743,0.26171540593750364
177,0.023222973340825695,0.020808072988060453,0.014067730052481566,0.02898097474619502,0.03912775128747764,0.027948992561227872,0.01781638260553229,0.01660079019243844,0.011137394473830392,0.013058424900958574,0.013399422159739228,0.009610576665160237,0.007679325874383608,0.010749421391310372,0.006525134893353195,0.005180077983592799,0.005305276282086763,0.012432736492414505
178,0.4374010455563854,0.4265241590846429,0.4194444444444444,0.5239572192513369,0.4433871844276469,0.5090031729243786,0.5042437863564252,0.3144047619047619,0.2136259749682569,0.22852300090690184,0.21452509739527997,0.4133730158730159,0.4973626373626373,0.1730708180708181,0.33208423593038977,0.23373543375053946,0.30023994093761536,0.189379873294347
179,0.38588750306518643,0.31177877497679507,0.3026864212390071,0.7368710164667466,0.6968671514466547,0.710751171953138,0.6053563206954459,0.5676466907262814,0.5273745284481853,0.4624799239413894,0.5383951618566798,0.5117231874427344,0.5034859512515935,0.4897609863437022,0.5260420324045887,0.5858367055870161,0.6076059733624051,0.6186147174746376
180,0.050393392779970736,0.04402677906249881,0.08026626893106568,0.04327437171543,0.05344028465167595,0.03383906510892873,0.04579066860467153,0.048403922392875,0.051274953214898625,0.03651060821624661,0.0584803166161539,0.07709026418842328,0.11658493205544841,0.10020899784538635,0.0525261794709546,0.053015536348315,0.05319753415671208,0.032345488005973234
181,0.07378522597499979,0.07658057488441095,0.09156742274090598,0.1997471533314025,0.1668185965837048,0.20233972584803553,0.1408458404376413,0.154851132554165,0.16246396382122275,0.14773537891385563,0.17140910364926012,0.1142837601700864,0.1729994091582277,0.13076634116939845,0.09236841803028248,0.15607190329616277,0.11332953154465734,0.1775843508481904
182,0.36213386551245946,0.3850487568634638,0.35473608500145554,0.5773490433446625,0.6217713741527776,0.6843207380611227,0.40672706542060244,0.30347353287134315,0.3354552455326538,0.21996684281059606,0.19838443623672108,0.19819819310421752,0.29572989079651607,0.2663724857932434,0.34704648040293334,0.2464998208379231,0.3390056334795151,0.41271809977684903
183,0.3197778298616297,0.25054236914537675,0.28770379666206153,0.4882905900328388,0.5297554823151013,0.49848225803718155,0.3658273552667403,0.3767191439743429,0.45998956626861104,0.4136294732093282,0.34686864453486316,0.3546350532536487,0.2708804288824513,0.3348214301601432,0.4412703783948485,0.325552848354042,0.47740661986257554,0.3458211170108344
184,0.01010610455931974,0.010945195094544601,0.015715498558722407,0.046129257185384825,0.02388347483569865,0.02621993267328425,0.01761007229281383,0.011480500326278448,0.013437233891959418,0.005756218289098481,0.011466818084923091,0.009607472766688729,0.010377621781524448,0.015809802756892467,0.014315332802085337,0.008387173278818008,0.009884486693768835,0.010399581411088274
185,0.12762771680604593,0.10601107943508378,0.09537629577345753,0.1625496352752842,0.16587307501256138,0.15746110323468435,0.1152201455821964,0.051260019092179386,0.08775551745626461,0.05617604767019653,0.06413872756716368,0.04610108007289543,0.15629265272495982,0.08153513083721571,0.12558950465048624,0.15321948107306602,0.16840670584726677,0.13002731520270402
186,0.07450510968685817,0.06767704756123266,0.06473935849474427,0.3117399369924381,0.3047759805846095,0.30283349328734366,0.08707080389189911,0.08468801648377011,0.11874510323019481,0.06844071172377707,0.07182050576518752,0.0710412628823806,0.06644102845792461,0.07253896220304819,0.07888190913903126,0.05968878955333933,0.07520787990322018,0.06547776894622612
188,0.02430878858997324,0.02475904807104316,0.01938439293189099,0.15720472837268684,0.13235872549239117,0.17958394007359282,0.037005814328454206,0.029836781454841838,0.027769287362885916,0.03559316789263838,0.0472693858318495,0.06253329716215193,0.07197748903979753,0.09136374013332457,0.05744011806177466,0.18992121130587683,0.10535718595922286,0.3061743502253177
189,0.24008657514713502,0.24822599670890189,0.258710591609689,0.60838265363142,0.6584871043733463,0.6373117736792471,0.2571261409604155,0.30892990253277597,0.3490715595655475,0.4895371242663116,0.401285966744635,0.3761828836903807,0.43728147857630595,0.5111546542821435,0.4834688897525982,0.46206913554673656,0.37465518860849867,0.35341688794789894
190,0.12119049211916984,0.126482338336023,0.1419564680796707,0.38161111546488063,0.33351580266553366,0.3030518101765822,0.1276268766736244,0.0677906313824382,0.05832594513263189,0.07792019618982268,0.09848790699362377,0.06074543747570279,0.11061172224497802,0.1218187577476862,0.13577001186823703,0.0951512641199291,0.10367195602320889,0.09343678724263411
191,0.12354557076374408,0.1059538958351474,0.12071401349901828,0.09294529245150773,0.19882023004525398,0.1194909796458883,0.08988414845842084,0.2054668229809689,0.1621189895032202,0.08957837336272449,0.076770664006434,0.04217232195782879,0.28333489732944694,0.17734346594921263,0.21233767561029834,0.2580717352840283,0.2900048403477588,0.18776356439439246
193,0.0030337941339756403,0.003241281969993538,0.0029581883092596505,0.005463538319021156,0.004112405405947036,0.00817186216434711,0.006985905092233241,0.007121565736208261,0.005749153198566696,0.013961261373047151,0.010281738228301172,0.007806119616648144,0.004295844067351203,0.0036042342149178127,0.003411010123139859,0.004589705443988761,0.003298567435191083,0.004326966301250645
194,0.22621818686556902,0.2012447622838303,0.13285786204980624,0.37378610644634414,0.37967109394936843,0.342739519049308,0.196473737948564,0.24268462782872052,0.2906038843783338,0.34581273262822676,0.22290757188726415,0.30559214884886954,0.41393556992713554,0.26224103317840985,0.4569341422372777,0.3664337911876267,0.3943174950385982,0.37500749371226916
195,0.09072890967025478,0.030407612702809603,0.02860381388272233,0.05710224489459765,0.06837170024345483,0.04732811639782081,0.014759386383813614,0.01903725372630152,0.021660047392543753,0.01682330863417084,0.022182978645275127,0.04196314831686048,0.019674879657976964,0.017368658288232742,0.025986610364770128,0.023383802650333935,0.022665304394635693,0.02415578064778555
196,0.050269790869014334,0.04640143363079439,0.0589460429979995,0.14417883967043624,0.11450310727894884,0.14028520119427734,0.08292577897389561,0.14779155655351545,0.1996198406901372,0.13370438378261898,0.20907674412312505,0.12510545997916264,0.17837183438687812,0.2718927040435464,0.2444763545557777,0.1821540276306698,0.220122453490106,0.10162230453435776
197,0.03889022542185095,0.032806351303357455,0.03864232311318266,0.2037054998580331,0.19267950884036156,0.2808304152293665,0.0965630542697154,0.14722657861301794,0.10772039258288525,0.06110004115566667,0.2010255737154805,0.09617228313335892,0.13311017605367545,0.058905627057206346,0.032121689099297565,0.0647407163614424,0.16341690091430086,0.21653747311540816
198,0.012369511525971133,0.012937995464328384,0.012575339730680148,0.04440049057733771,0.029936619617118423,0.034179419834668684,0.10459556733452956,0.025145463589477567,0.077881306170691,0.026808699420630917,0.03997345391453494,0.016221169761234857,0.07177782508929206,0.02356355285217449,0.02387971595368975,0.09059667434832837,0.10435034878851805,0.07538664525379202
200,0.007872631213426585,0.008299081758586768,0.011063681027334982,0.07383609941076934,0.017962389428651613,0.02394650333830359,0.005892007435287634,0.008989528111615038,0.007582714499221497,0.007853475719161635,0.1030791183862656,0.051939004446259755,0.015528775781471006,0.007110175578658235,0.08850923212088828,0.030232204041210756,0.049084959370044395,0.031168716627738388
201,0.14575709213188565,0.13536241324672724,0.1402563200397994,0.43136783420113334,0.46122072729865937,0.31760894968991665,0.16386790402107715,0.2210364793009537,0.18207676090920621,0.1613619456987392,0.15766356664069653,0.1908114440666301,0.4493065978849543,0.23600528876189744,0.19784912401954416,0.3157568355528623,0.3327465119431604,0.2438060507225394
202,0.03351769840222568,0.029698530007097556,0.029477422732056915,0.17247117359805528,0.1746462996754827,0.23070181811103982,0.013955902209038489,0.009639156135193238,0.015489967616668194,0.04724845612041399,0.009187219168190595,0.010485405734690865,0.05955452313437213,0.010981035815493216,0.0074452323863442,0.010949209187590257,0.010864361461419282,0.009525773325984142
203,0.5709850118778946,0.61291279181842,0.6213441758536427,0.783332806233402,0.7805226367964706,0.7803802433596755,0.7415096106199357,0.7813989736275623,0.72247147740986,0.6898540785031986,0.7015318357887304,0.5743929439676925,0.7725718950411179,0.7944314149405145,0.7011488639735116,0.7194652201550535,0.7998671475772148,0.7843176392267543
204,0.21960058308445354,0.17989312861327872,0.19528688058647758,0.5496931510952318,0.49308749993750145,0.5122980606469622,0.1767742904393148,0.2352623968997886,0.17224504305553026,0.1359954427124637,0.19029825153023475,0.17752241633478577,0.1899563033987107,0.15387189088032657,0.15946949292556037,0.18860879033310501,0.1706229577289748,0.2228216076355414
205,0.1698721783141775,0.19113864902933622,0.1837555350073818,0.550808091391305,0.5315481357998744,0.426407303850101,0.38277833494905383,0.333628289014526,0.3420710852832108,0.2859395377699444,0.2377367312065033,0.2261550277392064,0.30524967345581916,0.3265079655811579,0.3010144440192396,0.2769182604058668,0.3096743174700775,0.36236910803875416
206,0.235552953743582,0.2586565689337977,0.22120490470277956,0.4041378860329567,0.2982849110884909,0.2997848913111703,0.07481739707417631,0.0694546435032702,0.17929737940868642,0.15952482926065567,0.21701104771315835,0.05883248266279469,0.33612228317510845,0.4660388704181125,0.2973589594572816,0.3565724206349206,0.3257208084179298,0.3762327847805789
207,0.025653239323984778,0.02331764217749328,0.019323276871455623,0.11313446427760766,0.07203452037315364,0.1013086198892682,0.02522209126416859,0.024614598955298064,0.055854288598364187,0.03200213270021373,0.10906099008642894,0.06670845904459817,0.029489968331581757,0.0232146462738728,0.08769751233273342,0.04528107882121074,0.043287355619180526,0.05431509938258914
208,0.02119558327879408,0.030220712133235992,0.0282873009213791,0.017185625191748377,0.018941793378679617,0.031091982770053997,0.056730617438053556,0.04387050139097653,0.0437240432653655,0.05429543772652403,0.04445850922941131,0.05752882386243869,0.05497860425686188,0.08933247422643445,0.07446961924486048,0.07939319336211531,0.018835160101721465,0.026274460547784408
210,0.2345680244354041,0.16033597047289375,0.2089806366759225,0.538127838910952,0.5511479024214303,0.5749862549028775,0.22054856460055533,0.3700416979383547,0.2663071769452969,0.30523524354734305,0.3271354582642985,0.20660890955054848,0.37849408074855156,0.4966553645415518,0.4476046762176363,0.49430522307565855,0.5509735633486992,0.6261636736967731
214,0.09734560955649796,0.07606138143839088,0.09375853183209817,0.06525329586823825,0.05909074473394828,0.06103413351149735,0.14789101968946378,0.13683919459185093,0.10113721291798275,0.1925611411552199,0.10173704904506341,0.10814195788329702,0.0962575823288219,0.0944450808853401,0.08012813830399107,0.15285919799559805,0.1538785919573177,0.13039936069560895
215,0.010970576349616746,0.017588539247675467,0.009858381927418877,0.15986155620001677,0.1468431692201294,0.09349073384932294,0.031252390871315316,0.015707204215694718,0.028838564186631815,0.026927511983753517,0.05562527009386726,0.014927955302631812,0.023800279321727198,0.02044329037690149,0.045038508056908906,0.0177005662058813,0.026182265375548786,0.036016896792807916
216,0.029125867078572946,0.026122414393049957,0.027265381224196972,0.17884981054662938,0.1766485443854199,0.13696973513727742,0.03356190187707465,0.05570610077912259,0.05754105974826194,0.08446906927657837,0.05484980760982912,0.08502580309440112,0.022342672051378812,0.027103827410668774,0.049064444760648154,0.09916022348616203,0.05457300111392568,0.08260358250778237
219,0.0773463382517968,0.07250113340092497,0.07553769705235623,0.4599595933338961,0.3590651443838563,0.41282095032156746,0.1429743459090598,0.22501308569159023,0.1720810767113878,0.11077515711475767,0.13726996709489547,0.19014957688140793,0.11745884588366297,0.11025346125014082,0.13239818838961645,0.13239798010604728,0.14872978557772504,0.11511725786336528
221,0.007628138124282679,0.008335035514003204,0.008209111694819702,0.008524134628103763,0.00883409900459837,0.015309308599229096,0.0065453694792963,0.008356468419424737,0.006971588452443449,0.008062446713653078,0.010731989539982131,0.007529132599134185,0.012182197487818467,0.01410706041258614,0.009790541817124129,0.010956759769944082,0.008920187514545291,0.011014900188753228
222,0.014674438575477766,0.02068568247325739,0.01691865000604733,0.038292365717461745,0.02577231122896162,0.036287934688076874,0.013045665940617582,0.016955362051420172,0.015838211102883547,0.03270684966832535,0.06549611997417286,0.021120659120515767,0.016950481915802677,0.013699056052707536,0.01701420978957094,0.015082928299027963,0.015989686768226992,0.0475687219128476
223,0.039869982843352206,0.045391750655444645,0.043706992146863306,0.07841147635678243,0.10550453521225776,0.09084626133777506,0.08820704906959094,0.12420868510780078,0.07335152111301632,0.10056238652215208,0.10291605093532386,0.04603656594001981,0.0958451322578913,0.12616385504287853,0.07649777458100826,0.13290122182978217,0.1435906793521884,0.1272352888881357
224,0.23610464148970428,0.24135533220388627,0.22828068735662918,0.26825957691364216,0.292246101025782,0.30432912692206443,0.30814912351866147,0.3168898124707973,0.28513397895143344,0.2639461272629384,0.27434918936630853,0.3113384817986405,0.47015078079008626,0.4421602202257214,0.4376049039863453,0.3456125004806781,0.2938999052090652,0.3500081591603208
226,0.08350614782842326,0.09198631579763754,0.06569579871052857,0.1652506548936722,0.2117824432167982,0.19719389173285307,0.17357251723029385,0.13628665943775972,0.1334998216691971,0.10717098259326933,0.11546551908595494,0.07131852643645127,0.1214709766599734,0.11108774680214088,0.09372781604082352,0.11601663698373309,0.1523902973085976,0.0995770359599897
227,0.04929063567543277,0.048210666814678095,0.02498171045009172,0.10138333393790977,0.09153993232725886,0.09997289740939706,0.04926431677286198,0.049766775840421294,0.037539505258381484,0.08632985041883696,0.06056669128872287,0.06320366340220393,0.07656827385489552,0.06846709715454839,0.0859382250223763,0.03978573114726962,0.05128172517423008,0.04184394180716296
228,0.02842045911491162,0.029647417868853918,0.026824616421720012,0.13995185666234392,0.1123263373831848,0.1386231097636345,0.03377858442666521,0.03138633701463083,0.046652596008676134,0.05442203205547411,0.03345357075038174,0.03342025459224724,0.03171515879042769,0.036053458605567405,0.030863594509126593,0.05715419996664393,0.03591755028346961,0.04598168355836696
229,0.4822550220660781,0.42474449625838545,0.4732131927955961,0.7147387125862528,0.6726993674484084,0.6549832000192245,0.3571380462753252,0.33798488053952214,0.4047675197427832,0.4151093884985981,0.4584308110660592,0.38587084573982855,0.41614337292928233,0.3538215609395646,0.3847318466779662,0.4477925950146345,0.5440923212533749,0.5573718225941454
230,0.004068164390594887,0.006170818268287746,0.005227413954560652,0.006689919449796707,0.010825557037984426,0.010311129714878471,0.0028726261877422034,0.005332342394292856,0.0032523194650040947,0.005384753769602719,0.004099423626835547,0.00948364672294701,0.008521956553737928,0.13001571815931284,0.009230701635152258,0.0056489381048895225,0.006640869233834365,0.011560911882473813
231,0.3025963574666,0.3534405047505346,0.304034546953545,0.5924627776477523,0.5376559906671253,0.5261439191978939,0.3801288869781164,0.3924835377195645,0.4386263637934809,0.31218807569189305,0.41377023795842016,0.3341851468158079,0.31315021596448783,0.47563190251240345,0.3714532613099069,0.38802425837126636,0.5218075533436197,0.45567043334865626
232,0.1614040597220856,0.12797357228446457,0.11246290228208608,0.49069832346949294,0.5414860501305329,0.4419746362555609,0.23160386174557349,0.20563270629298874,0.28571276954004315,0.1890867439796448,0.12657942269911632,0.14624510231554752,0.3103355303435199,0.2844725495506152,0.23130401692304492,0.37484432032219933,0.3223877149812976,0.41213833342510486
234,0.037768248164002156,0.025453490935285334,0.022596643281506557,0.013482957268485637,0.017069310912405978,0.010487366699620549,0.019959997250704797,0.027816971400889953,0.026393064535795603,0.04176141190420785,0.02998921598743105,0.02469372292023357,0.04456484799592684,0.035194743240551475,0.04544237439056383,0.045860985421410684,0.03220344006179789,0.028305501825155566
235,0.09000228719429393,0.08851733132077903,0.09098760583830527,0.016288533058655234,0.013086855925672632,0.01267712993782684,0.009209513683796076,0.008698124180724852,0.01036036310405006,0.007869227978244223,0.005999087377418478,0.016358949536178804,0.008579994162468903,0.011532792414021402,0.013998138559619837,0.022700247055855213,0.026612738086606805,0.01102377753591636
236,0.01908517570932787,0.02304863601973712,0.03606386113031081,0.05615319212642362,0.0818388755186414,0.07025079632943576,0.07173062646187112,0.1601245263583677,0.03857196015816845,0.03320345717624749,0.11472285251134008,0.06862104618340957,0.08889225050962743,0.16353314795925336,0.18844764830927738,0.12906327535694997,0.2166598018459726,0.09015378488729175
237,0.04444761232096281,0.04244137272246834,0.042632161259995534,0.10918022875387574,0.11918776851263946,0.05054656739321074,0.020195890706279345,0.019099903254372497,0.021215466867973737,0.016227742155368343,0.11388537432266499,0.09921456025171158,0.06715272975234064,0.03675488659699007,0.13563112907601912,0.03153929257806579,0.1074121703824546,0.04249113193994731
238,0.029823150196796096,0.027211545455656835,0.02858229470516045,0.0630871688639881,0.07992670529895561,0.07481908936677267,0.02754368391480876,0.017388702952809542,0.0192026450443645,0.03219517717417586,0.04086027850160227,0.02655906829436977,0.02796208820117821,0.024940900326750948,0.02190911294086806,0.03461356795004292,0.03464270082533204,0.023787132621967653
239,0.004174221764044942,0.0027827803079357354,0.013227255563542034,0.2011466974193711,0.20083822827696585,0.10098250714110142,0.20064308433091793,0.20118084189839253,0.20107101545350706,0.019181632838384532,0.009834558961782742,0.0037533134714147973,0.034053931925102435,0.04095984911904854,0.05093668282132222,0.20104505006383483,0.20108059311371348,0.20286419770316266
240,0.023528230715059696,0.06874894250222492,0.18042222883329848,0.33614998435050436,0.3035598164359392,0.2955867992113008,0.2121760305091757,0.016082193608134912,0.0262479597201262,0.08933020789419736,0.04991187042379933,0.059432826526751026,0.05297560592601206,0.04785534479418056,0.09692581515519005,0.1613497726183872,0.19093782870883563,0.1856048266101781
241,0.02783262551597845,0.02402334417821995,0.027833909793110442,0.19088323348323824,0.27010425998661375,0.2887394972196302,0.051082928938907673,0.027077842404257285,0.03323707527922727,0.025359819501277994,0.030612280893312343,0.021932525979277407,0.03562635553131657,0.06996032834638757,0.13257667555517416,0.18756029709731126,0.0887248384575563,0.03781803073614828
242,0.14826954553964247,0.30019367951159037,0.24259347338474582,0.4973038742111184,0.648314487461638,0.6308644117880334,0.20775970126340562,0.22617321193173873,0.15330252417357956,0.0719272810417114,0.12245193948957528,0.08114550019839153,0.14972174789526613,0.14928924453866796,0.10481543760179107,0.14537857979564411,0.16783026557179442,0.21117029627421258
243,0.24164936191246902,0.19895206495399032,0.1609290581732804,0.30879022146349683,0.2500754435658658,0.2638198903448299,0.2501812023289637,0.2626973502585994,0.28572410176531815,0.29686088819686834,0.3028566957959829,0.34947127299840847,0.3359901696911134,0.31391072396427266,0.304678885073668,0.28511461848690955,0.2903250291787678,0.30817081410271846
245,0.007057011577353533,0.00638003837371969,0.005718398304115005,0.01105373408155728,0.01821486786639625,0.016704872801041416,0.011055176742897008,0.02471955882795668,0.024494946596501723,0.021950090002583893,0.01057121358581588,0.010865304260425729,0.01576604140990269,0.013913100735317973,0.03436436024322621,0.018261526452694635,0.02198323525342234,0.034409188057878105
248,0.12396577575130034,0.16580296449041332,0.08922886699510707,0.19042796659587652,0.19032596781695918,0.1406741297263672,0.04952257336681515,0.04860054120327954,0.08293808025715371,0.15084719869756777,0.17255610471862548,0.09289247834011555,0.28148510483017763,0.26167727860019085,0.19045608318825205,0.30029707867489036,0.3656178717657801,0.2345193732954203
249,0.05641661578698153,0.058567433511390724,0.07660931992838042,0.019967270554198235,0.023612237270328993,0.017869489105052146,0.018133434577272754,0.021399790921751833,0.02199748420504394,0.02168815358105761,0.020425051769723843,0.07470383826245633,0.019329722350829557,0.02572560412849966,0.017990747384232595,0.019119627362483838,0.026913408788797017,0.018223516137270693
250,0.03922396325499553,0.03825126100038054,0.03944868382221579,0.18926041129402968,0.1465229997386299,0.22787447507376876,0.29901086666213844,0.10089727963721074,0.12709829235411169,0.31171705835619307,0.17772952234906317,0.24100265066557322,0.23641692079380375,0.1805831081330259,0.3914116180157994,0.5153966083086887,0.3526107314983762,0.4182579796676232
251,0.03599233376888917,0.031648265077362965,0.03701690173866166,0.2480426381331973,0.21099880629273665,0.18509250577271297,0.07176414075130035,0.0751670640529152,0.061561321110546,0.06041223956294859,0.04121013769321271,0.06311474962228168,0.04737788909277314,0.04751563582675325,0.06093882025029509,0.047657384641647337,0.06119017774238416,0.05535833747604772
252,0.02619458053837124,0.024084674620160552,0.017529985061785283,0.06387158977455068,0.04386808379799651,0.038242664608441855,0.01102172983425748,0.014452317870137416,0.011271770117811225,0.022910650725494336,0.013670105984119644,0.00989869823862864,0.01894582912873847,0.011383789853452458,0.010965885112761684,0.010403586972678193,0.010254302694509667,0.021334752794123474
253,0.11694948427470452,0.11450364812266295,0.11200716818917916,0.27489330496609504,0.27918047101896376,0.27557956327917915,0.021638514361010747,0.025086053521059307,0.029988421219115127,0.009884195511742603,0.06659134904108682,0.016461634393518512,0.023242214210226333,0.057457398267451304,0.05961762009828775,0.07779903766758266,0.09803053990715699,0.1187506264993342
254,0.07312693930932548,0.01891731045719088,0.018088828532070028,0.01249568011447551,0.007536627556316708,0.019593321117431096,0.027839357990544007,0.01379675011099367,0.01955626549327193,0.014744684872431708,0.008937251964357778,0.024775516905436563,0.036279535686479104,0.01805792693275279,0.08274544215514314,0.028857576567715575,0.15720062850945657,0.07146761948657855
255,0.02154477930154442,0.025291252586193348,0.017123959773418466,0.02781433549303766,0.017109960216794333,0.024603742179163095,0.024601775569291016,0.018611455969112248,0.01996242803401322,0.026991888554484575,0.04174806137913513,0.030890980209882245,0.0774593619389342,0.02586967547193483,0.02992344504975796,0.0342587293348451,0.03286324491859243,0.03289852229269962
256,0.006882874350577629,0.006118892047029568,0.007600772063731858,0.011902185075887776,0.00616500065505998,0.006375256675401402,0.007130149208571609,0.008603838840412612,0.01072333826703229,0.016639977063490193,0.00754193062879192,0.006167823209322403,0.017563320585683384,0.010434971628706595,0.006271261444951128,0.006921967929254521,0.008654910948588905,0.006150678703858351
257,0.02800292346681555,0.03162830495782604,0.025301233273473455,0.041121240716726556,0.025992376452361084,0.02996658575341104,0.03220992230809008,0.010088008177829963,0.022313738370859947,0.03511150262548278,0.02117250173476414,0.03278948592922805,0.019480102658130195,0.04089144145068324,0.022518177314672774,0.043056485185214675,0.03684865366457402,0.027198944639994768
258,0.007239623933117454,0.008331433518445274,0.009256719843787713,0.086913509215635,0.13818484866420336,0.1193216915300133,0.011807835809767454,0.01251844097309361,0.006411949511236292,0.01871066843154188,0.011668357687064765,0.026698087095844425,0.005127806310509265,0.005164888674749647,0.004471603811941652,0.008090953487092944,0.010381821951322612,0.0067613840581969105
259,0.014541731801229758,0.025173534019904017,0.02129773931890765,0.020641965258301125,0.02524907461680059,0.027985851427069518,0.014177030833346704,0.017849038426016962,0.011450092766954066,0.02373962356499496,0.03496074141589547,0.020736107196877594,0.024024969169677102,0.02386722963800161,0.038700314921560015,0.026689434198624386,0.014939188958610532,0.026046138540516572
260,0.30940350738599,0.3187596394735219,0.3356864701506482,0.45805406627102035,0.4724732166924119,0.533617608211418,0.4446066533088952,0.4351507066361364,0.5457870032899379,0.41976187887639105,0.35978512387164086,0.4123523467222782,0.32542219389155363,0.39663875404344734,0.37810015753100545,0.4788013208090067,0.5240397210732807,0.40027767312901663
262,0.05256866290345833,0.05520321874518951,0.06894899780807635,0.07000896081215176,0.04936910415241299,0.1605535592125761,0.04091846208166528,0.08721489580025833,0.04528428045721777,0.07548333832346776,0.03015190010690961,0.10635221144198692,0.12932157745835413,0.09348912443300267,0.04289589343797242,0.19251854442911714,0.11044721579682643,0.05241513769883037
263,0.04741598691177214,0.059659773739303874,0.07491971061658437,0.3752943487438655,0.41234854346742644,0.5089803582578307,0.14929514549977727,0.2611071144911395,0.22830729467528052,0.1230301264462674,0.15270264452034676,0.13070660500526982,0.15791989433618123,0.06611672356372915,0.11650948470786605,0.29520936134605,0.22624924537805327,0.1918705315715582
264,0.06567289634581437,0.21981466112594858,0.11099383610027608,0.3420704638483106,0.22440472120885316,0.2867563667180294,0.18549274282176842,0.17685950958350324,0.20842192260630213,0.23002421605264345,0.1620819837061159,0.17074574152891575,0.08566611180331977,0.10043412143517039,0.2686745824927407,0.04721586196586072,0.15257669667270868,0.2078392131516813
265,0.1408052926650172,0.15815522917463132,0.16216471126003137,0.2513803254456083,0.2986177502100787,0.2973674213746175,0.24299845162393127,0.17056225136821776,0.19828943304407312,0.26651374432909797,0.2849966283712537,0.20803704167269216,0.2952661390777917,0.2000285908011423,0.22562783956466076,0.25741452315969293,0.2532143688220897,0.2679401745022691
266,0.876923076923077,0.6745421245421246,0.8714285714285713,0.7683333333333333,0.5857142857142857,0.8766666666666666,0.8099999999999999,1.0,0.825,0.6745421245421246,0.7342857142857143,0.4246031746031746,0.702156862745098,0.4657051282051282,0.6342857142857142,0.6454545454545454,0.7833333333333333,0.5755555555555556
267,0.04725417618484219,0.10126039553327114,0.054778932998085415,0.3178952922573021,0.41103470124537955,0.3703876064319866,0.03340890513310895,0.03093030014264832,0.03863408332083226,0.0372136869183995,0.04059325736284667,0.1296149364058773,0.02802184707549312,0.03700689205854686,0.031648402140599705,0.05914945490477067,0.06091476244232603,0.04860738272932885
269,0.006393651256675532,0.005606126229297518,0.00817252209981773,0.0349034791273723,0.02320932559046914,0.02961469910460427,0.005484804599668578,0.003975201506039077,0.004801876912817999,0.009398197168372523,0.006502157843656586,0.0074533168152889915,0.01169571029666053,0.007688380773780482,0.008236708374010788,0.014617027929822656,0.008778584712229715,0.012195993395752003
270,0.02076805807656773,0.020284670803719058,0.02981777157120991,0.12944620171739776,0.12600117670856484,0.1904327411781549,0.015130560366070004,0.023427093201942948,0.015352923626793547,0.04389599594279152,0.08048627914458129,0.02006560473418744,0.04804904690086963,0.06624296336089777,0.04844723200948757,0.12248109749088715,0.13713417277493253,0.070368823055847
271,0.15738690750271322,0.19143191507214607,0.22242749347507332,0.23755889526521484,0.3134442986114909,0.4458213051651679,0.19669501055440372,0.26245189325070767,0.1897566685357889,0.22108041224361658,0.24092031840422137,0.14117778934911956,0.1542367808374782,0.12851288591418153,0.10336476291873828,0.20696181397216398,0.1774831108736373,0.23016430792226564
272,0.041882683193302135,0.04842233377146733,0.04128220669799291,0.1713943621386639,0.17976437238450563,0.21477861404839824,0.01270171826705422,0.01674523392347143,0.011310530049755189,0.020217628927484417,0.014136185360948435,0.011089191313582412,0.014437246250787763,0.030718593501608448,0.04262901338720448,0.02824078842996909,0.01819613433098128,0.03520234564789219
273,0.025128378192628868,0.02318664416964138,0.02389318103254153,0.46587469040958,0.38163358588821167,0.4172064021423519,0.029293908685116766,0.02312801119463033,0.029668418562146175,0.02867611264142482,0.03364783028107893,0.04771275395833311,0.04434389651637151,0.06235914545756029,0.1084355353704247,0.03506894234023373,0.03595271289253707,0.028128450855650265
274,0.014467292644253778,0.014993013128222595,0.013860090302422438,0.015238871628700164,0.020734620465882,0.023580184078561457,0.018043418516012343,0.017536539307345885,0.015395378898083897,0.04313621053540498,0.11815489463851254,0.04625087598983553,0.011423614208678391,0.05388248096031194,0.014874858401175988,0.11998411158788526,0.012857229789906941,0.0902448062497941
275,0.029420183344866624,0.025423446990786854,0.019588878724536254,0.046669352836986006,0.10112971836234323,0.055865947757297925,0.09113541488099518,0.056497865225599485,0.11307212497519675,0.06533108774323493,0.04112027583162586,0.018690656036098232,0.02901384170948088,0.05220971958864814,0.03915403407832613,0.030614197563649057,0.04476961193666157,0.10394486244322577
276,0.018433415702472707,0.01948823639930459,0.017595889356824244,0.01737962205774536,0.021309609785039336,0.011795447253216778,0.02513156646435056,0.017369160789089202,0.01956295468736113,0.012781423599006143,0.022750056487213385,0.016197947068359704,0.024806111370942147,0.0188951220058705,0.021002449689591553,0.018240708855700116,0.014757473375820092,0.012767343923692857
277,0.017996613933165175,0.015947829398737092,0.024087843178649572,0.032050949390985475,0.02914673948017981,0.04354874221648425,0.025382591886834702,0.019301451721665544,0.01628758658371937,0.07993812196056843,0.07260192145667432,0.028786585006157668,0.03201000351014481,0.02185709223063661,0.05831478103808912,0.06734753601967035,0.043387214499725775,0.028392389253157797
278,0.03323068231764038,0.029289672139813337,0.03129172828285089,0.2692438800591083,0.3250161722544764,0.169405160820138,0.04155395518954213,0.04375107579354835,0.04337227327119748,0.05237485960259805,0.05392235371784091,0.04557476390947697,0.061147669985714956,0.0559228480393526,0.04224714616881273,0.06827404256952634,0.07321706076790198,0.050714025805911986
279,0.07641403309188095,0.07324710920184796,0.11572974667812615,0.0889683808562495,0.021352220000063725,0.03676159175652169,0.06014010943771048,0.022632399765393944,0.008279439450753708,0.015973288572562593,0.009225821271647896,0.011976828214873128,0.005923485041122652,0.008239183675655232,0.023289319602874253,0.0064873689605718056,0.006089517843331533,0.008634452129953675
280,0.10498139489964083,0.12223912182795438,0.046428128776454816,0.6035899334159668,0.5281434837150959,0.6150025721795361,0.08185529733966967,0.046495407966871495,0.10466903944083071,0.06688075096803452,0.11967079086525977,0.13749869759623742,0.0967438760145726,0.04362057423976835,0.16625393143641312,0.19301362760405616,0.19795429097386688,0.11158131426065597
281,0.011744938728718563,0.01848451363394926,0.018976507853088628,0.02701433363611558,0.04213736721373651,0.05002926033570049,0.10104811086033831,0.0168974347848667,0.023933692948734736,0.023076835618741322,0.01635987408382808,0.0092843955314237,0.03783120205336291,0.07115163730379019,0.03737939224013186,0.030273027110333903,0.020471446159024104,0.028798084173857028
282,0.06817668627635542,0.05523046148382383,0.06162052952472172,0.3262217923824253,0.35266620377336,0.29112951662711756,0.10786234767490575,0.1305547118568722,0.10194505922059936,0.11478789393570822,0.09724133708211324,0.09766200002823716,0.12995070405456197,0.12230508536293466,0.10146445919036796,0.15923419962937693,0.14510046595889078,0.11054858977679766
283,0.10559366784218036,0.06404620420053918,0.08524846734301023,0.3546700249794669,0.2939766138115415,0.3778208649730753,0.27104575447595275,0.28907689309908224,0.3261112616549023,0.2561354907984572,0.3217371718621092,0.26062063560973686,0.22101828671055013,0.2823269499110279,0.29447308482885237,0.2555254360716724,0.29655597477103046,0.2199316492489757
284,0.0030583415314121617,0.003866929470646171,0.002413097287099858,0.029470534075168652,0.011573597284430838,0.01111091192171823,0.007430216816796166,0.016578783775179375,0.018568732489728228,0.005282440799530583,0.003181276148612767,0.004639653649569718,0.010100065608290278,0.004551199592503621,0.015520327706421332,0.015387609722689705,0.04897191402208114,0.0070888922979304506
285,0.0034178763964953446,0.00368508355680884,0.0039029070243310426,0.007319753818816254,0.009322213108471051,0.006709852878244221,0.0034793224604817465,0.002977556395079275,0.004047202809660437,0.0033680899743153414,0.009373287088017624,0.009380218579783665,0.005956654848153228,0.006288324451479479,0.007674540565258442,0.008640215265830089,0.004887397868366476,0.01002368085617095
286,0.08962845424654854,0.07664234389421816,0.07656004709311424,0.012490197132822683,0.03331532504763545,0.018134441679233275,0.005824470232564068,0.008995606600813997,0.008155524971311383,0.019325180884075324,0.035430296743331015,0.017503641355493083,0.0781641009988408,0.03111903161534364,0.017073153402560323,0.032023387963064434,0.06525987599091078,0.04039021921543999
287,0.16723884256532082,0.1772887468302944,0.14844648801115506,0.21763922663560686,0.2351335481002197,0.20416197169531955,0.15677851040520102,0.0712474886351532,0.09297142313613202,0.05907671071462134,0.05817708036446267,0.05187366590015936,0.03678578285363222,0.061858764853260154,0.048069392837278346,0.09296566231486571,0.07560619221024374,0.1176543882136569
288,0.05263864374141759,0.00524446930571757,0.021077291902054224,0.0030212560835052977,0.004052097437371716,0.012673870862668156,0.003948436245878549,0.0034958298990919586,0.0037310261408449777,0.005358360212090181,0.006625681711763406,0.005063041371583124,0.0073473640891159086,0.007089190649353647,0.006405023522969183,0.009057041182113095,0.005500110020364456,0.005014496029981337
289,0.06578189536844146,0.07372498918433942,0.061770693813194645,0.26628212818278557,0.3002581745221935,0.2726925236933088,0.0981792032747025,0.15705235098453044,0.13402903419079742,0.15536760047905454,0.06727739039129892,0.059533141119528545,0.06762989389922743,0.08492461319408451,0.046283764103750215,0.16085142326891905,0.0995469807771665,0.10102263112134527
290,0.06673018197473089,0.05092415099375696,0.05610023587667475,0.23621492470858416,0.2016433799645519,0.20729378232895793,0.2971598698947792,0.17736458529606644,0.31781458135297497,0.15930874956102495,0.13686993905410383,0.07272878513660501,0.26110540485350076,0.23240325370609008,0.20981463040879963,0.34849209724961294,0.37855443280321455,0.280196957533157
291,0.15117478578315255,0.13857150658115516,0.15164522621636434,0.26131785383250405,0.21439254142904077,0.21273504558757333,0.11515463972112387,0.1493227584075167,0.1425638816603695,0.08002807897450885,0.0704191101082052,0.17445742758727503,0.11932647288901543,0.10301274302980108,0.094671416098763,0.08734186239238874,0.1298955558354478,0.11658399779384095
292,0.01331264099768499,0.012600600095319029,0.009120615747234035,0.010172427148472506,0.013348406043515372,0.030618738268414047,0.020535618556605257,0.010585010729244719,0.010537681257864877,0.008184519626722769,0.007276903189002309,0.00986860389319323,0.011554674437292642,0.01031726263166137,0.010051691612913582,0.010272916124374957,0.015910146116908323,0.016247097803837866
294,0.005436022402180411,0.005989195220283576,0.007219823213832079,0.009188413994698547,0.005481641423108053,0.006240176641984189,0.008547267025766764,0.007067951834755632,0.006613881861526346,0.009096258850055246,0.008489691684173089,0.010738751204672707,0.009161604209259171,0.00904324497315289,0.011357404544777665,0.012691819563379732,0.014887542090291429,0.008201708446940197
295,0.014122708596731993,0.017524924237859573,0.016749487227829585,0.019441342723053034,0.02729658336782812,0.0305714521974868,0.014689232046760781,0.014351484363122793,0.01675369533781994,0.02079085444631055,0.013279698013150943,0.01035861010044363,0.010725369611992951,0.0163223420448486,0.008839279732528628,0.013308091218980429,0.009597217524514035,0.01571407133469386
296,0.17385933228125486,0.14240948263476122,0.11221649466474815,0.26430489308908006,0.3089249030338352,0.43652672176138674,0.43787732791801354,0.4289977774894327,0.5115508496656063,0.5560448089188762,0.463968250027218,0.5026385059534813,0.6213114257473448,0.5114003768620478,0.3501951108243455,0.6685444283279913,0.6281361195363744,0.6690701537742821
297,0.12456354402198605,0.11284109510751907,0.10802277845603092,0.1713270050846073,0.2918026419878356,0.23769067935004995,0.18814778815898558,0.1879225925030226,0.19006276284912257,0.09871489675431276,0.05076241186218707,0.05045642305657072,0.19445221160376333,0.1938235919373327,0.18059119151080014,0.2402897508867998,0.18919850295933524,0.13033210372982915
298,0.028987579116686316,0.03495341656607698,0.02388356346636543,0.10021923433292805,0.08644684468647325,0.12140917035305863,0.016640457471440846,0.02202768572619896,0.02292668631881598,0.048057008103552915,0.10897262403212826,0.017629998483510326,0.016406479117710173,0.021525457799625405,0.014606002524625527,0.028159485656058133,0.03187217738567064,0.02214035246509802
299,0.07396855517469599,0.08417886284441208,0.0802900838473949,0.5039797072110793,0.5915637899918487,0.5557461039680792,0.3338066991539723,0.4077060844748361,0.3939374043138027,0.0915959074383525,0.3743774745486529,0.33385694703486624,0.3946626975404123,0.26798547695944575,0.2685043261877771,0.5177285482240488,0.3538863383101296,0.38885583388881545
300,0.056249470650017015,0.07192328906816296,0.06766914489471339,0.3767953914571234,0.3570103386566839,0.35829041686890467,0.2988085067985552,0.2576162239036219,0.2273075751393371,0.2680465318652454,0.13919440721140583,0.16433259401805084,0.18724177730043587,0.25995343927728903,0.24060074345052987,0.37962572836189273,0.26534190896978416,0.17102173321233907
302,0.0018238034659616808,0.0015804048699222494,0.0014154476724574459,0.0012336421197798775,0.004710264558070754,0.003472539192505809,0.013370712879475753,0.004128860882136337,0.0036713468528914903,0.0031501642213415926,0.0024135429830443133,0.005861229653039332,0.004245839569355671,0.006167717645244604,0.004816901478197117,0.0071641302881291025,0.002556778962311014,0.006543389467457091
303,0.004848867522202931,0.003017016999782227,0.0032158060002015804,0.003316587578334062,0.0023218539171109393,0.0018188034809683957,0.0026177152796201548,0.0039247210210072315,0.003565423139558847,0.0033453545281590547,0.00961468591713633,0.0036480041745422633,0.005494694653090037,0.005276132403685933,0.03148810711879306,0.007705891631148581,0.007214396503945884,0.0069263898298895284
304,0.6281336668965877,0.6282426190806342,0.5468180292602284,0.8543071196495609,0.7603680201835975,0.8178758262775476,0.43260401235527685,0.16567955685102817,0.4598446956836655,0.16862748909480343,0.3475882316577192,0.3273602753539055,0.22229834865604128,0.49518375596462466,0.4078384361070182,0.4312832488954783,0.24825772154199707,0.36959652931733794
305,0.0018528179691913666,0.001633881749306386,0.0019104878242508245,0.0015086876997953706,0.005997848138192985,0.001825274841907763,0.002996352222119159,0.0030836120292440806,0.014890830129889928,0.013173063280990292,0.0096979076482339,0.009399877325697885,0.01857153798539088,0.003949323504841395,0.011297529278076632,0.004382623360282137,0.0035216243051733125,0.004181119336711514
306,0.04533833310906351,0.041406847968665506,0.03674720613109104,0.11789163165240497,0.08754303545776392,0.09391439772383597,0.10059341042832635,0.068887573899309,0.09588259596634913,0.10894385659528989,0.094939701261877,0.11496486132351284,0.074773039127747,0.0919972590798839,0.09889071509688734,0.09908711596701833,0.1212116858889147,0.12441063825475485
308,0.010032306669730194,0.014805192827050083,0.008564973381986701,0.06597443332557705,0.021439163248436994,0.04211246243428108,0.01599397254865873,0.11212414999127818,0.02108432962716396,0.011317906688831363,0.018606350154172363,0.010085891669841612,0.01655874605317773,0.03982421369486269,0.023378120777675815,0.014534510213820477,0.014103271176261195,0.03901578194726724
309,0.02748316312889478,0.044000792439272914,0.09049980653280201,0.07212770216154321,0.0986298353133467,0.028299032643853653,0.054155405110965886,0.043313048097498176,0.02931685228161748,0.025360606403599644,0.04505114379099256,0.03940182422795839,0.07068149064914551,0.015272842359035957,0.017211080747619872,0.03667986374485416,0.03865393348054779,0.017346765659243594
310,0.135226295815102,0.3039779315716727,0.27523612638604006,0.20956548961885804,0.10774032039747351,0.026420809862729818,0.08250933512778899,0.035049726674908244,0.036789333952406425,0.14049815620170333,0.04722962259639798,0.13780292070846775,0.1001366928850894,0.12734624425227123,0.1248073311511051,0.07710846417841151,0.03304983811467245,0.1890021958301784
311,0.11858363937851925,0.11692313869253587,0.12424800151888929,0.17405952897351218,0.11207337973487111,0.19593830772022902,0.12723934007251794,0.1563203287437771,0.17265595226654637,0.10225363153787165,0.1323402105842289,0.12957678057549904,0.1639992669675454,0.1835508847786233,0.15944817638617953,0.17543045373390614,0.12799813078903463,0.15706981088458602
312,0.027105313427955115,0.030024254521600683,0.03133652695991634,0.13320449290240644,0.1508716343366498,0.14013661498820812,0.06969915559078925,0.07775513637958122,0.06362207210164686,0.06098992956572742,0.04119331612676533,0.07981225348094353,0.05154391092391214,0.05183411117652886,0.06643265600215785,0.07468992269840716,0.04919192313900493,0.08526682724701955
313,0.018891753124037586,0.020664900655868942,0.017108869775276547,0.1534302752067752,0.2272314175728867,0.17767702975699637,0.021714185297264325,0.03536707933415015,0.019102715321090088,0.03904347173318059,0.04759439364190729,0.019540774569723054,0.0678253961014418,0.11830376687505006,0.051755833945880916,0.04454414246895094,0.030509089563222316,0.042206675078130425
314,0.10549598868679212,0.07423922726587104,0.07200572620467352,0.7105598357345486,0.7126125027767976,0.6309008872166947,0.11639266998447566,0.14005212655386917,0.143462136913501,0.17088488048355094,0.0858313655511204,0.0886224214567049,0.14132716255547445,0.14071441265612655,0.1376068202405505,0.18446399796578491,0.17743128360814486,0.27149072604141417
316,0.0565694137022471,0.04455282228099465,0.04498027507683055,0.15555679130137073,0.11228398104104267,0.15200973160298809,0.07671731071948143,0.048391864114048264,0.05441287777248013,0.0898323255350103,0.04409423672975993,0.08617456167265006,0.057598396876161015,0.05470499532621029,0.07786654770978024,0.043127004028032934,0.06209054175739798,0.057348549999494194
317,0.05758912780004776,0.04433104962924791,0.0623306947091409,0.2676716069438661,0.20795183065847792,0.32218575238767766,0.08476636300603535,0.09670329067132784,0.08069501023789538,0.12984979327577292,0.10944403041430434,0.1722839052128671,0.14683598856540586,0.10084857956708042,0.1537707835776419,0.22202227622907575,0.15128776690737197,0.14081611080949105
318,0.1921403693995005,0.21379699234265662,0.11497968719993334,0.720258688456743,0.6327168111887692,0.7256527012503912,0.23596688506884356,0.18630788716719163,0.1883913558892546,0.15187923538586293,0.14486256372920683,0.1353487509135427,0.18452913853691855,0.2612507651955138,0.17144416128954276,0.1194972539087934,0.1444403327779358,0.17921319395656615
319,0.08902182317513685,0.05621643392520592,0.05794950996945825,0.18582942554417387,0.23466723723894328,0.27725530586099345,0.062122122045940226,0.04728685002591638,0.0835532005046577,0.0609044354454048,0.05115702428846418,0.04483679833951537,0.11178366803421379,0.059766619546556425,0.17357508341919808,0.12340689609820608,0.05520620890475337,0.16512731717658002
320,0.023715139033441444,0.024378268376854948,0.022373036880956508,0.3382310770042794,0.36653196673929705,0.46385599683100437,0.12044747628170656,0.040149286297691024,0.12198735617702854,0.01520235324207655,0.011348462620163608,0.018343855517137183,0.033165564832909306,0.01773870269527633,0.04612855976307511,0.1756007950090139,0.03578631504718923,0.1741127181434197
321,0.013176959596791413,0.012023050302462571,0.01133709895757497,0.007797765795188145,0.007091395233654812,0.006058165186042838,0.019354497733552217,0.0066872658884018455,0.009449930430358461,0.016157140510867436,0.03177189229548597,0.013719600866559342,0.013934784291434634,0.012499716709190398,0.015644999469620256,0.02727211056751677,0.010754937745019602,0.016902086283978095
322,0.028496001903323038,0.03626813179537801,0.018574326798971596,0.06263497235241754,0.02742130795916282,0.03582217157047759,0.017245404914475397,0.018233294898065383,0.022273939657699866,0.08537192212324898,0.024262999939987734,0.04937561966930391,0.052764850076042216,0.13308975321554795,0.019915155304905407,0.03032605225213082,0.061506037184781814,0.06601730608384233
323,0.08210249406725673,0.13456105210943106,0.07757820701187684,0.28960789572044593,0.22876060366228623,0.37415890800491447,0.03179204540920739,0.1361876685887911,0.06017075102782975,0.09687539644852834,0.25631234427065275,0.07212489446572289,0.26910226401751824,0.13967949869158924,0.12071144845615314,0.13181736858420412,0.19503116144755173,0.14650955220297215
325,0.005266150750310324,0.004592867370795156,0.0054505724014946915,0.006185541391027381,0.006202441636270705,0.008475850038086447,0.03198144477366206,0.01012508601371609,0.025412002094505337,0.019461206402099446,0.05004296000453693,0.019652508726721942,0.03913763085820887,0.06598688098060755,0.05345444086417629,0.10963317309690265,0.04555530121029488,0.05121700937948172
326,0.5530405317949354,0.5532303813175605,0.5792483536495548,0.8937768833472752,0.8875938604563609,0.8452347097781786,0.7440794570450344,0.7566931799426377,0.816179042967695,0.6843971213303706,0.7902905040196584,0.6868617495664326,0.6524731310326285,0.7759473556422416,0.6617150868576793,0.760687674810216,0.8300865989670725,0.7484023183538175
327,0.6008703693791742,0.6013846631240061,0.6010347535800756,0.6046215170889573,0.6009920618447332,0.5524865942950883,0.5209345711419346,0.6005094331709714,0.6004834457620196,0.5276449303256602,0.6016207856480049,0.6012653088099732,0.6070259526959234,0.604918976936569,0.6029201813552746,0.6022416977736427,0.6063455069876611,0.6035627042289267
328,0.08432410201115799,0.16742047484562064,0.16731347370252755,0.16804422000584485,0.1691772923734385,0.1705401505321236,0.00623335958919791,0.16863566996589707,0.014712706589191535,0.002582452163374345,0.002817119088041752,0.0010825225918503982,0.0022607895343883327,0.003930414684631702,0.0011650399673626417,0.0015635628441468985,0.0036754749949283756,0.0018783177674234462
329,0.005839987161946472,0.004662720615409232,0.005011431639478114,0.012276246059422902,0.010939312995738757,0.022459437837278606,0.005909801920575932,0.004870144742584093,0.005805099557863191,0.007680515404995672,0.0043877710350300895,0.005157047455348445,0.004607472290107553,0.007066666704288731,0.0058434790038719734,0.010678863066567505,0.005554263865809207,0.006890055143070103
331,0.050961230308762234,0.03854954195294532,0.035401865582629526,0.37286455590740963,0.2917988948754246,0.3267795725883509,0.08789553330672471,0.12140815418979736,0.10779086737636893,0.05244105216477528,0.0528044377860673,0.1252046990162407,0.08502559346031756,0.17534894471563958,0.13259913667985443,0.16841706226337877,0.13590413028855747,0.17168508645261366
332,0.02205272052646758,0.015348803217374347,0.021199194932752623,0.028643976536466515,0.08698480281762432,0.01964200544421892,0.061726647788575,0.08744656728101617,0.04508606181796171,0.055731164226278315,0.04556762163522457,0.12351327142402398,0.11502324239039839,0.0998811493088733,0.06946397536654747,0.09345007405549288,0.07350573632841378,0.07237874283942852
334,0.23556822973378788,0.25523072538215724,0.2173281216728462,0.6850348820808511,0.6673145285553463,0.6435177743589203,0.5975447487064358,0.4798810133840048,0.4781854186672273,0.44058501748384565,0.3673048552572397,0.34800046737660967,0.5923619142768538,0.5829524515344296,0.5666041924704094,0.5705527591741348,0.5445443622477089,0.5297020383098691
335,0.03818230231728725,0.0573654535962516,0.061968867054496626,0.15394610761195832,0.1858333609006459,0.18882625755540897,0.01539633044910887,0.022380029987431597,0.01769083558514646,0.008380842232282647,0.006299843712788566,0.006925107944571801,0.008221461399906978,0.012289627323739932,0.011684919027738497,0.008467925665545334,0.010694072022362543,0.00815644301227201
337,0.006112755803406213,0.007444103715587779,0.004244792493011921,0.009410133571465834,0.004014443407677459,0.0024242297369529986,0.005259248781866939,0.004937898475435986,0.004800362349660585,0.015516796571776114,0.013876738560205043,0.049603401533846646,0.008422725027057685,0.006381438690284598,0.020159704595884502,0.01565099030365171,0.00873714820461859,0.0063391498929181375
338,0.2985858698391282,0.23382934772380262,0.23360225348440433,0.3935720088996078,0.3968687874956598,0.4339854038715654,0.16218667308682977,0.10345882553734947,0.1435711702100514,0.09777317136741118,0.11452753883862365,0.07424638309999734,0.0784884439335314,0.1685973288188442,0.16335301834554464,0.1099442024466184,0.16396350722204947,0.1702163165167088
339,0.2505013259502295,0.20668859067185538,0.27125254467291326,0.6339517871008916,0.6600982155328412,0.6659303629088681,0.2052729563558798,0.1794763167764271,0.25362348782688177,0.4305086089575149,0.4149049992287532,0.2886570797724044,0.17985345505428116,0.23924449598867398,0.16562434424932662,0.278290084825089,0.5040482316713346,0.28372219524792763
340,0.3611931805503884,0.3607141157354833,0.37074444187859257,0.6039580423986781,0.6203124408782149,0.5777867520359179,0.3644862196060768,0.34720747056464674,0.36740359338578754,0.36908249571814034,0.33796083701247465,0.39449570176909965,0.4749184071793634,0.337211698610386,0.4152432515914325,0.5087836083069546,0.5419433524433525,0.5264622797799929
341,0.022161629129023547,0.016819038094845924,0.023138461206743614,0.1396407186624652,0.18819707053177068,0.1232497885504658,0.022228206899962726,0.027816223224486323,0.028298941796258702,0.022846117265754515,0.020741400488137635,0.02089008541316338,0.01606274964262584,0.04310616788634395,0.014401546994696774,0.09075702416682253,0.019884271178861986,0.03681075289862351
342,0.00923091016350269,0.006306053919700968,0.006929615155571992,0.0406167685452519,0.004474499734891279,0.01234558262675129,0.004341973025806148,0.0032479743480087093,0.005833943441149038,0.004843809880494755,0.003910742715242323,0.06894188752263389,0.036572716823249106,0.00753650458833964,0.004588296776792514,0.01259468657936035,0.014791412198768656,0.008060751547327659
343,0.11066245289650087,0.08489915235248363,0.08013629001501298,0.3663023327472684,0.42224463210763385,0.46567069045582776,0.13246702193714005,0.13249827430537725,0.17968881025728953,0.11512533510012378,0.11231269763819694,0.13240792348658628,0.07911606520368256,0.17122710019169063,0.14968651438228367,0.1652713468943323,0.24806982828821125,0.1883383641839219
344,0.11310748376707949,0.09066921582755519,0.12389760383363785,0.24475574344712644,0.2649959535342243,0.34282434964568365,0.07298020493567228,0.10270537886717257,0.14115375877162062,0.14258700868829377,0.2623394418062344,0.15851308454492127,0.04192194256198348,0.06430151839946094,0.04681363785832276,0.1006761930978332,0.03775322234249739,0.1652761324887452
345,0.003580552886368255,0.002832652286174296,0.0031851518910568145,0.0636696558701822,0.005082466950646191,0.009166753597591185,0.0025815927052148134,0.0025007568405413854,0.0020503674177046677,0.06285748856935848,0.023984577628746576,0.024983810233562154,0.020549619208638136,0.0687158506284028,0.06617518543713793,0.06478151452768331,0.06957748481113163,0.06762735107344714
346,0.020386776268430558,0.041432029183243256,0.018594073977102638,0.016749667403181685,0.029916179863101376,0.03074229725379673,0.1248572003973347,0.005915899455467976,0.031446849748655914,0.013292483978981598,0.00822184568318552,0.005978757231329797,0.00446755707198321,0.004129246845841069,0.008472933979954987,0.008992534299305662,0.01089883201968937,0.007861261542175153
348,0.006955372648633425,0.008404691071936402,0.007694819556392045,0.0062703690543550235,0.004966877359483831,0.004872186438701602,0.00997084064527713,0.011690904779435615,0.01557097980895832,0.012454132008628735,0.02181617794387538,0.028197594623313425,0.06704267778345069,0.01552975906370294,0.0677476935702456,0.015664557470285265,0.01833446472751691,0.058363426772830185
349,0.09530734454188736,0.07535891050715958,0.07727637352856456,0.4605195402094658,0.3947298898549799,0.4795905098728585,0.0718876931306771,0.08319863452579791,0.105223472457053,0.09130571445110916,0.0687621138137127,0.10550150675995443,0.08740363254980885,0.09627268935910317,0.10278248969565126,0.11488973541311764,0.09496746326952811,0.08417629460123359
350,0.0305880004834015,0.01857584371665458,0.040666656990432225,0.038358443705778525,0.021207113079885355,0.01057223676797499,0.03448516363409669,0.01480276510842624,0.010575126963893459,0.005987149819671116,0.007930898248662067,0.008382457654323338,0.006812974537253146,0.012469233051098252,0.0096010130078725,0.02230899678278408,0.014681854667165668,0.013544335896848215
351,0.10529343995304151,0.09211487594377228,0.1010240894115248,0.20459418788079362,0.2165331522201203,0.23223776421793085,0.08711755130564393,0.10006020103640516,0.10865658214406429,0.22341701971190853,0.3119769585159588,0.24626814986772516,0.21644037262592938,0.1840239849002595,0.17291275249934052,0.1554674330579092,0.11431769740458142,0.15940672606944933
352,0.030611022102698678,0.04796770069274147,0.028338884613817377,0.2983418802713873,0.4431804058827385,0.5102030497796167,0.057296442309662826,0.04020004951626787,0.05192292451687555,0.029962292076243083,0.042430422454440724,0.05438960098301715,0.04937295975103608,0.027229391538859633,0.03762529354375111,0.06250953900943723,0.04869875062090288,0.04237061829481418
354,0.015857063295872643,0.024827675806109402,0.029513026547442575,0.3663704007347614,0.2900279887552266,0.3093917335690529,0.04701667140874238,0.0409783992232992,0.04334384108550082,0.02907776516964205,0.025096375502593846,0.019090990684963456,0.046331281652596173,0.029085869168639193,0.022451864601432073,0.02939939701432128,0.043421939459713545,0.04303621993536429
355,0.006709948489917186,0.010617837014658802,0.004936191104417405,0.00906574682704212,0.005750769053781096,0.006093060622371885,0.0027126746877447474,0.0022236035987356316,0.004113086163165579,0.008228723820370435,0.0023003683442623982,0.0019853725310920076,0.001892025616867233,0.002171975342684636,0.0020465781005493456,0.0022304983696488797,0.0019394533789968411,0.002025439265387429
356,0.08687097932860867,0.10825246023977507,0.07013430863735967,0.5406620191107178,0.5929960571096626,0.6254370287733806,0.07088786041281249,0.13762265289404202,0.10317158975067468,0.10023617389300567,0.046671413750654346,0.0586065999944265,0.07344088919470847,0.08104201475966032,0.08546600655403484,0.0625258681576965,0.06152736155461267,0.05961700986568294
357,0.03705264195758091,0.02777660917990865,0.025538671670476933,0.12039195933664766,0.14715678767427295,0.09419280573681385,0.09264322146336072,0.05232458753186205,0.07749105376058348,0.13107048556353235,0.09343520429270959,0.05895315289750323,0.2217797425879269,0.18232363559623196,0.04556400818118928,0.13268148764774884,0.0926834768854711,0.13868680353514898
358,0.1938073210146332,0.16534204282522344,0.1767001144443259,0.6460688389594578,0.46313125890526313,0.5470179822103028,0.5469053090716142,0.49265466211969755,0.6237932854903341,0.4015926299061761,0.4838378806298968,0.6183916983712148,0.5535291115413185,0.717440731493704,0.6341636666113354,0.6410297093231911,0.5346535604853935,0.6392005856438499
359,0.25356154861993774,0.34234591915707074,0.2770277450805674,0.827737850513615,0.8114326527311203,0.7696637607893784,0.31381179568223017,0.15434013370221772,0.308408803060729,0.0896687858537188,0.1817173771530258,0.12325311673069099,0.16578180810148507,0.13054695977093936,0.15451061166868538,0.19475875847720808,0.12840799614561552,0.21952710759042623
360,0.08684660556789078,0.06200327130736082,0.06362186004501247,0.23434933889611315,0.24175495048825446,0.23374369586736804,0.09034700151356827,0.09403041499077867,0.11858322750083823,0.0827425193214138,0.10385025061310972,0.08106569830827086,0.09735392530685828,0.04498025217078484,0.05481367166055348,0.12710138536755577,0.0590485565489774,0.075825667389232
361,0.18800795505944362,0.1611773733489775,0.12142994317100236,0.6332674612850291,0.7123033354383095,0.7399081236084422,0.4862195181763256,0.2142489645300572,0.3686458250678789,0.17409952114793648,0.19218571068953538,0.18328170047842304,0.08405396245193694,0.07479469236611713,0.04645560935663341,0.10764115613661977,0.26746015210470586,0.09259828581546418
362,0.007847723802688897,0.01048076798938148,0.005652036689898241,0.01910049915067212,0.020642198482323397,0.006948112126788623,0.007170519556903498,0.0184411951205425,0.09524405108393189,0.022933400868231396,0.009209191195087292,0.03177862154662236,0.08198990660907152,0.00881796868355156,0.008233912459549578,0.007252118059433139,0.01210880484980157,0.007808971976010263
363,0.06434075505079828,0.06292744366584568,0.06156058562779457,0.5459321794094921,0.43675163841909764,0.3514477387001216,0.11486927796766658,0.1018455737961462,0.13255051015908964,0.17129866882691766,0.12552253832717306,0.1643009725271241,0.18538019860488372,0.21295303061016402,0.16320982311236695,0.14920117724740295,0.1371592822879132,0.18220621154206879
367,0.01677179931392376,0.01777290267875532,0.014745314208245541,0.034904891091342025,0.07335658407759901,0.05557608081418648,0.06868450497047261,0.07058817774644593,0.06803085041415476,0.02809516442474204,0.031469661319564544,0.027469743536117922,0.11991922698413296,0.059357838094335175,0.08155126391159732,0.0386665101474135,0.19736338824996882,0.09207297688053245
369,0.052502385937523585,0.06689474053545835,0.05329558352044119,0.05820016852484087,0.03728044610436425,0.052021105268708026,0.13910338619776433,0.07490533103383837,0.07715586613306112,0.06590811132981542,0.10550566996881601,0.07669687235977482,0.07066340621354325,0.13502603508545782,0.06311685060094344,0.06538662508377714,0.0948169462155274,0.07619225084147561
370,0.004936508540219133,0.005177616158880867,0.005490516366290048,0.003063109183487275,0.011129594786602137,0.0049040011909520865,0.0026282550419530247,0.0021540356644606175,0.00322518437269761,0.0019157016298777126,0.002274617745549961,0.0030915432769299356,0.0019524031062402877,0.001790336385983774,0.001988461199018431,0.0034432887119366764,0.005444955543782397,0.004481142688633798
371,0.009098304919542796,0.008130871307077974,0.005929526725485894,0.08097859258836616,0.03766109155086015,0.05295572681466109,0.006459681767841185,0.004135344889156535,0.011149964916181332,0.011224479513942745,0.0114205520667855,0.024904482406706233,0.009073751014738401,0.007999703044335634,0.04768287893522896,0.020786756253940514,0.004304577587512091,0.017515902316881153
372,0.06630745996397391,0.10387858417252376,0.059522158612918596,0.5995678507127274,0.597021381833539,0.6053348419714263,0.06923344247457126,0.06045186571602895,0.07055452700824735,0.08155029657994509,0.039794626246094235,0.040234336066250605,0.1089150111058603,0.039908129421912276,0.07338121066121162,0.04015495388343864,0.03833770470771418,0.06046987661033598
373,0.006309057891502362,0.006667660417554554,0.008058111542805172,0.004478264258505387,0.0034048334754230108,0.004399444908938338,0.0071080047927852,0.007289578621219755,0.006188105149938067,0.006822737919144901,0.008642998958387115,0.004603803663364577,0.006227019575184472,0.004583452220488393,0.0029611307026735085,0.002270680160399615,0.0019227093507046393,0.0017372897602483568
374,0.03670150589875276,0.057868415029247826,0.10649444384063651,0.3883814001943524,0.29202145985669764,0.2587782722390058,0.06571670274475143,0.03836391073026569,0.029994383796216093,0.1361176606621202,0.02184964648269069,0.03579119736488715,0.04787636634430853,0.028569044820580987,0.02356735708264847,0.048831168065915025,0.08782799304117034,0.06642795392225212
375,0.09762696375604776,0.09677641272004024,0.11040632223263692,0.3219499807100379,0.23754877142291564,0.3058068425276125,0.11287512109253045,0.1218510892620823,0.16883339531444197,0.1388775838814772,0.12862005538402363,0.12630424614778088,0.0866454608503795,0.1245206171837107,0.07758946618151857,0.10716027314848707,0.10083084919181108,0.08838297032745762
376,0.005912623952948269,0.007539743882529087,0.005892914411145726,0.009998872229598573,0.00555078817436951,0.01274448950154565,0.008075044002341875,0.005785774224291925,0.004908515451267445,0.013449517463009524,0.015610939582846895,0.0055246616096234075,0.0074869681895009515,0.009024795578255551,0.03903182094883857,0.01053879431346221,0.006763582922362003,0.013323261785677463
377,0.13062363386680922,0.08315605975696069,0.094654500685498,0.4945181343047197,0.4107611018208844,0.5025640288321448,0.18816990015445353,0.20594595427169063,0.31733169416935436,0.14123081779331778,0.1050713354530049,0.09583218260129121,0.13692152691567722,0.09407063064256477,0.09982916031443907,0.16841583096012577,0.26730153781825516,0.12018302666889778
378,0.10691810306791982,0.10810921393199875,0.10340794747642741,0.3592627013630731,0.42017367141368533,0.35732652792660685,0.0015169081887428314,0.001976355624580389,0.0028178800353993463,0.004980589218343165,0.0033886947383013287,0.015660601630029525,0.0021731813251422804,0.0014168553417728078,0.03902827071968121,0.012783020577569849,0.020362873090272227,0.029988060078368784
379,0.0027778242166119895,0.0033248252634045954,0.0047957619910991706,0.045119089074323195,0.029475839752604437,0.006347180063330812,0.013625886923281233,0.00641537351268321,0.0033265261234369445,0.00607134907456401,0.008194770088702697,0.0034699081045709815,0.0025107962407738328,0.022859554675534553,0.004040835606273633,0.05451396378596867,0.14491852113396503,0.0274677974239978
380,0.018045843900665874,0.012773568398446794,0.013127634421536208,0.002403533013388901,0.003093318311778351,0.004239447515378305,0.014176967262901971,0.009243388481475857,0.007701032929528988,0.009044601854340258,0.00706719506854319,0.009093041674131953,0.011993278727811259,0.007208132167853893,0.005103586663172465,0.05848332209316476,0.008807968156345481,0.011462026904147963
382,0.01311511842190351,0.02573853112940635,0.017116403338635556,0.009984200257709625,0.019895668719860562,0.007819918079928916,0.019690180675449986,0.06706520080625641,0.011514466168698348,0.0288809949724418,0.024691029591174654,0.032124109038240894,0.08808831535758013,0.04445954184364987,0.020043730998230126,0.12357844950984045,0.053065229721274226,0.04015147762229728
383,0.13291015277026547,0.08009156301577305,0.1214674998576685,0.30371751900148375,0.38819433606658516,0.27691775247568834,0.14777723086173636,0.10766233715077811,0.12704568285161438,0.06441320001750982,0.07326320093132255,0.10424654329214116,0.07307851174207855,0.10789537911606799,0.0794787090210814,0.07780212567020307,0.08030428618353555,0.16566738141460283
385,0.20233481795981798,0.20589089755756423,0.18202144954785188,0.37751957588700313,0.40044173993708154,0.395814393939394,0.2794093387123797,0.24110736326983462,0.20372343424730563,0.21973855092276146,0.24912132668862985,0.16643522974355515,0.38439751552795026,0.24342242028542574,0.3125635482145114,0.44900308293856683,0.45116191424030616,0.47854980232799776
386,0.04420800977454782,0.034958858692259946,0.0955713586721615,0.13166836213714392,0.06591301231120879,0.06373997100627456,0.10754011289687546,0.09597951651012913,0.08589645243525897,0.20730519292663144,0.1892346352658436,0.22212644326050554,0.2236275187370804,0.20973822014203924,0.2269251542502289,0.23628430850963442,0.23464419326547806,0.23000848099306023
387,0.0858483482688967,0.09198543595621848,0.0895129173427143,0.10768319414202827,0.10392149322116868,0.15172815978879037,0.16191971343363754,0.08898011358243235,0.13119117670006925,0.08034643185375473,0.08273982653741455,0.09262454652302526,0.10048544484197867,0.09065942209461503,0.14240105585097812,0.14603694984005933,0.11684515084074433,0.11016729201055811
388,0.007103370445060171,0.006844999652851809,0.008119364062330532,0.009292699845723715,0.008319926061326047,0.010426357608537619,0.016747760748163833,0.009806885687271626,0.012096848868726084,0.009046480805349108,0.008853107841780986,0.006609232483113994,0.015294567192262982,0.010248754513000759,0.01633971442489958,0.019114058879135865,0.013366472840429189,0.020269355016864554
390,0.00930582902884255,0.007277262182182782,0.007554961449844279,0.0047165899472955235,0.0035568246681474272,0.0031415652292196253,0.024194806877690107,0.018385671868167343,0.009586293381042409,0.018294784087259167,0.02948520612779642,0.029595175078273184,0.016269017452258568,0.08665053611693072,0.021950061432484923,0.05091574057323892,0.01946338365461767,0.04823992626717037
391,0.004361222119417713,0.006932176291105218,0.004435914994063802,0.004089554373440355,0.015236294916774938,0.011359547457500478,0.03591562268684598,0.013969386585653438,0.015386768155904972,0.037346634414637696,0.03580099961475531,0.009600934419703973,0.005821102641411945,0.011444224729042574,0.005556287456048648,0.005989681241757871,0.007394137536899706,0.008521244943922783
392,0.03543606316207714,0.04298701278040388,0.007765066282382127,0.0632565724006656,0.015219580309717961,0.21705666241099825,0.10452137631368594,0.20768134905548327,0.0800545424982552,0.06468144516351547,0.07450800794072068,0.04006738969739164,0.07071912287228961,0.0331867288874882,0.022342842936829484,0.06360762591783876,0.22224685465202249,0.043393111798635156
393,0.011151106450668639,0.012124480792368516,0.01080830742768921,0.08133716659756333,0.11003745241534818,0.08655961193691643,0.03251341847484473,0.03460574493972986,0.014868144964728155,0.03556019461041387,0.09286621814054909,0.04429432825641796,0.027151873686374173,0.02535470332647109,0.021234487654840317,0.027127411760515877,0.028792248173792282,0.01795975468034856
394,0.0012410119113904533,0.0013119867135617822,0.0012096223693258557,0.0017525842464258927,0.002008690817523218,0.00135305988739319,0.003156629733667216,0.0032156827464279733,0.003369386748482453,0.014235637963168523,0.01042969301496722,0.01706720580467684,0.03482011703330439,0.015642260932985475,0.006313395092477474,0.0051456337894648695,0.003931978038632735,0.0025189747525302406
395,0.16924212719715293,0.03607275984914663,0.03802156516399121,0.27664372574163987,0.05192018768139956,0.20599959679852686,0.05296185349287852,0.07168988523221774,0.011188245517428096,0.07787291404786131,0.12418402499812253,0.18723127536678544,0.022465282560646997,0.20969737795878488,0.06455324449100004,0.22405376602136412,0.029937302722244236,0.07513804807645448
396,0.06858220777286948,0.06035263800233117,0.0799620780965721,0.3677074181179164,0.22485570728660104,0.2446383578144859,0.2212177824829432,0.30580420802284286,0.19894304846028593,0.3673437858237136,0.2929059240062933,0.33097578726590215,0.15483158252155912,0.22785327207224668,0.1482448161783297,0.1298442762492763,0.23011340869487493,0.18813045772597795
397,0.015025754445710615,0.011787303731465254,0.012350117123386123,0.3001305407515206,0.3803035407988238,0.2879561199296359,0.02975521593576547,0.016035151402703594,0.01388816388168941,0.019473702886828943,0.03937176163015098,0.019986049085152544,0.01405489999342496,0.015800996077495234,0.0843345725559279,0.058395211490716886,0.23953557396002848,0.16286208978445862
399,0.16801525271127607,0.223872322174282,0.12736788829439066,0.1761572002117565,0.290789717164802,0.1608435929884844,0.17871006756342517,0.18640883746073494,0.1228187236829009,0.2862381893773984,0.15985919168409016,0.2064851448195766,0.2902626182085576,0.25466239767024595,0.25999559324313054,0.18694403711148766,0.25609753296814325,0.29196590006752066
400,0.016169495326991842,0.01558688357261879,0.012837436126115334,0.02799121335440153,0.04293117738328707,0.04556988051775725,0.06591611362546043,0.0629553847586037,0.0654598460887984,0.015940573523416744,0.0451713637624727,0.04275504781019962,0.06093099558317843,0.05926806215742656,0.09364675709276314,0.05427440428138013,0.09863415713469052,0.07910045814259632
401,0.0137935399980237,0.015976336591679057,0.01736058689750141,0.14527751623386873,0.09100342280445826,0.0779986801529231,0.00631297771650375,0.009515195179453814,0.006591869806623608,0.008873561350151807,0.01041770284663542,0.007240022478742984,0.033185637435344376,0.02263316431237594,0.03511110192487979,0.03180398535587488,0.020802487457232986,0.036753473266685203
402,0.04621542414832078,0.009726040199410584,0.009279812219425036,0.043499368390407155,0.013172944119804918,0.012665358282496028,0.011860388974750781,0.006930287080011504,0.009858095633620605,0.005149218038755901,0.0064901078328858,0.004856801084514949,0.019056670516642307,0.019342647728210465,0.02945569018727405,0.014769626844877013,0.021668510582892403,0.022117521766372415
404,0.04732015974161912,0.07729825551925508,0.035862727028737745,0.2052950009948475,0.18062608661923846,0.26440121569242864,0.08927819789648703,0.0401212166478505,0.060311219374410426,0.0579603972380097,0.048167926374888696,0.08021180553283191,0.15532257713551684,0.07809456232203808,0.17025061597914062,0.09788194709549591,0.12346598430672238,0.158065072246229
407,0.461834708840132,0.5028385005393777,0.5038331056573432,0.5670860562901207,0.5327109074646182,0.5306631956631956,0.44528915927538176,0.5026186317208179,0.506680783137945,0.3884699521043287,0.47507002910803475,0.5365864364539377,0.5167641450052788,0.5118900909598584,0.4663571578251286,0.41084571958700966,0.5085876946492401,0.5186028055311745
408,0.002669301372823011,0.00169052817934511,0.0014220406765063276,0.007341837603840335,0.0057004536076355125,0.010956887424099431,0.04324529963601386,0.010237648194886354,0.014129239585570686,0.007207046422649505,0.01600290183123666,0.0064410295165696204,0.01527133684273431,0.01071165160263923,0.00805851151088841,0.005608366821705113,0.005944457401739098,0.015560718091330292
410,0.6528477719099249,0.7052570327425177,0.6964763747782616,0.8914375098585624,0.6854169411045472,0.7896159396159396,0.6146266087957692,0.7285540285540285,0.6706190191157337,0.48228153873884294,0.7029642882794142,0.7505238935603309,0.7165177708164132,0.617165493144572,0.7360625925105565,0.7828238001314924,0.8630690388043327,0.8592348648122411
411,0.035572701173221755,0.02379241976766424,0.022939194595308476,0.016590930054900453,0.020121547237263566,0.03506325439184791,0.02255857926980365,0.011666178210121681,0.01874642756542081,0.016399138993393927,0.016217641537776103,0.007932994821458941,0.020712104146459277,0.028334687307456852,0.006729120241771803,0.011048962963544838,0.01705684764781962,0.005925231441781236
412,0.05032225723421778,0.06218569140376236,0.040735600144615185,0.6656902957634085,0.6047884940807372,0.5487808368165958,0.09510646243099025,0.10092996676371889,0.053198341904194785,0.11474795718063438,0.07923814436130702,0.10146187636545544,0.09008926899386273,0.10458125447755572,0.18071740946240342,0.24205123034643142,0.2760312969567619,0.14538206269150591
415,0.0369604137377735,0.027414565733911243,0.034157576475806604,0.0957257154401913,0.12073762838339831,0.06563765194691469,0.03627471298564369,0.04493557007177256,0.04255280674561034,0.027581314326660646,0.03718963695020764,0.03393097892691892,0.031778786668632195,0.03192825816694062,0.04944055664134984,0.027778319268419574,0.032288249103651495,0.04354027852123254
416,0.005910249026885096,0.0029093615090003957,0.004638026668645819,0.0022533615608163163,0.0051253827871521876,0.03809198281474331,0.004103511417360082,0.00385228537302287,0.0028626608241717937,0.002835209080616912,0.003545850828436485,0.003344966349226674,0.003817198480971983,0.003290265449474026,0.003881067001217907,0.003638656268901486,0.003248402385526635,0.004251544051686728
419,0.0804689565375901,0.09237586834848598,0.08712368993913466,0.23645992925117718,0.3213793635634839,0.33555687240896653,0.36694149753415456,0.3749380739656439,0.19333688709874916,0.251393895755628,0.18626590707440438,0.2896348861673527,0.20328520879469913,0.1823758362777561,0.13204962820544788,0.3988084952726412,0.36431343443886993,0.2612833898254619
420,0.3691094380304332,0.34749728396572993,0.3342307007920496,0.6767749184313223,0.7179350932328842,0.7195186983842152,0.20211692306385196,0.04737877449628713,0.0563157923592254,0.10758266254684133,0.046361929752457266,0.06888705058762555,0.06141002058163274,0.05548707847520629,0.040956818093435154,0.0845800639580064,0.05845227053695397,0.10740918891322052
421,0.042484877623995325,0.0325557364933245,0.04725434590776375,0.005323645785353899,0.03410198203024101,0.018777497896674204,0.01847878424020963,0.036293997196889756,0.019409576689501124,0.008566282598757486,0.009198703928183767,0.020999615988972885,0.017949617606212644,0.011301943086357973,0.018936593428156318,0.01785397978855958,0.006701355568416303,0.027240085622544995
422,0.12026652023134954,0.12319923817746914,0.12305456484417161,0.32674230256986025,0.3543612838237494,0.23517030266900446,0.09329819520912222,0.07866124167075168,0.07138687692075822,0.15192657936045093,0.12593408443392917,0.19976540605576873,0.11293388369973234,0.25571339158195,0.12794445419659076,0.14784126433309674,0.10565459587960321,0.1070111229167721
423,0.0031322259233869778,0.002513206198851537,0.003483624367771539,0.0044507124790579885,0.0035097536822588067,0.0040076607702315345,0.003765879336640803,0.005669710511205512,0.004737297700140471,0.006833472688497838,0.006023602585089788,0.005918106789393839,0.005121873136141618,0.008240491216554882,0.012259552707484958,0.004423686701577794,0.007729222996761202,0.0054581326439892015
424,0.018571003190288937,0.022344045716074457,0.02930368602982279,0.09665538976529177,0.09639585944406572,0.23468428812276124,0.05119475320721702,0.053618402015092416,0.04452244359272629,0.0444838760643731,0.03591303914814601,0.0625648834941852,0.03071211425409175,0.054220912900225834,0.06942056575583673,0.050637489411661143,0.12462164900418028,0.03208550005407711
425,0.023277978068708804,0.02190403396332875,0.014720117964721233,0.050178904874233154,0.05630019311092006,0.07242346371414345,0.044874503165418085,0.0277976934002508,0.024951376886672084,0.0333353362890806,0.048663482439290466,0.03824179766167915,0.03758296068819662,0.0534714192900583,0.055615526874863694,0.16972450901582534,0.1572405556156056,0.06407397629925783
426,0.010691860424530429,0.00807019839063224,0.00826997842599719,0.010835195168377746,0.012407015034907563,0.012606374748552661,0.00807836356256998,0.008364809456926863,0.008127931582815483,0.008882949851974587,0.008317353982188476,0.012986305479537073,0.029808940030509098,0.010885224298157697,0.008653400588024062,0.008898533579969796,0.007274379982829243,0.008517420946968945
427,0.003484816339669918,0.006853361124157303,0.0031545213703744112,0.0024103904519391334,0.0018274261958821116,0.0018549945482409548,0.007228978477530978,0.016777064398326266,0.005866429907084606,0.005057455183645515,0.004423351914015902,0.0033801219192934545,0.002831480135296496,0.004009722654971768,0.0015082708968402782,0.0025801485804642582,0.0036225701841799598,0.003273797523582877
429,0.042404699269254185,0.048184044702671444,0.03815031056339018,0.03408046691755438,0.03210696125515092,0.0625380922179243,0.014740958223879599,0.024920829901527917,0.018707966454913398,0.013255966237277317,0.02187083250300808,0.030407258189477555,0.022622288752239178,0.014156126382568227,0.03201455987739362,0.03553055587508231,0.017902373890466627,0.020747383389945924
430,0.3400421779282211,0.36954520646805683,0.32304928771458735,0.46610219834130995,0.459315432428121,0.44980202198892094,0.09475619883914263,0.14579002861290818,0.10295379627981589,0.23098959589642817,0.05961743837581681,0.0381700580175995,0.13333324492619533,0.1921303873344359,0.07590791580997935,0.369576147034957,0.20625379652653478,0.22229357695986593
431,0.006722007344609746,0.006629018189080264,0.0063066115985860715,0.012702602471369711,0.03826089120888949,0.049147429209655834,0.0067673609603756,0.010474467738501024,0.0069921619376964745,0.009624184752368575,0.013468416068460836,0.02088572586006129,0.019525184484376783,0.03805269576524658,0.053472127235798285,0.024903854093463372,0.023261210767718886,0.07408463363402258
434,0.005675302020177091,0.012076765510007031,0.01342792883491164,0.02221017737373939,0.006333292618779863,0.01674887465750676,0.004204579053577327,0.003067529595453073,0.004419199686795406,0.006440451559845843,0.004086987778280557,0.007587914590364624,0.027441088481014276,0.003644544509123341,0.0036663593176374243,0.0029968898299811333,0.003133125654042465,0.004172475672332271
435,0.014325206309205179,0.015466543239431528,0.010770461169915112,0.23761151102344913,0.2465099544825464,0.2580405119457653,0.026858461581015344,0.04157857044578059,0.026646895350505417,0.03013307548998233,0.03401947383830501,0.0362933743945075,0.034196491560477674,0.04626277693722441,0.033838041080521346,0.030166349657356237,0.05292202049437944,0.06181706528583266
436,0.005415007416800296,0.005446009348368601,0.005515399409816014,0.02090170080778513,0.012266137434076944,0.0141034892882523,0.005638570110951233,0.013285482943996514,0.033699045555193145,0.04031374120011939,0.015186606645639322,0.031190994192987827,0.025053569513981345,0.035329126983611965,0.02716611988843856,0.020256296241898463,0.024610632117986322,0.01365708762513021
437,0.00418805814621119,0.004115522878698759,0.0035292747880183322,0.03602372806715887,0.04249878873543839,0.04152282471139675,0.008813811607066905,0.0026010898005620646,0.0020729615447578004,0.0028402729952687624,0.03111920990015112,0.0052142181446156385,0.014939352051543236,0.014704689116226643,0.008800731450440311,0.005342191699216921,0.006176141176802024,0.0069013458748514705
438,0.01731819060451531,0.037761932995355574,0.023761159363894613,0.19093236459501697,0.192425316386485,0.25167906317597066,0.012156821826007287,0.013674276036444099,0.022370399070017744,0.011050957259095018,0.009279914805746798,0.006303078003206898,0.04384087175215993,0.019062495069138485,0.11041291191467656,0.014425155062364036,0.02871483477416149,0.07094946899497484
439,0.022695678767807686,0.036674854241120255,0.014792641505894405,0.06264622152376138,0.1909470777640078,0.05875606484732878,0.02584645789847781,0.006878479338445768,0.057811750495833904,0.1704967703766025,0.08647104923978262,0.012481904888098133,0.028036509063861906,0.16975002593935404,0.08477977881385625,0.09145050570411593,0.17505557245237666,0.17276426561233738
441,0.07889424498557124,0.10437877600305205,0.0976231158685429,0.5863886577953964,0.5619676748867813,0.5240405285922188,0.42042754701167845,0.5214836741316782,0.5817388405272444,0.4383534251700962,0.7502158792862874,0.5065369544219421,0.5736782849756026,0.7020540818073561,0.6058874975653693,0.6803400309907109,0.7428883545380448,0.6725095665302552
442,0.33439773444046345,0.4047947878043265,0.3615739826761041,0.47438484546498483,0.52426703703924,0.5079865999056664,0.07279885198226448,0.07659231252409827,0.07462774174121926,0.22387048694153225,0.08372439596413106,0.09684146995290444,0.08704102410002075,0.10998558555521194,0.11639983640909923,0.17858298487251106,0.1915853410764748,0.26467180214908514
444,0.01299992570587616,0.01329359520165852,0.032096916326391174,0.04385973123021878,0.05113289767323463,0.017689698610236577,0.004406027565910981,0.0062574366370756656,0.00816940723303171,0.008491482304981708,0.008149856363931073,0.008927015037495871,0.1188868683333417,0.005971125614998842,0.011775713484775177,0.00788735509559073,0.0062400478492197885,0.006420628650621502
445,0.05476123221742707,0.042440537013778215,0.03143149738414667,0.10350701961654482,0.04595903101543879,0.07942833478545722,0.24787777135145558,0.1321379460875259,0.22514243332425155,0.23714822628546695,0.1176840151352895,0.24658231588561602,0.23295884677981865,0.33073624595469253,0.2646785816064813,0.41496417762547966,0.40834741924484524,0.27694342736678595
446,0.0113042489122296,0.00932366541447273,0.0220092070053114,0.08747483559697301,0.2127932782848037,0.15230934479054778,0.03313708008841597,0.2536321653968713,0.02126005089020526,0.016333217612970373,0.04251864872083785,0.018859104221400354,0.18212121212121213,0.3048306574475565,0.108581535799033,0.014730380479397084,0.14657318712063305,0.05035552758389257
450,0.19411955766599293,0.15841872031723697,0.12308722244994946,0.727717019822283,0.8239828353464717,0.5574686538616157,0.2919670015355049,0.3243668274323548,0.22166976977670713,0.2823292941869082,0.12265663446823458,0.19963951283767994,0.1260441359314596,0.2939864792653595,0.15395299611284008,0.16269229926854736,0.3529345220652048,0.23124239212368855
451,0.0025490083408817384,0.003025210620370781,0.0023311717292083087,0.007691013971316556,0.002926843552379509,0.006856739923148748,0.05932612296702967,0.021140382790404293,0.005002094169494234,0.0059164554462724705,0.004605862388698471,0.0027232866274088836,0.0022231751165749415,0.0034690486848974115,0.0028193682530144927,0.001981160666637765,0.002573664744170047,0.004872645871539563
452,0.07252872132322576,0.0824874988543254,0.09774858216718682,0.2300853958604719,0.4813248766737138,0.2639442211738211,0.1066201497708347,0.30611570202943994,0.6251082251082252,0.26339503467188147,0.2882269828540879,0.26692037837499216,0.4602941176470588,0.2853563841476815,0.13963029558899634,0.5101809954751131,0.200651395173454,0.15533321705257344
453,0.005391205885073505,0.004533418460824149,0.0058583486946791104,0.006832814954383324,0.011525906606728382,0.009299200057815173,0.006338770747904979,0.004088149912090934,0.005048514217627172,0.004066751453583163,0.006755907255642167,0.0057978067868764815,0.00981442576841863,0.006768458122741752,0.003923030452019821,0.005172434997077385,0.0054265418213521885,0.005530446282649567
454,0.07205458407432237,0.03500951256630008,0.03153549032073182,0.5532901776338739,0.5447596106838869,0.5353160995085413,0.07605707948963061,0.043785673644550716,0.07734622350552536,0.04585363892392298,0.10623864127370283,0.0648273263093215,0.10516649538832835,0.16120037013024713,0.07616541969362949,0.13696396687970536,0.06983158949601448,0.13420300354956707
455,0.006709280296478133,0.007345648103062403,0.005427066979912473,0.0027801301013077513,0.004021607056317122,0.0035345366460734283,0.014532000381475325,0.004998465356869836,0.005210064432109767,0.011828632889130013,0.015025840981214516,0.006665064792572404,0.01087599281270479,0.01642276392701801,0.008482034228453846,0.0053408483876246915,0.009923853797180497,0.011250625949952596
456,0.006294396873168208,0.006433007978792689,0.00654890823604256,0.06173881222167723,0.04325654466058831,0.01090916624752103,0.005556306811443804,0.0033391622279335376,0.003962500798271962,0.007254330184860797,0.0032741355359664566,0.0028027485578489934,0.0070520863357956655,0.005946198620375428,0.0031144323423795196,0.0023977990997562817,0.005992245887877382,0.002929831320749214
457,0.03136735186749461,0.026702549963199658,0.025027709907459252,0.008815165932232655,0.014848671201720334,0.01208378996708408,0.021478979706375433,0.01602809119217653,0.020160558926937636,0.021040451993573784,0.019853608451763115,0.02167871474934758,0.03667647220535168,0.022195507935215016,0.029333462876233916,0.032004104997779094,0.03482783435004638,0.049869195585843296
459,0.05400905788701529,0.0921907746343239,0.05605575509051008,0.038286804268993405,0.05221327743477421,0.04829991818980772,0.23841783479792722,0.26491321256824163,0.1906801043334676,0.2650487246906987,0.3220191278118261,0.11060166135591044,0.15976787471424106,0.10850290778447208,0.08102577404458526,0.10245524923943133,0.09612733775056169,0.12283476660752489
460,0.5105111663572689,0.27377419164268657,0.3723529364154364,0.6682220764310316,0.7472027972027973,0.5164640914640916,0.375945281971912,0.3009622872043774,0.4282492868815635,0.3473341719560715,0.4347961222993181,0.20052388859714113,0.2978762422240683,0.3299995618298859,0.33051965003664063,0.5891498584122304,0.6512912661152097,0.6897544473847381
461,0.15267185621583582,0.15474516149491452,0.17961087443271218,0.3449710017335304,0.24486433066684485,0.2916427052066929,0.12911182514167646,0.07756781003059533,0.1958798292423394,0.15726831174499126,0.11172083460406333,0.05644214686683097,0.04232110983514765,0.05441217919232149,0.04721213842346474,0.12297168142313013,0.05934249635152091,0.0904096089428934
462,0.0047396897568316625,0.004201832208842357,0.003963734301149089,0.024617348372057507,0.01581724317252056,0.008584493509533555,0.052270375648464665,0.01615962141868457,0.04695997743746179,0.08920085065400528,0.02804904556660422,0.07170945927089735,0.07801811452615513,0.19915974564721603,0.019146776653473384,0.049547016313087826,0.01752938820080662,0.16403452858456857
463,0.1650601336412579,0.2173593153266264,0.1544401821062367,0.4509853745250147,0.4236649778127664,0.30062832451297533,0.21565908529888048,0.15962820674717176,0.12335992024767087,0.28407157783615017,0.12914719656752555,0.17284349163392915,0.3760291602995221,0.3013494327687222,0.14220965554801687,0.2996686658489297,0.3006511438343281,0.46715303587415247
464,0.07000859715503585,0.07073494042147473,0.1175831359505916,0.5387658131925595,0.6079375844674713,0.5489079031495117,0.11862669866566046,0.12121189737933566,0.10854406745055276,0.22288993850917235,0.08628120423216033,0.06442366725483178,0.07615566916558035,0.18436642312156387,0.19842273614392292,0.08811771822401836,0.1520761077146648,0.1483065055732127
465,0.040765378558489745,0.057820602590688976,0.08768360340751578,0.14194652331291377,0.20974479306892257,0.18137650079884568,0.036398464139467304,0.03498594470351264,0.03203024985302767,0.18942972326044538,0.10618661306898178,0.1218169090763635,0.07286217708771352,0.09254884223324229,0.05120436990920687,0.12839413294720112,0.05328858446759665,0.06519861164964123
467,0.17421921325201284,0.16127857573761403,0.16607235404392384,0.3737354055965669,0.4278705465801626,0.38296633512660844,0.2794621473565847,0.14859943507323534,0.22138207926980305,0.26685079424181357,0.13330218204546176,0.20811429841496415,0.3471152109283999,0.32933758001395985,0.250284507184378,0.39103846665369507,0.1853524918223797,0.2942863519298961
468,0.16914427626715584,0.10713861516510151,0.17399116444481108,0.4101624972818571,0.4168493023532179,0.43427892703444543,0.3995201867252366,0.20624981431411343,0.3359836370306388,0.35926166229902656,0.23844822636654467,0.21961493106100133,0.1894754287466255,0.292573087542746,0.30334305858649524,0.2100786029791814,0.2515160688909253,0.2178304238524891
469,0.022130366830541277,0.02555692540594062,0.030494771336195076,0.049599848511213435,0.09099552013614313,0.038142566704033064,0.027733118886229136,0.039681104555514525,0.04751126632461721,0.039992204670306654,0.02233715404741454,0.01979744587905789,0.06953361219266403,0.03977007891599524,0.042654511699643204,0.04286402190781525,0.03821667881113964,0.041889648426093884
470,0.04754982048618658,0.04573884719808398,0.04421246119340864,0.03886885541761567,0.03817776077540707,0.0805650406119408,0.12325411690759155,0.14128257864051777,0.08171323759684974,0.065110368811342,0.07562907950929101,0.07454913417304954,0.17527770545548088,0.08412705718702232,0.07794020901128171,0.22642210785669056,0.19624361114067598,0.12695062721114678
472,0.007608947196669118,0.005102124601794355,0.0035710557995304363,0.1795361910757101,0.17571588456941076,0.20857610830970605,0.0024473671174576233,0.0028180973209249705,0.0037158737138663677,0.017639886657702837,0.0029233837628916803,0.006048932911040191,0.005493128151878827,0.004285444810491345,0.006629518621341579,0.15098700041297602,0.012660741619092763,0.02296881863114349
475,0.5726428871184536,0.5008658411101163,0.41879345608855767,0.7319261082165704,0.7754130064285139,0.7379733639374596,0.2700736962873983,0.20421582840038155,0.4438429330187411,0.23368315147478122,0.17264965577957417,0.1395651099276754,0.14997399869525632,0.26001056951057894,0.21527389902951471,0.13170039092147318,0.1725958785404156,0.08287772828690956
476,0.010972750299559762,0.015353237748924074,0.008480586974146942,0.003029359089844191,0.011545748014315264,0.00443605724447729,0.00936634263717281,0.008631308065355696,0.005856382907685218,0.004280618972195776,0.004752361046984218,0.006093326100823404,0.009690901212282355,0.01135241549365896,0.008206483301390712,0.01173760256871973,0.0091187355333306,0.007663197739149329
477,0.06319456239684053,0.0388914364888139,0.025578013842607137,0.3699613518298548,0.45121977940790664,0.3184966331765086,0.027176944007844487,0.0701655068596576,0.12790253507762947,0.05872936763843272,0.12190905450333638,0.14610776476081264,0.04596422825489202,0.06503072643235724,0.07050336624349329,0.08710911932695559,0.028757004078190703,0.1765963216237815
478,0.006629595939726106,0.019481287120074183,0.011305802183238277,0.017960420785122888,0.008291864533683933,0.010077167926387468,0.006650710378631433,0.006093538240506364,0.007633815967120142,0.007510918885484861,0.006263076444762197,0.007722584390955415,0.0043375252602083384,0.004223536695130893,0.003214326520251759,0.003937643750986302,0.004953227830332674,0.004240254455890538
479,0.004620014284217659,0.0027956621419385802,0.002670213405077487,0.001937169116502676,0.004763949481323165,0.0032322146117578277,0.003440379408223351,0.004599520677723047,0.0028233858942903153,0.002384352777017928,0.005962914082265202,0.009600910979518014,0.01115957189963646,0.0042991329122060344,0.003063247400624844,0.00561117056153241,0.003504894749568252,0.005322207103084044
480,0.004739980519618108,0.004688518234290979,0.00414352821122363,0.004630764603515041,0.005690159275708608,0.0026350779599642916,0.012125149426915602,0.005041147801787598,0.006393307574910577,0.007962274668786653,0.004883492266314286,0.004750565850926042,0.006801133099953927,0.01243176373151761,0.015846811645334167,0.01613933686792601,0.009184895519315525,0.013168473604858014
481,0.03541884480672966,0.036622266569471866,0.07377283047469657,0.06122714417207308,0.08573648847297578,0.01370744892911481,0.02060231870623365,0.03083640250800816,0.019298194491725085,0.02278620756462692,0.04974671535745917,0.07563402627096895,0.3147694980445956,0.4120353636765833,0.23615868919313834,0.3266637062202299,0.3071153855632632,0.06817662589257373
483,0.006715845068925354,0.0067734873814836475,0.01876346304823249,0.004202585124147203,0.005715978890970667,0.004474554395869424,0.0037098024943024743,0.006019683303238956,0.005312547158322622,0.010960162663534683,0.009881693137777274,0.004022168442947346,0.0074321841062314,0.005888820160989338,0.005802852974854245,0.005951292939707154,0.006384181231094734,0.005563649434682949
486,0.014979600520180377,0.015028380551320768,0.011204431266727865,0.030129339284129895,0.04256845789140997,0.03300178642813012,0.01035808046309767,0.009385279576181701,0.013584774327487831,0.007504794307962278,0.012015485389171653,0.0061325936662948895,0.0076582138073941226,0.012288698230415047,0.010829051754537713,0.008440661770015066,0.009665236034530449,0.013838835395592768
487,0.22396643047297676,0.24053067386086596,0.22762363107036165,0.3097424445318486,0.3009448937360066,0.26506693060361264,0.2070166784618903,0.3294584043712065,0.2378638333860943,0.2585838859842137,0.296801469227573,0.2395507296806002,0.2968956522267692,0.33258558638987845,0.41621328386635814,0.4287572245851293,0.45259317649761294,0.46119381132010073
488,0.02386182197801482,0.01558494008736735,0.013200747636156553,0.029293309801800498,0.017442643958114873,0.033372876130992775,0.014378004052701565,0.11441239673171073,0.01311474005175472,0.009410654045014009,0.03559754959997983,0.01063967117479567,0.04039213582034379,0.03586400206448057,0.05867837638172566,0.016870360784788922,0.15401344526825791,0.1135689251546029
489,0.18315042823431915,0.19972857414843206,0.218465004466165,0.5646912996250744,0.37154923157847136,0.3901329758401223,0.2922915109521955,0.4937431475967121,0.20745712338387143,0.26838955026455025,0.24964460243720707,0.23052581772303724,0.4241423446050939,0.4130359814692954,0.3245546601135245,0.4109379799138835,0.39115182729258247,0.43293185826519154
490,0.061329324569560396,0.047236842015529586,0.059581941616079194,0.05879618490853424,0.08841259121816847,0.040030920925099155,0.018767396132765058,0.011756626216214759,0.006575107043247185,0.012065613022357403,0.023438608962879453,0.011213205155872477,0.016303948373193464,0.01268852239193652,0.009170102293515735,0.01582257505026877,0.007146986717556256,0.0073984403985218146
494,0.00957148823399373,0.009612583167145429,0.008420652853931685,0.12537172933140606,0.09961858278151799,0.07707068476823536,0.018560438234343425,0.08017709733266651,0.0220147315583272,0.02018907836158044,0.051285408555335456,0.026880375504830134,0.03234308498354685,0.022184625006342724,0.03792312814561242,0.1690615334345198,0.14740729840600006,0.04957345878201763
496,0.055200262021856,0.025003616488905027,0.024629931788167612,0.15885282857679933,0.16906201448142394,0.07939957556489173,0.025920796994869957,0.01476888827823951,0.025219560239316208,0.03945570391672743,0.08224904936833888,0.048067661600038475,0.023666707466806856,0.04206370263227749,0.05938421879480629,0.04569427221165447,0.09177067109453076,0.07894870639612286
497,0.005786149120563906,0.005072473418311984,0.00523164107586426,0.18937219323711257,0.1532985982714756,0.1801371993533149,0.0038620842472710517,0.006748127055447605,0.008374125516210891,0.01535117584208025,0.011364795265617747,0.01452619785009766,0.03820166156420752,0.02408366547492613,0.08967878088212777,0.010951082277292688,0.015981713882124427,0.014961442490795077
498,0.21740550165707417,0.1823373560028745,0.20270760188844753,0.8348292546191836,0.7552291746326949,0.8006951290513867,0.11359198838358134,0.13222003608330402,0.09851424584750938,0.038792599130569455,0.0987652001316776,0.058031831370634945,0.07468847658148835,0.15633538436967923,0.06750079210637902,0.13760826150238678,0.06742639443477334,0.05422697417361475
499,0.012204939850739817,0.013417516386328996,0.02486517703999964,0.07890560275003919,0.07403739925178512,0.09439250865468067,0.008630069866511873,0.02354746212831477,0.020203843384303984,0.008295562514301821,0.008918321059270663,0.013044007342335536,0.0061207040581397485,0.01841621390464201,0.007100582733607373,0.03273286128965091,0.010472654608976562,0.062025705309792366
502,0.5352454453605147,0.5038295904108326,0.4005603586722717,0.11720672985878404,0.05326042539056641,0.05178683341233283,0.595049783095858,0.2794844964838348,0.6086582354994056,0.32716891186642977,0.46344037033523616,0.05467030241829488,0.3111456417961876,0.3250283447661502,0.04698283345665199,0.24700827626077662,0.15386398280764008,0.20544930732680533
503,0.004742789071067597,0.0062475006457944245,0.004293079345801926,0.031456845112260136,0.01946309305264348,0.04264613386787941,0.021037543185669933,0.01686227845467601,0.013277089096064888,0.01706570532143729,0.012402519190563885,0.010780827014043625,0.027733273165171955,0.03988342351292707,0.014617951837523365,0.03950146899254739,0.03400980445158597,0.009628677961411387
507,0.027878382709320994,0.05760736610224782,0.11263433271660808,0.23684153396160246,0.21957198252398558,0.18034039674097177,0.05854704917687072,0.04268083736530005,0.03440558517463523,0.08005856009025612,0.08429885486947354,0.07534216343385171,0.25834418193257425,0.1660250459126248,0.11008228386817884,0.0485534339499373,0.09148200293200844,0.05304261625161367
509,0.6500700366094512,0.5369398350583734,0.5138800445615496,0.7392734862851935,0.7316700259203901,0.7601262532576512,0.41872565114258864,0.5093188425573982,0.3903498279426196,0.4329217215414751,0.5117772088717205,0.5244768847572707,0.2237348236777518,0.3779230964113066,0.22406447167529434,0.5422138055794483,0.40617859112758803,0.2803522039912587
510,0.029668126500922636,0.026610788455348765,0.031092284417437614,0.080432198115626,0.08791762735428237,0.06914201681553371,0.10815207129381749,0.06726969790715621,0.06876958576259068,0.05379582472168845,0.053221792756014075,0.0847252585067443,0.05927878676985288,0.08588487356689666,0.056292205352654424,0.1117432083175477,0.06642766425542082,0.06232493941480121
